tenure,Contract,InternetService,PaymentMethod,SeniorCitizen,Partner,Dependents,PaperlessBilling,PhoneService,OnlineSecurity,TechSupport,OnlineBackup,DeviceProtection,StreamingTV,StreamingMovies,MonthlyCharges,TotalCharges,Churn
72,Two year,Fiber optic,Electronic check,0,No,Yes,Yes,Yes,No,No,No,Yes,Yes,Yes,81.67,5754.58,No
24,Month-to-month,No,Electronic check,0,Yes,No,No,No,No internet service,No internet service,No internet service,No internet service,No internet service,No internet service,18.45,462.19,No
54,Two year,No,Mailed check,0,Yes,No,Yes,No,No internet service,No internet service,No internet service,No internet service,No internet service,No internet service,18.1,932.84,No
0,One year,Fiber optic,Electronic check,0,Yes,Yes,Yes,Yes,No,No,No,No,No,No,65.4,67.92,No
25,Month-to-month,Fiber optic,Mailed check,0,No,Yes,No,Yes,No,No,Yes,No,Yes,No,76.95,1829.48,No
64,Two year,DSL,Bank transfer,0,No,No,No,Yes,Yes,No,No,No,No,Yes,58.57,3722.48,No
72,Two year,Fiber optic,Credit card,0,Yes,No,Yes,Yes,No,No,Yes,Yes,No,No,76.3,5500.0,No
41,Two year,No,Bank transfer,0,No,No,No,Yes,No internet service,No internet service,No internet service,No internet service,No internet service,No internet service,18.56,797.26,No
17,Month-to-month,Fiber optic,Electronic check,1,No,Yes,No,Yes,Yes,No,Yes,Yes,No,No,86.77,1511.92,Yes
0,Month-to-month,Fiber optic,Mailed check,0,Yes,Yes,No,Yes,No,No,Yes,No,No,No,71.57,73.5,Yes
0,Month-to-month,Fiber optic,Credit card,1,Yes,No,No,Yes,No,No,Yes,Yes,No,No,80.26,78.93,Yes
62,Two year,Fiber optic,Electronic check,0,No,No,Yes,Yes,No,No,No,No,No,No,62.4,3926.27,No
58,One year,Fiber optic,Credit card,1,Yes,No,No,Yes,Yes,No,No,Yes,Yes,Yes,94.65,5432.25,No
72,Two year,No,Mailed check,1,Yes,No,Yes,Yes,No internet service,No internet service,No internet service,No internet service,No internet service,No internet service,21.67,1586.51,No
25,Month-to-month,Fiber optic,Electronic check,0,No,No,Yes,Yes,No,Yes,Yes,No,Yes,Yes,92.21,2310.48,No
51,Month-to-month,DSL,Electronic check,0,Yes,No,Yes,No,Yes,No,No,Yes,No,Yes,59.34,3161.31,Yes
32,One year,Fiber optic,Credit card,0,No,No,No,Yes,No,Yes,No,Yes,No,Yes,84.89,2627.9,No
32,Month-to-month,Fiber optic,Credit card,0,No,Yes,Yes,Yes,No,No,Yes,Yes,Yes,No,83.51,2586.04,Yes
33,Two year,Fiber optic,Credit card,0,No,Yes,Yes,No,No,No,No,Yes,No,No,72.86,2343.65,No
0,One year,Fiber optic,Electronic check,0,No,Yes,Yes,Yes,No,No,Yes,Yes,Yes,No,85.71,83.14,Yes
30,One year,Fiber optic,Bank transfer,0,No,Yes,No,Yes,No,Yes,No,No,No,Yes,78.75,2328.75,No
16,Month-to-month,Fiber optic,Electronic check,0,Yes,No,Yes,Yes,No,Yes,No,No,No,No,72.66,1211.37,No
58,Two year,No,Mailed check,1,No,No,No,No,No internet service,No internet service,No internet service,No internet service,No internet service,No internet service,24.44,1388.17,No
51,Two year,DSL,Bank transfer,1,Yes,No,No,Yes,No,No,No,No,Yes,No,48.82,2383.11,No
60,Two year,No,Credit card,0,Yes,No,Yes,Yes,No internet service,No internet service,No internet service,No internet service,No internet service,No internet service,21.71,1300.22,No
46,Month-to-month,Fiber optic,Mailed check,0,No,No,No,Yes,No,No,No,No,No,Yes,71.5,3142.56,No
30,Month-to-month,DSL,Mailed check,0,No,No,Yes,Yes,Yes,No,Yes,No,Yes,Yes,72.75,2125.04,No
6,Month-to-month,DSL,Electronic check,0,No,No,No,Yes,Yes,No,Yes,Yes,No,No,60.12,346.16,Yes
0,Month-to-month,Fiber optic,Mailed check,1,No,Yes,Yes,Yes,No,Yes,Yes,No,No,No,82.3,83.49,No
21,One year,Fiber optic,Electronic check,1,Yes,No,No,Yes,Yes,No,Yes,Yes,Yes,No,90.92,1970.08,No
59,One year,DSL,Credit card,0,No,No,No,Yes,Yes,No,No,No,Yes,Yes,61.71,3538.3,No
46,Two year,No,Electronic check,0,Yes,Yes,Yes,Yes,No internet service,No internet service,No internet service,No internet service,No internet service,No internet service,22.32,1022.13,No
29,Month-to-month,DSL,Bank transfer,0,Yes,No,No,Yes,Yes,No,No,No,No,No,51.58,1470.66,No
28,Month-to-month,Fiber optic,Electronic check,0,Yes,Yes,Yes,Yes,No,No,Yes,No,No,No,70.73,1917.51,No
17,Month-to-month,No,Mailed check,0,No,No,No,Yes,No internet service,No internet service,No internet service,No internet service,No internet service,No internet service,18.0,291.7,No
17,Month-to-month,Fiber optic,Electronic check,0,No,Yes,Yes,Yes,Yes,No,Yes,Yes,No,No,78.91,1363.41,Yes
7,Month-to-month,No,Mailed check,0,No,No,Yes,Yes,No internet service,No internet service,No internet service,No internet service,No internet service,No internet service,24.57,167.57,Yes
54,Month-to-month,No,Mailed check,0,No,No,No,Yes,No internet service,No internet service,No internet service,No internet service,No internet service,No internet service,19.4,1021.56,No
3,Month-to-month,No,Bank transfer,1,Yes,Yes,Yes,Yes,No internet service,No internet service,No internet service,No internet service,No internet service,No internet service,24.12,75.14,Yes
56,One year,No,Credit card,0,Yes,Yes,No,Yes,No internet service,No internet service,No internet service,No internet service,No internet service,No internet service,20.85,1156.03,No
31,Month-to-month,Fiber optic,Electronic check,0,Yes,No,No,Yes,Yes,Yes,Yes,Yes,Yes,No,100.48,3089.42,Yes
64,Two year,DSL,Bank transfer,0,Yes,No,No,Yes,No,Yes,No,No,No,Yes,55.25,3627.38,No
36,One year,DSL,Credit card,0,No,No,Yes,No,Yes,No,No,No,Yes,No,65.09,2418.82,No
0,Month-to-month,DSL,Electronic check,0,Yes,No,No,Yes,Yes,No,No,No,No,No,50.29,51.03,Yes
36,Two year,Fiber optic,Credit card,1,No,Yes,No,Yes,No,No,No,Yes,No,No,73.91,2537.86,No
42,Two year,Fiber optic,Credit card,0,Yes,Yes,No,Yes,No,No,No,Yes,No,No,71.35,2889.58,No
24,Month-to-month,Fiber optic,Credit card,1,Yes,No,Yes,Yes,Yes,No,No,Yes,Yes,Yes,87.81,2125.84,No
32,Month-to-month,DSL,Mailed check,0,No,Yes,Yes,No,No,No,No,No,Yes,Yes,65.76,2067.18,No
43,One year,DSL,Bank transfer,0,No,No,Yes,Yes,Yes,No,No,Yes,Yes,No,60.35,2657.05,No
22,Month-to-month,No,Mailed check,0,Yes,No,No,Yes,No internet service,No internet service,No internet service,No internet service,No internet service,No internet service,20.57,455.63,No
35,Month-to-month,DSL,Bank transfer,0,No,No,Yes,Yes,No,No,No,Yes,No,No,50.51,1751.24,No
0,Month-to-month,DSL,Credit card,0,No,Yes,Yes,Yes,Yes,No,No,No,No,Yes,65.37,67.62,No
19,Two year,Fiber optic,Electronic check,0,Yes,No,Yes,Yes,No,No,No,Yes,Yes,No,73.2,1389.19,No
13,One year,DSL,Credit card,0,Yes,No,Yes,Yes,No,No,No,Yes,Yes,Yes,61.24,806.56,No
53,One year,Fiber optic,Mailed check,0,No,Yes,No,Yes,Yes,Yes,No,No,No,Yes,90.37,4645.25,Yes
22,Two year,Fiber optic,Electronic check,0,Yes,Yes,No,Yes,No,Yes,No,No,Yes,Yes,78.15,1684.24,No
18,Month-to-month,Fiber optic,Bank transfer,0,Yes,No,No,Yes,No,No,No,Yes,No,No,69.31,1244.78,No
23,One year,Fiber optic,Credit card,0,Yes,No,Yes,Yes,Yes,No,Yes,No,Yes,No,85.12,1924.57,No
20,Month-to-month,Fiber optic,Mailed check,1,No,Yes,Yes,Yes,No,Yes,No,Yes,Yes,Yes,91.63,1898.66,Yes
16,Month-to-month,DSL,Credit card,0,No,No,Yes,Yes,Yes,No,Yes,Yes,No,No,59.91,932.29,No
42,One year,Fiber optic,Mailed check,0,Yes,No,No,Yes,Yes,Yes,No,No,Yes,Yes,93.52,4079.81,No
12,Month-to-month,Fiber optic,Credit card,1,No,Yes,No,Yes,No,No,No,Yes,Yes,No,77.38,904.11,No
49,One year,Fiber optic,Bank transfer,0,No,Yes,Yes,Yes,No,Yes,Yes,No,No,No,75.12,3617.41,Yes
72,Two year,DSL,Credit card,0,Yes,No,Yes,Yes,No,No,No,Yes,Yes,No,58.74,4314.54,No
58,One year,DSL,Electronic check,0,No,No,No,Yes,No,No,No,No,Yes,Yes,62.22,3514.04,No
32,One year,Fiber optic,Mailed check,0,No,No,Yes,Yes,No,No,Yes,Yes,No,Yes,83.61,2664.95,No
24,One year,Fiber optic,Credit card,0,No,Yes,Yes,Yes,No,Yes,No,Yes,Yes,No,89.26,2096.29,No
21,Month-to-month,No,Electronic check,0,No,No,Yes,Yes,No internet service,No internet service,No internet service,No internet service,No internet service,No internet service,21.65,467.92,Yes
50,Month-to-month,DSL,Mailed check,0,Yes,No,Yes,Yes,Yes,No,No,No,No,Yes,59.84,2863.49,Yes
17,Month-to-month,DSL,Bank transfer,0,Yes,No,Yes,Yes,No,Yes,Yes,No,No,Yes,64.94,1059.11,No
31,Month-to-month,DSL,Bank transfer,0,Yes,Yes,No,Yes,No,Yes,No,Yes,No,No,58.1,1821.08,No
31,Month-to-month,No,Credit card,0,No,Yes,No,Yes,No internet service,No internet service,No internet service,No internet service,No internet service,No internet service,19.91,623.12,No
66,Two year,No,Bank transfer,0,Yes,No,Yes,No,No internet service,No internet service,No internet service,No internet service,No internet service,No internet service,21.69,1421.86,No
38,Month-to-month,Fiber optic,Credit card,0,No,Yes,No,Yes,Yes,Yes,No,No,No,Yes,84.82,3181.04,No
0,Month-to-month,DSL,Mailed check,0,No,No,Yes,Yes,No,Yes,No,Yes,No,No,58.8,60.91,No
3,Month-to-month,Fiber optic,Bank transfer,1,Yes,No,Yes,Yes,Yes,Yes,No,No,No,Yes,81.23,244.3,No
19,Month-to-month,DSL,Credit card,0,No,No,Yes,No,No,Yes,No,No,No,Yes,53.26,1028.77,No
58,One year,Fiber optic,Bank transfer,0,Yes,No,Yes,Yes,No,Yes,No,No,No,No,69.87,4189.29,No
58,One year,Fiber optic,Electronic check,0,Yes,No,No,Yes,No,No,Yes,No,Yes,No,83.1,4915.02,No
53,Two year,No,Mailed check,0,No,No,Yes,Yes,No internet service,No internet service,No internet service,No internet service,No internet service,No internet service,21.55,1165.41,No
54,One year,No,Mailed check,0,Yes,Yes,Yes,No,No internet service,No internet service,No internet service,No internet service,No internet service,No internet service,18.0,934.02,No
11,Month-to-month,Fiber optic,Bank transfer,0,Yes,No,No,Yes,No,No,No,No,Yes,Yes,83.58,888.86,Yes
41,Two year,No,Mailed check,0,No,Yes,Yes,Yes,No internet service,No internet service,No internet service,No internet service,No internet service,No internet service,18.96,741.58,No
0,Month-to-month,Fiber optic,Bank transfer,0,No,No,Yes,Yes,Yes,No,No,No,No,Yes,75.71,74.95,No
16,Month-to-month,DSL,Credit card,0,No,No,Yes,Yes,No,No,No,Yes,Yes,No,55.46,860.69,No
12,Month-to-month,No,Electronic check,0,Yes,No,Yes,Yes,No internet service,No internet service,No internet service,No internet service,No internet service,No internet service,19.56,236.45,No
54,One year,Fiber optic,Bank transfer,0,Yes,No,Yes,Yes,Yes,No,No,No,No,No,65.81,3484.47,No
27,Month-to-month,DSL,Mailed check,0,Yes,Yes,No,Yes,Yes,No,Yes,Yes,Yes,Yes,76.24,1961.22,No
19,Month-to-month,DSL,Electronic check,0,Yes,No,Yes,Yes,No,No,Yes,Yes,No,No,53.44,1058.28,Yes
19,Month-to-month,Fiber optic,Mailed check,0,No,Yes,Yes,Yes,No,Yes,No,No,No,Yes,72.13,1319.07,No
11,Month-to-month,Fiber optic,Mailed check,0,Yes,No,No,No,No,No,No,No,Yes,Yes,81.85,927.23,No
10,One year,Fiber optic,Credit card,0,No,Yes,Yes,Yes,Yes,Yes,No,No,No,No,79.55,787.73,Yes
0,Month-to-month,DSL,Mailed check,0,Yes,Yes,Yes,Yes,No,Yes,No,Yes,No,No,58.11,55.44,Yes
31,Month-to-month,Fiber optic,Electronic check,0,No,Yes,Yes,Yes,No,No,Yes,Yes,No,Yes,86.15,2585.79,Yes
16,Month-to-month,Fiber optic,Mailed check,1,Yes,No,Yes,Yes,No,No,No,Yes,Yes,No,77.81,1229.78,Yes
17,One year,DSL,Credit card,0,Yes,No,Yes,Yes,Yes,No,No,No,Yes,Yes,62.06,1070.61,No
40,Month-to-month,Fiber optic,Bank transfer,0,Yes,No,Yes,Yes,Yes,Yes,Yes,No,Yes,No,88.99,3493.66,No
45,Month-to-month,Fiber optic,Electronic check,0,No,Yes,Yes,No,No,Yes,Yes,Yes,Yes,No,86.75,4006.6,Yes
37,Month-to-month,DSL,Credit card,0,No,No,Yes,Yes,Yes,No,No,Yes,Yes,No,66.91,2397.06,No
61,Two year,DSL,Electronic check,0,No,No,No,Yes,Yes,No,Yes,Yes,Yes,Yes,79.67,5097.7,No
59,Two year,Fiber optic,Electronic check,0,Yes,Yes,Yes,Yes,No,Yes,Yes,No,Yes,Yes,90.25,5436.41,No
38,One year,No,Mailed check,0,No,No,Yes,No,No internet service,No internet service,No internet service,No internet service,No internet service,No internet service,20.54,792.87,No
21,Month-to-month,DSL,Bank transfer,0,No,No,Yes,No,No,No,No,Yes,Yes,Yes,66.41,1345.16,Yes
64,Two year,Fiber optic,Credit card,0,Yes,No,Yes,No,No,No,No,No,No,Yes,68.67,4371.5,No
65,Two year,DSL,Electronic check,0,No,Yes,Yes,Yes,Yes,No,No,No,No,Yes,58.1,3781.5,No
45,One year,DSL,Credit card,0,No,No,Yes,Yes,Yes,No,Yes,No,Yes,Yes,67.57,3118.91,No
0,Month-to-month,DSL,Bank transfer,0,No,No,Yes,Yes,Yes,Yes,No,No,Yes,No,68.39,70.02,No
36,Month-to-month,DSL,Credit card,0,No,No,No,Yes,Yes,Yes,Yes,No,Yes,No,70.4,2635.36,No
21,Month-to-month,DSL,Credit card,0,No,No,No,Yes,Yes,Yes,No,Yes,No,Yes,70.71,1525.42,No
32,Two year,No,Bank transfer,0,Yes,Yes,Yes,Yes,No internet service,No internet service,No internet service,No internet service,No internet service,No internet service,21.17,680.34,No
21,Month-to-month,DSL,Electronic check,1,Yes,No,No,Yes,Yes,Yes,No,No,Yes,No,66.31,1351.22,Yes
23,Month-to-month,No,Electronic check,0,Yes,No,Yes,Yes,No internet service,No internet service,No internet service,No internet service,No internet service,No internet service,18.0,410.84,No
0,Month-to-month,DSL,Credit card,0,Yes,Yes,No,Yes,Yes,No,Yes,No,No,Yes,59.53,61.68,No
28,One year,No,Bank transfer,0,Yes,Yes,No,Yes,No internet service,No internet service,No internet service,No internet service,No internet service,No internet service,18.0,518.72,No
0,Month-to-month,No,Mailed check,0,No,No,No,Yes,No internet service,No internet service,No internet service,No internet service,No internet service,No internet service,18.0,17.71,No
38,Two year,Fiber optic,Credit card,0,No,Yes,Yes,Yes,Yes,No,No,Yes,Yes,No,84.35,3060.22,No
47,One year,Fiber optic,Credit card,0,No,No,No,Yes,No,No,Yes,Yes,No,Yes,87.28,4277.08,Yes
28,One year,DSL,Bank transfer,1,No,Yes,Yes,Yes,No,No,Yes,No,Yes,Yes,61.44,1641.92,Yes
19,Month-to-month,DSL,Credit card,0,Yes,No,No,Yes,No,Yes,Yes,No,No,Yes,62.1,1172.34,No
50,One year,DSL,Electronic check,0,Yes,No,Yes,Yes,No,No,Yes,Yes,Yes,Yes,75.43,3783.73,No
31,One year,No,Bank transfer,0,No,No,Yes,Yes,No internet service,No internet service,No internet service,No internet service,No internet service,No internet service,19.1,586.53,No
50,One year,No,Credit card,0,No,No,Yes,No,No internet service,No internet service,No internet service,No internet service,No internet service,No internet service,18.66,905.53,No
40,Month-to-month,Fiber optic,Electronic check,0,No,Yes,Yes,Yes,No,No,Yes,Yes,Yes,Yes,90.64,3693.84,No
32,Month-to-month,DSL,Electronic check,1,No,Yes,Yes,No,No,No,No,Yes,Yes,Yes,66.32,2106.52,No
28,Month-to-month,Fiber optic,Credit card,0,Yes,Yes,Yes,Yes,No,Yes,No,Yes,No,No,72.89,2140.15,No
32,Month-to-month,DSL,Mailed check,0,No,No,Yes,Yes,Yes,Yes,No,No,No,Yes,62.85,1995.52,No
24,Month-to-month,Fiber optic,Electronic check,0,No,Yes,Yes,No,No,No,Yes,Yes,Yes,Yes,96.5,2416.12,Yes
32,Month-to-month,DSL,Electronic check,0,Yes,No,Yes,Yes,Yes,No,Yes,Yes,No,No,63.95,1974.12,No
0,Month-to-month,DSL,Electronic check,1,No,No,Yes,Yes,No,Yes,No,No,Yes,Yes,69.71,69.54,Yes
37,One year,DSL,Electronic check,0,Yes,No,No,Yes,Yes,Yes,No,Yes,Yes,No,74.12,2615.58,No
24,Month-to-month,DSL,Credit card,0,Yes,No,Yes,Yes,Yes,No,No,Yes,Yes,No,62.93,1572.61,No
53,Two year,Fiber optic,Bank transfer,0,Yes,No,No,Yes,No,No,No,Yes,No,No,67.46,3487.48,No
72,One year,Fiber optic,Bank transfer,0,No,No,Yes,Yes,Yes,Yes,Yes,No,No,No,80.71,5586.59,No
15,Month-to-month,Fiber optic,Electronic check,0,No,Yes,Yes,Yes,No,No,No,No,No,No,68.33,1068.92,Yes
9,One year,No,Mailed check,0,No,Yes,Yes,Yes,No internet service,No internet service,No internet service,No internet service,No internet service,No internet service,20.47,190.27,No
19,Month-to-month,No,Electronic check,0,No,No,Yes,Yes,No internet service,No internet service,No internet service,No internet service,No internet service,No internet service,18.96,368.73,No
67,Two year,Fiber optic,Credit card,0,Yes,Yes,No,Yes,No,No,No,No,Yes,No,69.44,4504.45,No
4,Month-to-month,Fiber optic,Credit card,0,No,No,Yes,Yes,No,No,Yes,No,No,Yes,73.07,290.44,No
53,Two year,Fiber optic,Mailed check,0,Yes,No,Yes,Yes,Yes,No,No,No,Yes,Yes,81.0,4441.44,No
17,Month-to-month,DSL,Credit card,1,No,No,No,Yes,No,No,No,No,No,No,44.67,777.59,Yes
17,Month-to-month,Fiber optic,Electronic check,0,Yes,Yes,No,No,Yes,Yes,Yes,No,Yes,No,90.5,1476.34,Yes
8,Month-to-month,Fiber optic,Electronic check,0,No,Yes,No,Yes,Yes,No,Yes,No,No,Yes,83.0,674.87,Yes
72,Two year,Fiber optic,Bank transfer,1,No,No,Yes,Yes,No,Yes,No,No,Yes,No,74.86,5556.38,No
72,One year,Fiber optic,Mailed check,1,Yes,Yes,No,No,Yes,Yes,No,No,Yes,Yes,89.83,6171.27,No
5,Month-to-month,Fiber optic,Credit card,0,No,Yes,Yes,Yes,No,No,No,No,No,No,67.03,342.41,No
0,Month-to-month,Fiber optic,Electronic check,0,No,No,Yes,Yes,No,Yes,Yes,No,No,Yes,86.92,90.43,Yes
11,Month-to-month,DSL,Credit card,1,Yes,No,No,Yes,No,No,No,No,Yes,No,51.58,565.38,Yes
41,Month-to-month,DSL,Electronic check,0,Yes,No,No,Yes,No,No,No,Yes,No,Yes,55.94,2350.57,No
14,Month-to-month,Fiber optic,Electronic check,0,No,No,No,Yes,Yes,No,No,No,No,Yes,72.36,990.33,No
24,Month-to-month,DSL,Mailed check,0,Yes,No,Yes,Yes,No,No,Yes,No,No,Yes,57.03,1384.25,Yes
39,Two year,DSL,Credit card,0,Yes,Yes,No,No,No,No,No,No,No,Yes,53.17,2122.04,No
72,Two year,No,Bank transfer,0,No,No,Yes,No,No internet service,No internet service,No internet service,No internet service,No internet service,No internet service,20.63,1504.59,No
13,Month-to-month,No,Bank transfer,0,No,No,No,Yes,No internet service,No internet service,No internet service,No internet service,No internet service,No internet service,18.05,226.4,No
42,One year,Fiber optic,Electronic check,1,Yes,No,No,Yes,Yes,No,Yes,Yes,Yes,No,88.76,3804.74,No
5,Month-to-month,No,Electronic check,0,No,No,Yes,Yes,No internet service,No internet service,No internet service,No internet service,No internet service,No internet service,19.15,97.92,Yes
24,One year,DSL,Electronic check,0,No,Yes,Yes,No,No,No,No,No,No,No,43.77,1088.57,Yes
18,Month-to-month,DSL,Credit card,0,No,No,No,Yes,No,Yes,Yes,Yes,Yes,No,66.56,1248.72,No
40,One year,Fiber optic,Electronic check,0,No,No,Yes,Yes,Yes,No,Yes,No,Yes,No,84.08,3232.22,No
52,One year,Fiber optic,Electronic check,0,Yes,No,No,No,No,No,Yes,No,No,No,70.94,3728.03,Yes
27,Two year,Fiber optic,Bank transfer,0,Yes,Yes,No,No,No,Yes,No,No,No,Yes,78.81,2099.52,No
3,Month-to-month,No,Bank transfer,0,No,No,No,Yes,No internet service,No internet service,No internet service,No internet service,No internet service,No internet service,19.5,58.23,Yes
43,Two year,DSL,Mailed check,1,No,No,Yes,Yes,No,Yes,No,No,No,Yes,56.31,2406.44,No
20,Month-to-month,Fiber optic,Electronic check,0,No,No,No,Yes,Yes,No,No,No,Yes,Yes,79.97,1574.43,Yes
0,Month-to-month,DSL,Mailed check,0,No,Yes,No,Yes,Yes,No,No,No,Yes,Yes,58.1,59.47,No
36,One year,Fiber optic,Bank transfer,0,Yes,Yes,Yes,No,No,No,Yes,Yes,No,Yes,83.49,3112.05,Yes
8,Month-to-month,Fiber optic,Electronic check,0,No,No,Yes,Yes,Yes,No,Yes,No,No,No,77.41,629.42,Yes
52,Two year,DSL,Bank transfer,0,Yes,Yes,No,Yes,Yes,No,Yes,No,No,Yes,65.9,3292.71,No
42,Two year,DSL,Electronic check,0,No,No,Yes,No,No,No,No,Yes,Yes,Yes,63.4,2560.23,No
2,Month-to-month,No,Credit card,0,No,No,Yes,No,No internet service,No internet service,No internet service,No internet service,No internet service,No internet service,18.2,36.15,Yes
59,Two year,DSL,Credit card,0,No,No,Yes,Yes,No,No,Yes,No,No,No,53.3,2999.84,No
36,Month-to-month,DSL,Electronic check,0,Yes,No,Yes,Yes,Yes,No,Yes,No,No,No,57.95,2155.61,Yes
31,Month-to-month,No,Mailed check,0,No,No,Yes,Yes,No internet service,No internet service,No internet service,No internet service,No internet service,No internet service,21.65,655.91,Yes
36,Month-to-month,Fiber optic,Mailed check,0,Yes,No,Yes,Yes,No,No,Yes,No,No,Yes,73.51,2657.61,Yes
72,Two year,DSL,Credit card,0,Yes,Yes,Yes,Yes,Yes,Yes,No,Yes,No,Yes,72.47,5472.78,No
15,Month-to-month,DSL,Mailed check,1,Yes,No,No,No,No,No,Yes,Yes,No,Yes,64.64,951.41,No
48,Month-to-month,Fiber optic,Bank transfer,0,Yes,Yes,No,Yes,No,No,Yes,No,Yes,No,73.02,3587.16,No
30,Month-to-month,Fiber optic,Electronic check,0,Yes,Yes,Yes,Yes,Yes,No,No,Yes,No,No,85.69,2673.53,No
39,Two year,Fiber optic,Electronic check,0,Yes,No,Yes,Yes,No,No,Yes,No,No,Yes,80.39,3098.77,No
43,Two year,Fiber optic,Bank transfer,0,Yes,No,Yes,Yes,No,No,Yes,No,Yes,No,76.25,3219.61,No
40,One year,DSL,Bank transfer,1,Yes,No,No,Yes,No,No,No,Yes,No,Yes,59.71,2445.11,No
68,Two year,Fiber optic,Credit card,0,No,No,No,Yes,No,No,No,No,No,No,63.71,4144.56,No
50,Two year,DSL,Credit card,1,No,No,No,No,No,No,No,No,Yes,No,51.05,2429.66,No
2,Month-to-month,Fiber optic,Bank transfer,1,Yes,No,Yes,Yes,No,No,No,No,No,Yes,69.05,138.93,Yes
31,Month-to-month,Fiber optic,Mailed check,1,Yes,Yes,Yes,Yes,Yes,No,No,Yes,Yes,No,86.6,2554.67,Yes
36,Two year,Fiber optic,Credit card,0,Yes,No,No,Yes,No,No,Yes,No,Yes,No,79.48,2833.25,No
43,One year,Fiber optic,Credit card,1,Yes,No,No,Yes,No,No,No,No,Yes,No,70.29,3157.91,No
19,Month-to-month,No,Credit card,0,No,No,No,Yes,No internet service,No internet service,No internet service,No internet service,No internet service,No internet service,20.89,381.84,No
0,Month-to-month,Fiber optic,Credit card,0,No,No,No,Yes,No,Yes,No,Yes,Yes,No,79.58,80.21,Yes
66,One year,Fiber optic,Mailed check,0,Yes,No,Yes,Yes,Yes,No,Yes,Yes,Yes,Yes,98.16,6178.48,No
18,Month-to-month,Fiber optic,Bank transfer,0,Yes,No,No,Yes,Yes,No,No,Yes,No,Yes,83.34,1450.9,Yes
35,Two year,Fiber optic,Bank transfer,1,Yes,Yes,Yes,Yes,No,No,No,Yes,No,Yes,75.81,2679.21,No
19,Month-to-month,DSL,Electronic check,0,Yes,No,Yes,Yes,No,Yes,No,Yes,No,Yes,67.83,1290.88,No
0,Month-to-month,No,Bank transfer,0,No,No,No,Yes,No internet service,No internet service,No internet service,No internet service,No internet service,No internet service,23.73,23.99,Yes
60,Two year,Fiber optic,Mailed check,0,No,No,Yes,Yes,No,Yes,No,No,Yes,Yes,80.42,4721.36,No
32,Month-to-month,DSL,Mailed check,0,No,No,Yes,Yes,Yes,No,No,No,No,No,50.05,1576.79,No
61,Month-to-month,DSL,Electronic check,0,No,No,Yes,Yes,Yes,No,No,Yes,Yes,Yes,67.81,4290.78,No
40,One year,No,Bank transfer,0,No,Yes,Yes,No,No internet service,No internet service,No internet service,No internet service,No internet service,No internet service,18.89,737.66,No
43,Two year,DSL,Bank transfer,0,Yes,No,Yes,Yes,No,Yes,Yes,Yes,No,No,69.04,3012.02,No
21,Month-to-month,Fiber optic,Mailed check,0,No,No,Yes,Yes,Yes,Yes,Yes,Yes,Yes,No,97.78,2001.35,No
41,Month-to-month,DSL,Electronic check,0,No,Yes,Yes,Yes,Yes,No,No,Yes,Yes,Yes,69.97,2951.16,No
62,Two year,No,Mailed check,0,Yes,No,Yes,Yes,No internet service,No internet service,No internet service,No internet service,No internet service,No internet service,21.09,1341.03,No
67,Two year,DSL,Electronic check,0,No,Yes,No,Yes,No,No,Yes,No,Yes,Yes,65.12,4536.56,No
30,Month-to-month,No,Electronic check,0,No,Yes,Yes,Yes,No internet service,No internet service,No internet service,No internet service,No internet service,No internet service,19.35,563.51,Yes
26,Month-to-month,No,Mailed check,1,Yes,No,No,Yes,No internet service,No internet service,No internet service,No internet service,No internet service,No internet service,21.67,563.75,No
0,Month-to-month,Fiber optic,Credit card,1,No,No,Yes,Yes,Yes,No,Yes,No,No,No,80.52,77.77,No
0,Month-to-month,No,Mailed check,1,Yes,No,No,Yes,No internet service,No internet service,No internet service,No internet service,No internet service,No internet service,18.0,17.92,No
0,Month-to-month,DSL,Bank transfer,1,Yes,No,No,Yes,No,No,No,No,No,No,44.91,45.71,No
19,One year,DSL,Credit card,0,Yes,No,No,Yes,No,Yes,No,Yes,Yes,Yes,69.62,1282.91,No
1,Month-to-month,DSL,Mailed check,0,No,Yes,Yes,Yes,Yes,No,Yes,Yes,Yes,Yes,84.28,84.28,No
48,Month-to-month,No,Credit card,0,No,No,No,Yes,No internet service,No internet service,No internet service,No internet service,No internet service,No internet service,21.82,1097.33,Yes
27,One year,DSL,Electronic check,0,No,No,Yes,Yes,No,Yes,No,No,No,No,53.43,1396.74,No
40,One year,DSL,Mailed check,1,No,No,No,Yes,No,Yes,No,No,No,Yes,51.82,2027.78,No
14,Month-to-month,Fiber optic,Electronic check,0,Yes,No,Yes,Yes,No,No,Yes,No,Yes,Yes,82.67,1129.86,Yes
57,Two year,DSL,Mailed check,1,No,Yes,Yes,Yes,No,No,Yes,Yes,No,Yes,58.84,3447.02,No
39,One year,No,Credit card,0,Yes,No,Yes,Yes,No internet service,No internet service,No internet service,No internet service,No internet service,No internet service,18.0,731.21,No
18,One year,DSL,Bank transfer,1,Yes,Yes,No,Yes,Yes,Yes,Yes,Yes,No,No,67.35,1247.8,No
28,Month-to-month,Fiber optic,Bank transfer,0,No,No,No,Yes,No,No,Yes,Yes,No,Yes,81.15,2284.57,No
7,Month-to-month,No,Electronic check,0,Yes,No,Yes,Yes,No internet service,No internet service,No internet service,No internet service,No internet service,No internet service,19.44,130.29,Yes
43,Two year,No,Credit card,1,No,No,Yes,No,No internet service,No internet service,No internet service,No internet service,No internet service,No internet service,21.34,903.98,No
13,Month-to-month,DSL,Mailed check,0,Yes,No,No,Yes,No,No,Yes,Yes,Yes,No,64.24,810.57,Yes
31,Month-to-month,Fiber optic,Electronic check,0,No,No,No,Yes,Yes,No,No,No,No,No,74.33,2286.05,No
8,Month-to-month,DSL,Credit card,0,Yes,No,Yes,Yes,No,No,No,No,No,No,45.92,363.32,Yes
39,One year,Fiber optic,Mailed check,0,No,Yes,No,No,No,No,Yes,No,No,Yes,78.48,3156.74,Yes
60,Two year,Fiber optic,Mailed check,0,No,No,Yes,Yes,Yes,Yes,No,Yes,Yes,Yes,95.55,5847.17,No
22,Month-to-month,DSL,Electronic check,0,Yes,No,Yes,Yes,No,No,Yes,Yes,No,No,63.29,1426.05,Yes
57,Two year,No,Electronic check,0,No,No,Yes,Yes,No internet service,No internet service,No internet service,No internet service,No internet service,No internet service,20.27,1209.96,No
0,Month-to-month,Fiber optic,Credit card,0,No,Yes,No,No,Yes,No,No,No,No,No,67.63,68.2,Yes
40,One year,No,Mailed check,1,Yes,No,Yes,Yes,No internet service,No internet service,No internet service,No internet service,No internet service,No internet service,18.58,761.86,No
23,One year,No,Credit card,0,No,No,No,Yes,No internet service,No internet service,No internet service,No internet service,No internet service,No internet service,18.0,397.85,No
0,Month-to-month,Fiber optic,Electronic check,0,Yes,No,Yes,Yes,Yes,Yes,No,Yes,Yes,No,93.05,89.3,Yes
11,Month-to-month,Fiber optic,Bank transfer,0,No,Yes,No,Yes,No,No,No,Yes,No,Yes,81.13,868.88,No
10,Month-to-month,DSL,Bank transfer,0,Yes,Yes,Yes,Yes,No,No,No,Yes,No,Yes,58.44,593.97,No
72,Two year,DSL,Bank transfer,0,No,No,No,Yes,No,Yes,No,Yes,Yes,No,62.39,4423.0,No
54,One year,Fiber optic,Mailed check,0,Yes,No,Yes,Yes,No,No,Yes,Yes,No,Yes,90.42,5084.8,No
67,Two year,DSL,Bank transfer,0,No,No,Yes,Yes,No,No,No,Yes,No,Yes,60.55,3897.16,No
47,Two year,DSL,Bank transfer,0,No,No,Yes,Yes,No,No,No,No,Yes,Yes,58.01,2711.42,No
15,Month-to-month,DSL,Credit card,1,No,No,Yes,No,No,Yes,Yes,No,Yes,No,58.57,862.21,Yes
72,Two year,DSL,Electronic check,0,No,No,Yes,Yes,Yes,No,Yes,Yes,No,Yes,75.6,5362.0,No
8,Month-to-month,Fiber optic,Mailed check,0,No,No,Yes,Yes,No,Yes,No,Yes,No,Yes,80.24,657.1,Yes
22,Month-to-month,Fiber optic,Bank transfer,0,No,Yes,Yes,Yes,No,Yes,No,No,No,Yes,79.67,1756.75,No
72,Two year,Fiber optic,Electronic check,1,Yes,No,Yes,Yes,No,Yes,Yes,No,No,No,79.73,5547.92,No
42,Two year,No,Electronic check,0,No,No,Yes,Yes,No internet service,No internet service,No internet service,No internet service,No internet service,No internet service,20.02,806.35,No
20,Month-to-month,No,Credit card,0,No,Yes,Yes,Yes,No internet service,No internet service,No internet service,No internet service,No internet service,No internet service,21.85,430.01,Yes
18,Month-to-month,No,Electronic check,0,Yes,No,Yes,Yes,No internet service,No internet service,No internet service,No internet service,No internet service,No internet service,19.91,353.51,Yes
24,One year,Fiber optic,Electronic check,0,No,No,Yes,No,No,No,Yes,No,Yes,No,80.25,2013.48,Yes
66,Two year,DSL,Bank transfer,0,Yes,No,Yes,Yes,No,Yes,No,Yes,No,Yes,63.59,4141.47,No
20,One year,Fiber optic,Electronic check,0,No,Yes,Yes,Yes,Yes,No,No,No,No,No,70.47,1380.16,No
30,Month-to-month,Fiber optic,Electronic check,1,Yes,Yes,No,Yes,Yes,No,Yes,No,No,Yes,88.39,2537.53,Yes
25,Month-to-month,Fiber optic,Electronic check,0,No,No,No,Yes,Yes,Yes,Yes,Yes,No,Yes,98.04,2455.94,No
32,Month-to-month,No,Electronic check,0,Yes,Yes,Yes,Yes,No internet service,No internet service,No internet service,No internet service,No internet service,No internet service,18.0,564.0,No
35,One year,Fiber optic,Mailed check,1,Yes,Yes,Yes,Yes,No,No,Yes,No,Yes,Yes,81.0,2883.3,Yes
60,Two year,DSL,Credit card,0,No,No,Yes,Yes,Yes,No,No,No,Yes,No,59.09,3418.88,No
34,Month-to-month,No,Mailed check,0,Yes,No,Yes,Yes,No internet service,No internet service,No internet service,No internet service,No internet service,No internet service,18.0,629.42,Yes
0,Month-to-month,DSL,Mailed check,0,Yes,Yes,Yes,Yes,Yes,No,No,Yes,No,No,54.87,55.51,Yes
0,Month-to-month,Fiber optic,Bank transfer,0,No,No,No,Yes,No,No,No,No,No,No,65.72,64.38,Yes
47,One year,No,Electronic check,0,No,No,No,Yes,No internet service,No internet service,No internet service,No internet service,No internet service,No internet service,22.77,1094.43,No
67,Two year,DSL,Mailed check,0,No,No,No,Yes,No,Yes,No,Yes,No,No,63.25,4372.14,No
20,Month-to-month,DSL,Mailed check,0,Yes,Yes,Yes,Yes,Yes,Yes,No,No,Yes,No,62.87,1293.13,No
33,Month-to-month,DSL,Mailed check,0,Yes,No,Yes,Yes,Yes,Yes,No,Yes,Yes,Yes,76.15,2634.53,No
32,One year,No,Mailed check,0,No,No,Yes,Yes,No internet service,No internet service,No internet service,No internet service,No internet service,No internet service,22.5,735.7,No
38,Month-to-month,DSL,Electronic check,0,No,No,Yes,Yes,No,Yes,No,Yes,No,No,56.22,2107.73,No
53,Two year,DSL,Credit card,0,No,Yes,Yes,No,Yes,No,No,No,Yes,No,59.23,3006.87,No
6,Month-to-month,DSL,Credit card,0,Yes,Yes,No,Yes,Yes,Yes,No,Yes,Yes,No,74.21,453.28,No
41,Month-to-month,Fiber optic,Credit card,0,No,No,Yes,No,No,No,No,No,Yes,No,74.97,3142.83,No
67,Two year,No,Electronic check,0,No,Yes,No,No,No internet service,No internet service,No internet service,No internet service,No internet service,No internet service,18.0,1204.57,No
11,Month-to-month,Fiber optic,Bank transfer,0,Yes,No,No,Yes,No,No,Yes,No,Yes,Yes,86.98,939.07,Yes
11,Month-to-month,Fiber optic,Bank transfer,0,No,No,No,No,No,No,No,No,Yes,No,69.11,778.88,Yes
28,Month-to-month,Fiber optic,Electronic check,0,Yes,No,No,Yes,No,No,No,Yes,Yes,Yes,85.76,2350.53,Yes
2,Month-to-month,Fiber optic,Credit card,0,No,No,Yes,Yes,Yes,No,Yes,Yes,No,No,83.31,159.88,Yes
23,Month-to-month,Fiber optic,Bank transfer,1,Yes,No,No,Yes,No,No,Yes,No,No,No,67.77,1522.83,Yes
15,Month-to-month,DSL,Electronic check,0,No,Yes,No,Yes,Yes,Yes,Yes,No,No,Yes,69.03,1059.77,No
21,Month-to-month,Fiber optic,Credit card,0,No,No,No,Yes,Yes,No,No,No,Yes,Yes,77.91,1611.59,No
0,Month-to-month,Fiber optic,Electronic check,0,Yes,No,No,Yes,Yes,No,No,No,No,No,74.2,72.21,Yes
23,One year,No,Mailed check,0,No,Yes,No,Yes,No internet service,No internet service,No internet service,No internet service,No internet service,No internet service,18.96,435.47,No
42,One year,No,Electronic check,0,Yes,No,No,Yes,No internet service,No internet service,No internet service,No internet service,No internet service,No internet service,19.59,849.63,No
35,Month-to-month,DSL,Electronic check,0,Yes,No,Yes,Yes,No,Yes,No,No,Yes,No,56.96,1981.95,No
16,Month-to-month,Fiber optic,Credit card,0,No,Yes,Yes,Yes,No,No,No,No,Yes,Yes,76.85,1241.56,Yes
30,Month-to-month,Fiber optic,Bank transfer,0,No,No,Yes,Yes,No,Yes,No,No,No,Yes,74.47,2228.88,No
30,Two year,Fiber optic,Electronic check,1,Yes,No,No,Yes,No,No,Yes,No,No,Yes,80.11,2419.13,No
47,Two year,Fiber optic,Bank transfer,0,Yes,Yes,Yes,Yes,Yes,No,Yes,No,Yes,No,84.6,4055.73,No
22,Month-to-month,No,Credit card,0,Yes,Yes,No,No,No internet service,No internet service,No internet service,No internet service,No internet service,No internet service,19.84,453.26,No
17,Month-to-month,DSL,Credit card,1,Yes,Yes,Yes,Yes,No,No,Yes,No,Yes,No,59.46,996.15,No
30,Month-to-month,Fiber optic,Credit card,0,Yes,No,No,Yes,Yes,No,No,No,Yes,No,76.84,2404.38,Yes
14,Month-to-month,No,Credit card,0,Yes,No,No,Yes,No internet service,No internet service,No internet service,No internet service,No internet service,No internet service,19.93,273.07,No
34,One year,Fiber optic,Bank transfer,0,No,No,Yes,Yes,Yes,No,No,No,Yes,No,77.54,2753.19,Yes
28,Month-to-month,Fiber optic,Mailed check,1,Yes,No,Yes,Yes,No,Yes,Yes,No,Yes,Yes,92.18,2510.87,No
9,Month-to-month,Fiber optic,Credit card,0,No,No,No,Yes,Yes,Yes,Yes,No,No,No,83.31,722.11,No
3,Month-to-month,Fiber optic,Electronic check,0,Yes,Yes,Yes,Yes,No,No,No,No,Yes,Yes,80.33,243.44,Yes
25,Month-to-month,No,Electronic check,0,No,No,Yes,Yes,No internet service,No internet service,No internet service,No internet service,No internet service,No internet service,18.0,466.18,Yes
3,Month-to-month,Fiber optic,Mailed check,0,Yes,No,No,Yes,No,No,No,Yes,No,Yes,75.79,236.91,No
72,Two year,DSL,Electronic check,1,Yes,Yes,No,Yes,No,No,Yes,No,Yes,Yes,64.81,4821.25,No
0,Month-to-month,Fiber optic,Bank transfer,1,No,Yes,No,Yes,No,Yes,Yes,Yes,Yes,Yes,105.56,102.5,Yes
49,Two year,No,Credit card,0,Yes,No,Yes,Yes,No internet service,No internet service,No internet service,No internet service,No internet service,No internet service,20.33,1038.89,No
44,Month-to-month,DSL,Mailed check,0,Yes,No,No,Yes,No,No,No,Yes,Yes,Yes,62.08,2844.72,No
72,Two year,DSL,Mailed check,0,Yes,No,No,Yes,No,No,No,Yes,No,No,44.62,3052.45,No
53,Two year,Fiber optic,Mailed check,0,No,No,No,Yes,No,No,No,No,No,Yes,76.67,3953.74,No
72,Two year,No,Bank transfer,0,Yes,Yes,No,Yes,No internet service,No internet service,No internet service,No internet service,No internet service,No internet service,18.39,1278.4,No
66,Two year,DSL,Electronic check,0,Yes,Yes,No,Yes,Yes,No,Yes,No,Yes,No,62.09,4240.62,No
46,Two year,Fiber optic,Electronic check,0,Yes,No,Yes,Yes,No,Yes,No,No,Yes,No,75.15,3480.06,No
45,One year,No,Bank transfer,1,No,No,Yes,Yes,No internet service,No internet service,No internet service,No internet service,No internet service,No internet service,18.0,773.62,No
40,Two year,Fiber optic,Mailed check,0,No,No,No,Yes,No,No,No,No,No,Yes,72.68,2839.83,No
0,Month-to-month,Fiber optic,Mailed check,0,Yes,Yes,No,Yes,No,Yes,Yes,No,No,Yes,83.3,82.16,No
26,Month-to-month,DSL,Electronic check,1,Yes,Yes,No,No,Yes,No,Yes,Yes,No,No,62.22,1588.08,Yes
27,Month-to-month,Fiber optic,Electronic check,0,No,No,Yes,Yes,No,No,No,No,No,No,64.51,1806.53,Yes
35,Two year,DSL,Bank transfer,0,No,Yes,No,Yes,No,No,No,No,Yes,No,54.07,1886.78,No
16,Month-to-month,Fiber optic,Mailed check,0,Yes,Yes,No,No,Yes,Yes,Yes,No,No,Yes,88.95,1385.61,No
0,Month-to-month,Fiber optic,Mailed check,0,No,No,Yes,Yes,Yes,No,Yes,Yes,No,No,83.53,82.35,No
31,One year,Fiber optic,Credit card,0,No,No,Yes,Yes,No,No,Yes,Yes,Yes,No,88.52,2674.66,Yes
11,Month-to-month,Fiber optic,Bank transfer,0,Yes,Yes,No,Yes,Yes,No,No,Yes,No,Yes,81.52,914.22,No
30,Month-to-month,No,Electronic check,0,No,No,Yes,Yes,No internet service,No internet service,No internet service,No internet service,No internet service,No internet service,18.0,526.58,Yes
10,Month-to-month,DSL,Bank transfer,0,No,No,Yes,Yes,Yes,No,No,Yes,Yes,Yes,80.16,761.9,No
0,Month-to-month,DSL,Electronic check,0,Yes,No,Yes,Yes,Yes,No,No,No,Yes,No,52.8,52.88,Yes
45,Month-to-month,Fiber optic,Electronic check,0,Yes,Yes,Yes,Yes,Yes,No,Yes,No,No,No,74.09,3329.78,No
26,Month-to-month,DSL,Bank transfer,0,Yes,No,No,Yes,Yes,Yes,No,No,Yes,Yes,69.89,1804.6,No
32,Month-to-month,Fiber optic,Electronic check,0,Yes,No,No,Yes,No,No,No,No,No,No,66.9,2163.68,No
28,Month-to-month,Fiber optic,Electronic check,0,No,No,No,Yes,No,No,No,No,Yes,No,70.24,1964.81,No
33,Month-to-month,DSL,Credit card,1,No,No,No,Yes,No,Yes,Yes,No,No,No,53.07,1791.53,Yes
45,One year,DSL,Bank transfer,0,No,No,No,No,No,Yes,No,Yes,Yes,No,64.84,2943.51,No
25,Month-to-month,DSL,Credit card,0,No,No,Yes,Yes,Yes,Yes,Yes,No,Yes,No,72.53,1747.48,No
56,Two year,No,Credit card,0,Yes,No,Yes,Yes,No internet service,No internet service,No internet service,No internet service,No internet service,No internet service,20.26,1127.76,No
47,Two year,No,Electronic check,0,Yes,Yes,Yes,Yes,No internet service,No internet service,No internet service,No internet service,No internet service,No internet service,23.23,1093.9,No
32,Month-to-month,Fiber optic,Bank transfer,0,No,No,Yes,Yes,No,No,Yes,No,No,Yes,84.24,2758.71,Yes
14,Month-to-month,Fiber optic,Mailed check,0,Yes,No,Yes,Yes,No,No,No,No,Yes,No,74.52,1021.66,No
20,Month-to-month,Fiber optic,Bank transfer,0,Yes,No,No,Yes,No,Yes,No,Yes,No,Yes,79.14,1514.05,Yes
60,Two year,No,Mailed check,0,No,No,Yes,Yes,No internet service,No internet service,No internet service,No internet service,No internet service,No internet service,20.79,1219.03,No
45,One year,No,Electronic check,1,No,No,Yes,Yes,No internet service,No internet service,No internet service,No internet service,No internet service,No internet service,19.96,926.7,Yes
38,Two year,No,Electronic check,0,Yes,No,Yes,Yes,No internet service,No internet service,No internet service,No internet service,No internet service,No internet service,19.15,749.25,Yes
21,Month-to-month,Fiber optic,Bank transfer,0,No,No,No,No,Yes,Yes,No,No,No,Yes,85.34,1716.13,No
22,One year,No,Electronic check,1,Yes,No,Yes,Yes,No internet service,No internet service,No internet service,No internet service,No internet service,No internet service,18.0,378.6,No
21,Month-to-month,DSL,Bank transfer,0,No,No,No,Yes,No,Yes,No,No,Yes,No,59.12,1218.32,No
50,One year,No,Credit card,0,No,No,Yes,Yes,No internet service,No internet service,No internet service,No internet service,No internet service,No internet service,19.55,964.68,No
47,Month-to-month,DSL,Bank transfer,0,No,No,Yes,Yes,No,No,Yes,No,No,Yes,57.06,2704.4,No
47,One year,Fiber optic,Mailed check,0,Yes,No,Yes,Yes,Yes,No,No,Yes,No,No,75.48,3711.35,No
68,Two year,Fiber optic,Electronic check,0,No,No,Yes,Yes,Yes,No,Yes,No,No,Yes,80.27,5658.91,No
1,Month-to-month,No,Credit card,1,Yes,Yes,Yes,Yes,No internet service,No internet service,No internet service,No internet service,No internet service,No internet service,22.2,23.13,No
47,One year,Fiber optic,Mailed check,0,No,No,Yes,Yes,No,No,Yes,Yes,Yes,No,88.01,3962.77,No
0,Month-to-month,Fiber optic,Mailed check,0,No,No,No,Yes,No,No,No,Yes,No,No,73.81,74.95,Yes
57,One year,Fiber optic,Credit card,0,Yes,No,Yes,Yes,Yes,Yes,No,Yes,No,Yes,91.32,5263.15,No
1,Month-to-month,Fiber optic,Electronic check,1,No,Yes,Yes,Yes,Yes,No,Yes,No,No,Yes,81.92,85.66,Yes
38,Two year,No,Mailed check,1,Yes,No,Yes,Yes,No internet service,No internet service,No internet service,No internet service,No internet service,No internet service,21.59,854.62,No
30,Month-to-month,Fiber optic,Electronic check,0,No,Yes,No,Yes,No,Yes,No,No,No,No,70.84,2226.18,Yes
72,Two year,Fiber optic,Electronic check,0,No,No,Yes,Yes,No,No,No,No,No,No,63.45,4510.32,No
71,Two year,No,Mailed check,0,Yes,No,Yes,Yes,No internet service,No internet service,No internet service,No internet service,No internet service,No internet service,18.0,1332.48,No
32,One year,DSL,Bank transfer,1,No,No,No,Yes,No,No,No,No,No,No,45.01,1384.52,No
38,Two year,Fiber optic,Electronic check,0,No,No,Yes,Yes,No,No,No,No,Yes,Yes,74.85,2871.15,No
47,Two year,Fiber optic,Bank transfer,0,No,No,Yes,Yes,Yes,No,No,No,Yes,No,73.74,3433.32,No
56,Two year,Fiber optic,Credit card,0,No,No,Yes,Yes,Yes,Yes,No,Yes,No,No,84.82,4844.28,No
17,Month-to-month,Fiber optic,Credit card,0,Yes,No,No,Yes,No,Yes,No,No,Yes,No,80.65,1429.3,Yes
22,One year,Fiber optic,Electronic check,0,No,Yes,No,Yes,Yes,No,No,Yes,Yes,No,81.76,1731.49,No
39,Month-to-month,Fiber optic,Bank transfer,1,Yes,Yes,Yes,Yes,No,No,Yes,No,Yes,Yes,92.33,3653.1,Yes
59,One year,DSL,Electronic check,0,Yes,Yes,Yes,Yes,No,No,Yes,No,Yes,No,53.75,3303.08,Yes
48,Month-to-month,No,Bank transfer,0,Yes,No,Yes,Yes,No internet service,No internet service,No internet service,No internet service,No internet service,No internet service,20.38,960.26,No
11,One year,No,Mailed check,0,Yes,No,Yes,No,No internet service,No internet service,No internet service,No internet service,No internet service,No internet service,21.08,232.27,No
25,One year,Fiber optic,Bank transfer,0,No,No,No,Yes,No,Yes,Yes,No,No,No,80.37,1986.94,No
22,Month-to-month,Fiber optic,Electronic check,0,Yes,No,Yes,Yes,Yes,Yes,Yes,Yes,No,Yes,101.49,2194.55,Yes
18,Month-to-month,No,Bank transfer,0,No,No,Yes,Yes,No internet service,No internet service,No internet service,No internet service,No internet service,No internet service,20.16,366.67,No
47,Two year,DSL,Electronic check,0,Yes,No,Yes,Yes,Yes,No,No,Yes,No,Yes,61.78,3039.11,No
40,Two year,DSL,Electronic check,0,Yes,No,No,Yes,No,No,Yes,No,Yes,Yes,63.62,2463.44,No
2,Month-to-month,Fiber optic,Bank transfer,0,No,Yes,Yes,Yes,Yes,No,No,No,No,No,72.37,137.99,No
70,One year,Fiber optic,Electronic check,0,No,No,Yes,Yes,Yes,No,No,Yes,No,No,81.15,5660.2,No
31,Two year,DSL,Bank transfer,1,Yes,Yes,Yes,Yes,Yes,No,No,No,Yes,Yes,69.34,2208.14,No
0,Month-to-month,DSL,Bank transfer,0,No,Yes,Yes,Yes,No,No,No,Yes,No,Yes,62.64,65.05,No
0,Month-to-month,Fiber optic,Bank transfer,0,No,Yes,Yes,No,No,No,No,No,No,Yes,69.74,73.14,Yes
21,Month-to-month,No,Bank transfer,1,Yes,Yes,No,Yes,No internet service,No internet service,No internet service,No internet service,No internet service,No internet service,23.75,519.72,No
34,One year,DSL,Credit card,1,Yes,No,No,Yes,No,No,Yes,No,No,No,53.45,1732.63,No
25,Month-to-month,DSL,Credit card,0,No,No,No,Yes,No,No,Yes,Yes,No,No,59.81,1446.99,Yes
43,Two year,Fiber optic,Electronic check,0,Yes,No,Yes,Yes,No,Yes,No,No,Yes,Yes,88.82,3939.34,No
39,One year,DSL,Bank transfer,0,Yes,No,Yes,Yes,No,Yes,Yes,Yes,Yes,No,74.52,2765.97,No
19,Month-to-month,DSL,Bank transfer,0,Yes,No,No,Yes,Yes,No,No,No,No,No,54.26,1041.55,No
72,Two year,Fiber optic,Electronic check,0,Yes,No,Yes,No,No,No,Yes,No,No,Yes,77.66,5586.47,No
72,Two year,DSL,Electronic check,0,No,No,No,Yes,No,No,No,No,No,Yes,50.99,3580.06,No
16,Month-to-month,DSL,Electronic check,0,No,Yes,Yes,Yes,No,No,No,Yes,Yes,Yes,60.86,966.28,Yes
32,Month-to-month,No,Bank transfer,0,No,No,Yes,Yes,No internet service,No internet service,No internet service,No internet service,No internet service,No internet service,21.28,700.54,Yes
21,Month-to-month,Fiber optic,Mailed check,0,No,No,Yes,Yes,Yes,Yes,No,No,No,No,81.47,1691.45,No
30,Month-to-month,No,Bank transfer,0,No,No,No,Yes,No internet service,No internet service,No internet service,No internet service,No internet service,No internet service,21.09,616.27,No
24,Month-to-month,DSL,Bank transfer,0,No,No,No,Yes,No,Yes,Yes,No,Yes,No,65.23,1519.63,No
66,Two year,Fiber optic,Bank transfer,0,No,Yes,Yes,Yes,Yes,Yes,Yes,No,Yes,Yes,91.52,5914.43,No
32,Month-to-month,Fiber optic,Electronic check,0,No,No,Yes,Yes,No,Yes,Yes,No,Yes,No,94.03,2925.64,Yes
25,Month-to-month,Fiber optic,Bank transfer,0,Yes,Yes,No,Yes,No,No,No,Yes,No,Yes,74.64,1784.33,Yes
40,One year,Fiber optic,Bank transfer,0,Yes,No,No,Yes,No,No,Yes,No,No,No,72.28,2945.0,No
55,One year,DSL,Electronic check,1,No,Yes,Yes,Yes,No,No,Yes,No,No,No,51.05,2785.5,No
52,Two year,DSL,Electronic check,1,No,No,No,Yes,No,No,No,No,Yes,No,51.38,2775.33,No
45,Two year,Fiber optic,Electronic check,0,Yes,No,No,Yes,Yes,No,No,Yes,No,Yes,80.85,3659.53,No
0,Month-to-month,No,Credit card,1,Yes,No,Yes,Yes,No internet service,No internet service,No internet service,No internet service,No internet service,No internet service,19.99,19.68,Yes
25,Month-to-month,Fiber optic,Electronic check,0,No,No,Yes,Yes,No,No,No,Yes,Yes,Yes,83.93,2197.79,Yes
65,Two year,DSL,Electronic check,0,No,No,Yes,Yes,No,Yes,Yes,No,Yes,Yes,72.33,4838.82,No
10,One year,No,Electronic check,0,No,Yes,No,Yes,No internet service,No internet service,No internet service,No internet service,No internet service,No internet service,18.0,175.83,No
44,Two year,No,Electronic check,0,No,No,Yes,Yes,No internet service,No internet service,No internet service,No internet service,No internet service,No internet service,18.0,774.71,No
30,Month-to-month,DSL,Mailed check,0,No,Yes,No,Yes,No,No,No,No,No,Yes,51.12,1610.1,No
52,Two year,DSL,Credit card,0,No,No,No,Yes,No,No,Yes,No,Yes,No,62.08,3085.75,No
39,One year,Fiber optic,Mailed check,1,No,No,No,Yes,Yes,No,No,No,Yes,No,75.8,3042.44,No
33,Month-to-month,Fiber optic,Credit card,1,Yes,No,Yes,Yes,No,No,No,Yes,No,No,74.4,2365.11,No
36,One year,Fiber optic,Electronic check,1,Yes,Yes,Yes,Yes,No,No,No,Yes,No,Yes,76.33,2851.57,No
44,One year,Fiber optic,Mailed check,0,Yes,Yes,No,No,Yes,No,No,Yes,Yes,Yes,84.16,3756.16,No
1,Month-to-month,Fiber optic,Bank transfer,1,No,No,Yes,Yes,No,Yes,Yes,Yes,No,No,88.43,86.9,Yes
24,Month-to-month,Fiber optic,Bank transfer,0,No,Yes,No,Yes,No,No,No,No,No,No,65.82,1514.45,Yes
33,Two year,No,Credit card,0,Yes,No,Yes,Yes,No internet service,No internet service,No internet service,No internet service,No internet service,No internet service,20.52,662.22,No
0,Month-to-month,No,Electronic check,0,No,No,No,Yes,No internet service,No internet service,No internet service,No internet service,No internet service,No internet service,19.22,18.63,Yes
10,Month-to-month,No,Mailed check,1,No,No,Yes,Yes,No internet service,No internet service,No internet service,No internet service,No internet service,No internet service,18.52,177.27,No
27,Month-to-month,DSL,Bank transfer,0,Yes,No,Yes,Yes,No,No,No,No,No,No,47.15,1300.67,Yes
19,Month-to-month,Fiber optic,Electronic check,0,Yes,Yes,Yes,Yes,Yes,No,Yes,No,No,No,74.63,1460.21,No
41,Two year,Fiber optic,Credit card,1,No,No,No,Yes,No,Yes,Yes,Yes,Yes,Yes,96.26,3780.52,No
68,Two year,DSL,Electronic check,0,Yes,Yes,Yes,Yes,No,No,No,No,No,No,46.46,3036.76,No
23,Month-to-month,DSL,Electronic check,0,No,Yes,Yes,Yes,Yes,No,Yes,No,No,No,63.29,1411.01,No
71,Two year,Fiber optic,Bank transfer,0,No,No,No,No,No,No,No,No,Yes,No,71.06,5075.8,No
40,Two year,DSL,Bank transfer,0,No,No,No,Yes,No,No,Yes,Yes,No,Yes,65.59,2562.06,No
41,Month-to-month,DSL,Credit card,0,No,No,No,Yes,No,No,No,No,No,No,44.71,1836.31,Yes
72,Two year,Fiber optic,Credit card,0,No,No,Yes,Yes,No,No,No,Yes,Yes,No,81.86,6181.47,No
33,Month-to-month,Fiber optic,Electronic check,0,No,No,Yes,Yes,No,Yes,No,No,No,No,70.16,2273.33,Yes
62,Two year,Fiber optic,Bank transfer,0,Yes,Yes,Yes,Yes,No,No,Yes,Yes,Yes,No,83.44,4987.35,No
46,One year,DSL,Credit card,0,Yes,No,No,Yes,Yes,No,No,No,Yes,No,57.47,2512.66,No
43,One year,No,Electronic check,0,Yes,No,No,Yes,No internet service,No internet service,No internet service,No internet service,No internet service,No internet service,20.79,886.07,Yes
0,Month-to-month,DSL,Mailed check,0,No,Yes,No,No,No,No,No,No,Yes,Yes,62.62,62.6,Yes
44,Two year,DSL,Credit card,0,Yes,No,Yes,Yes,No,No,Yes,Yes,No,No,56.1,2387.17,No
16,Month-to-month,No,Electronic check,0,No,No,No,Yes,No internet service,No internet service,No internet service,No internet service,No internet service,No internet service,19.56,311.48,No
2,Month-to-month,Fiber optic,Credit card,0,Yes,No,Yes,Yes,No,Yes,Yes,No,No,No,78.08,161.48,Yes
41,Month-to-month,DSL,Mailed check,0,No,No,Yes,Yes,Yes,No,No,No,No,Yes,60.13,2436.81,Yes
62,Two year,DSL,Credit card,1,No,Yes,Yes,Yes,No,No,No,No,Yes,No,51.7,3238.79,No
47,Month-to-month,DSL,Bank transfer,0,No,No,No,Yes,No,No,No,No,No,Yes,51.42,2442.88,No
67,Two year,Fiber optic,Bank transfer,0,No,No,Yes,Yes,No,No,No,Yes,No,No,68.02,4518.11,No
16,One year,No,Bank transfer,0,No,No,Yes,Yes,No internet service,No internet service,No internet service,No internet service,No internet service,No internet service,18.0,281.85,No
39,Month-to-month,No,Electronic check,0,No,Yes,No,Yes,No internet service,No internet service,No internet service,No internet service,No internet service,No internet service,18.92,750.29,Yes
11,Month-to-month,Fiber optic,Bank transfer,0,Yes,No,No,Yes,No,No,No,No,Yes,Yes,81.0,875.42,Yes
40,Month-to-month,Fiber optic,Credit card,1,No,Yes,Yes,No,Yes,No,Yes,No,Yes,Yes,91.4,3785.14,No
62,One year,Fiber optic,Credit card,0,Yes,Yes,Yes,Yes,No,No,Yes,No,Yes,Yes,87.03,5464.9,No
72,Two year,No,Credit card,0,Yes,No,No,Yes,No internet service,No internet service,No internet service,No internet service,No internet service,No internet service,20.49,1404.47,No
35,Month-to-month,DSL,Bank transfer,0,Yes,No,Yes,Yes,No,Yes,No,No,No,Yes,57.82,1935.5,No
61,Two year,Fiber optic,Bank transfer,0,Yes,No,Yes,No,No,No,No,Yes,Yes,Yes,81.42,4865.89,No
18,Month-to-month,No,Mailed check,0,Yes,Yes,No,Yes,No internet service,No internet service,No internet service,No internet service,No internet service,No internet service,23.55,420.01,No
72,Two year,Fiber optic,Bank transfer,0,No,No,No,Yes,No,No,No,Yes,No,No,74.43,5202.87,No
58,Two year,DSL,Bank transfer,0,No,No,Yes,Yes,No,No,No,No,No,Yes,49.81,3013.28,No
48,Two year,Fiber optic,Electronic check,0,Yes,No,No,Yes,No,No,Yes,Yes,Yes,No,83.08,3830.37,No
45,One year,DSL,Electronic check,0,Yes,No,No,Yes,Yes,No,Yes,No,No,No,55.17,2496.2,Yes
72,Two year,DSL,Bank transfer,0,No,No,Yes,Yes,Yes,Yes,No,No,Yes,Yes,76.39,5615.44,No
36,Month-to-month,Fiber optic,Electronic check,0,No,No,No,Yes,No,No,No,No,Yes,Yes,78.82,2814.03,No
1,Month-to-month,Fiber optic,Electronic check,0,No,No,No,Yes,No,Yes,Yes,No,Yes,Yes,94.98,96.68,Yes
35,Month-to-month,No,Electronic check,0,No,Yes,Yes,Yes,No internet service,No internet service,No internet service,No internet service,No internet service,No internet service,21.47,772.77,No
29,Month-to-month,DSL,Credit card,0,No,No,Yes,Yes,Yes,No,No,No,No,No,54.19,1514.49,No
32,One year,No,Credit card,0,Yes,No,Yes,Yes,No internet service,No internet service,No internet service,No internet service,No internet service,No internet service,18.95,594.42,No
25,One year,DSL,Bank transfer,0,No,No,No,Yes,No,Yes,No,Yes,No,No,60.66,1499.03,No
72,Two year,DSL,Credit card,1,Yes,No,No,Yes,No,No,No,No,Yes,Yes,59.41,4323.61,No
42,Month-to-month,Fiber optic,Credit card,0,Yes,Yes,No,No,Yes,No,No,No,No,No,66.82,2835.29,No
63,One year,No,Electronic check,0,No,Yes,Yes,Yes,No internet service,No internet service,No internet service,No internet service,No internet service,No internet service,23.64,1420.25,No
0,Month-to-month,Fiber optic,Electronic check,0,No,No,Yes,No,No,No,Yes,No,Yes,Yes,83.07,86.04,Yes
15,Month-to-month,Fiber optic,Electronic check,0,Yes,No,No,Yes,No,Yes,No,Yes,No,No,81.88,1181.22,Yes
39,One year,Fiber optic,Electronic check,0,Yes,No,Yes,No,No,No,Yes,Yes,No,No,80.27,3198.26,No
72,Two year,Fiber optic,Bank transfer,0,No,No,No,Yes,No,Yes,No,No,No,No,68.25,4731.8,No
51,One year,No,Electronic check,0,Yes,No,Yes,Yes,No internet service,No internet service,No internet service,No internet service,No internet service,No internet service,18.5,918.91,No
14,Month-to-month,No,Credit card,0,No,No,Yes,Yes,No internet service,No internet service,No internet service,No internet service,No internet service,No internet service,19.71,289.72,No
41,One year,DSL,Bank transfer,0,Yes,Yes,No,Yes,No,No,No,No,No,Yes,51.45,2099.21,No
29,Month-to-month,Fiber optic,Mailed check,0,Yes,No,No,Yes,Yes,No,No,No,No,Yes,79.22,2329.76,Yes
66,Two year,No,Credit card,0,Yes,No,Yes,Yes,No internet service,No internet service,No internet service,No internet service,No internet service,No internet service,21.98,1478.0,No
65,One year,DSL,Credit card,0,No,No,Yes,Yes,No,No,No,No,Yes,No,48.69,3008.11,No
41,Month-to-month,Fiber optic,Bank transfer,1,Yes,No,No,No,No,No,No,No,Yes,Yes,73.92,3176.19,Yes
38,Month-to-month,DSL,Credit card,0,Yes,Yes,Yes,Yes,Yes,Yes,No,Yes,No,No,66.27,2419.44,No
6,Month-to-month,DSL,Credit card,0,No,No,No,Yes,Yes,Yes,No,No,No,No,55.15,339.17,No
43,Two year,Fiber optic,Bank transfer,0,Yes,No,No,Yes,Yes,No,No,No,No,Yes,82.28,3601.62,No
2,Month-to-month,DSL,Credit card,0,No,No,Yes,Yes,No,Yes,No,No,Yes,Yes,66.94,131.47,Yes
61,Two year,DSL,Electronic check,0,Yes,Yes,No,Yes,Yes,Yes,Yes,No,No,No,61.98,3967.83,No
30,One year,Fiber optic,Mailed check,1,No,No,Yes,Yes,No,No,Yes,No,No,Yes,78.16,2267.24,No
48,One year,DSL,Mailed check,0,Yes,No,No,Yes,No,Yes,Yes,Yes,Yes,No,74.82,3654.18,No
30,Month-to-month,DSL,Electronic check,0,No,No,Yes,Yes,No,No,No,No,No,Yes,53.76,1537.22,Yes
58,Two year,DSL,Electronic check,0,No,No,Yes,Yes,No,No,No,Yes,No,Yes,57.48,3297.9,No
33,Month-to-month,No,Electronic check,0,No,No,Yes,Yes,No internet service,No internet service,No internet service,No internet service,No internet service,No internet service,20.77,706.49,No
28,One year,No,Electronic check,0,No,No,Yes,Yes,No internet service,No internet service,No internet service,No internet service,No internet service,No internet service,20.61,597.03,No
15,One year,DSL,Electronic check,0,Yes,Yes,No,Yes,No,No,No,Yes,Yes,No,57.22,890.57,No
27,One year,DSL,Mailed check,0,Yes,Yes,Yes,Yes,No,No,Yes,No,Yes,Yes,70.46,1861.75,No
68,Two year,DSL,Credit card,0,Yes,Yes,Yes,Yes,No,No,No,No,Yes,Yes,58.87,3847.46,No
48,Month-to-month,DSL,Bank transfer,0,No,Yes,No,Yes,No,No,Yes,No,No,No,54.17,2480.24,No
42,Month-to-month,Fiber optic,Bank transfer,0,Yes,No,Yes,Yes,No,No,No,No,No,No,62.44,2576.44,Yes
15,Month-to-month,DSL,Electronic check,1,No,No,Yes,Yes,No,Yes,No,Yes,Yes,Yes,72.97,1072.36,Yes
34,Month-to-month,DSL,Credit card,0,No,Yes,Yes,Yes,Yes,Yes,No,Yes,No,No,59.62,1976.51,No
0,Month-to-month,DSL,Electronic check,0,Yes,No,No,Yes,No,No,No,Yes,Yes,Yes,60.3,57.33,Yes
43,Month-to-month,No,Electronic check,1,Yes,Yes,Yes,Yes,No internet service,No internet service,No internet service,No internet service,No internet service,No internet service,18.16,782.92,No
27,Month-to-month,DSL,Mailed check,0,No,No,Yes,Yes,Yes,No,No,Yes,No,Yes,60.41,1557.47,Yes
31,Month-to-month,Fiber optic,Credit card,0,Yes,No,No,Yes,No,Yes,No,Yes,No,Yes,85.18,2615.49,Yes
0,Month-to-month,Fiber optic,Credit card,0,Yes,No,Yes,Yes,No,No,No,No,No,Yes,67.78,64.84,Yes
46,One year,Fiber optic,Bank transfer,0,Yes,Yes,No,Yes,No,No,No,Yes,No,Yes,82.18,3612.67,Yes
68,One year,Fiber optic,Bank transfer,1,No,No,Yes,Yes,No,No,No,No,No,Yes,72.87,5171.15,No
23,Month-to-month,DSL,Mailed check,0,No,No,Yes,Yes,No,Yes,Yes,No,No,Yes,62.98,1479.34,No
17,Month-to-month,Fiber optic,Bank transfer,0,Yes,No,Yes,Yes,No,No,No,Yes,No,Yes,73.42,1260.98,No
15,Month-to-month,Fiber optic,Electronic check,0,Yes,Yes,Yes,Yes,Yes,No,Yes,Yes,No,No,84.21,1264.25,Yes
27,One year,Fiber optic,Electronic check,0,No,No,Yes,Yes,Yes,No,Yes,Yes,Yes,No,89.34,2531.54,No
20,Month-to-month,No,Credit card,0,Yes,No,Yes,Yes,No internet service,No internet service,No internet service,No internet service,No internet service,No internet service,22.04,459.44,No
0,Month-to-month,DSL,Credit card,0,No,No,Yes,Yes,No,No,No,Yes,Yes,Yes,65.83,65.3,Yes
26,Month-to-month,Fiber optic,Electronic check,0,No,No,No,Yes,No,No,Yes,No,No,Yes,79.37,2004.19,No
37,Month-to-month,Fiber optic,Electronic check,0,No,No,No,Yes,No,No,Yes,No,No,Yes,76.97,2913.72,Yes
12,Month-to-month,Fiber optic,Electronic check,0,No,No,Yes,Yes,Yes,No,No,No,Yes,No,75.77,942.12,Yes
45,One year,Fiber optic,Mailed check,0,No,Yes,Yes,Yes,Yes,No,Yes,Yes,Yes,No,92.34,4001.94,No
38,One year,Fiber optic,Electronic check,0,No,No,No,Yes,No,No,Yes,Yes,Yes,Yes,91.35,3306.18,Yes
45,One year,Fiber optic,Bank transfer,0,No,Yes,Yes,Yes,Yes,No,No,No,No,Yes,85.48,3689.43,No
53,One year,Fiber optic,Electronic check,0,Yes,No,Yes,Yes,No,Yes,Yes,Yes,Yes,No,95.86,5146.83,No
45,One year,No,Electronic check,0,No,Yes,No,Yes,No internet service,No internet service,No internet service,No internet service,No internet service,No internet service,20.35,916.19,No
33,Month-to-month,DSL,Electronic check,0,No,Yes,Yes,Yes,No,No,Yes,Yes,Yes,Yes,76.47,2639.59,No
63,Two year,No,Bank transfer,1,Yes,No,Yes,Yes,No internet service,No internet service,No internet service,No internet service,No internet service,No internet service,19.13,1257.68,No
33,Month-to-month,Fiber optic,Electronic check,1,No,No,No,Yes,Yes,No,No,No,No,Yes,80.02,2617.27,Yes
24,Month-to-month,Fiber optic,Mailed check,0,Yes,Yes,Yes,Yes,No,No,No,Yes,Yes,Yes,85.18,1956.78,Yes
44,One year,No,Bank transfer,0,Yes,Yes,No,Yes,No internet service,No internet service,No internet service,No internet service,No internet service,No internet service,22.0,950.76,No
30,Month-to-month,Fiber optic,Bank transfer,1,Yes,Yes,No,Yes,Yes,No,Yes,Yes,No,No,85.2,2618.64,No
18,Month-to-month,DSL,Electronic check,0,Yes,Yes,Yes,Yes,No,Yes,No,No,Yes,No,55.67,975.93,No
46,One year,No,Bank transfer,0,Yes,Yes,No,Yes,No internet service,No internet service,No internet service,No internet service,No internet service,No internet service,19.46,852.37,No
41,Two year,DSL,Electronic check,0,No,No,Yes,Yes,No,Yes,Yes,No,No,Yes,62.06,2467.52,No
26,Two year,Fiber optic,Bank transfer,0,No,No,No,Yes,Yes,No,Yes,No,No,Yes,79.08,2099.76,No
20,Month-to-month,DSL,Mailed check,0,No,No,Yes,Yes,No,No,Yes,Yes,Yes,No,64.73,1319.11,Yes
6,Month-to-month,Fiber optic,Credit card,0,No,Yes,Yes,Yes,No,Yes,No,Yes,Yes,No,81.74,488.56,No
72,Two year,Fiber optic,Credit card,0,Yes,Yes,No,Yes,No,No,Yes,Yes,Yes,No,88.5,6329.25,No
6,Month-to-month,Fiber optic,Bank transfer,0,No,No,No,Yes,No,Yes,Yes,Yes,Yes,Yes,94.77,556.7,Yes
67,Two year,No,Credit card,0,Yes,No,No,Yes,No internet service,No internet service,No internet service,No internet service,No internet service,No internet service,18.82,1246.23,No
7,Month-to-month,DSL,Electronic check,0,No,No,No,Yes,No,Yes,No,No,No,Yes,59.98,414.36,No
18,Month-to-month,Fiber optic,Bank transfer,1,No,Yes,No,No,No,Yes,No,Yes,Yes,No,86.9,1509.13,No
1,Month-to-month,Fiber optic,Electronic check,0,Yes,No,Yes,Yes,Yes,No,Yes,Yes,Yes,No,84.75,83.71,Yes
35,Two year,DSL,Electronic check,0,Yes,No,No,Yes,Yes,No,No,No,No,Yes,59.52,2043.75,No
23,Month-to-month,No,Mailed check,0,No,No,Yes,Yes,No internet service,No internet service,No internet service,No internet service,No internet service,No internet service,18.0,420.78,No
12,Month-to-month,Fiber optic,Bank transfer,0,Yes,No,Yes,Yes,No,Yes,Yes,Yes,No,No,84.74,990.34,Yes
31,Month-to-month,Fiber optic,Bank transfer,0,Yes,No,Yes,Yes,Yes,No,No,No,Yes,Yes,87.76,2720.01,No
39,Month-to-month,No,Credit card,0,No,Yes,No,Yes,No internet service,No internet service,No internet service,No internet service,No internet service,No internet service,18.02,722.52,No
0,Month-to-month,No,Mailed check,0,Yes,No,Yes,Yes,No internet service,No internet service,No internet service,No internet service,No internet service,No internet service,18.27,17.49,No
55,One year,No,Credit card,1,No,No,Yes,Yes,No internet service,No internet service,No internet service,No internet service,No internet service,No internet service,22.57,1210.44,No
3,Month-to-month,Fiber optic,Credit card,0,No,Yes,Yes,Yes,No,No,No,Yes,Yes,No,72.34,222.15,Yes
49,Two year,Fiber optic,Credit card,0,Yes,No,Yes,Yes,No,Yes,No,Yes,No,No,81.45,4046.24,No
32,Two year,Fiber optic,Electronic check,1,Yes,No,Yes,Yes,No,Yes,Yes,Yes,Yes,Yes,95.58,2910.14,No
0,Month-to-month,Fiber optic,Mailed check,0,Yes,Yes,Yes,Yes,No,No,Yes,No,No,Yes,77.47,76.47,No
0,Month-to-month,No,Bank transfer,0,No,No,No,Yes,No internet service,No internet service,No internet service,No internet service,No internet service,No internet service,18.0,17.95,No
32,One year,Fiber optic,Credit card,0,No,No,No,Yes,Yes,No,Yes,No,No,Yes,86.29,2732.12,No
19,Month-to-month,DSL,Electronic check,1,Yes,No,No,Yes,Yes,No,Yes,Yes,No,Yes,74.82,1437.38,No
12,Month-to-month,No,Electronic check,0,No,No,Yes,No,No internet service,No internet service,No internet service,No internet service,No internet service,No internet service,19.03,225.09,No
25,Two year,No,Mailed check,0,Yes,No,No,Yes,No internet service,No internet service,No internet service,No internet service,No internet service,No internet service,18.23,437.6,No
23,Two year,DSL,Electronic check,0,Yes,No,Yes,Yes,No,No,No,No,No,Yes,54.04,1185.73,No
54,Two year,No,Credit card,0,Yes,No,Yes,Yes,No internet service,No internet service,No internet service,No internet service,No internet service,No internet service,19.04,1052.7,No
31,Month-to-month,Fiber optic,Electronic check,0,No,Yes,Yes,Yes,No,No,No,No,Yes,No,73.15,2156.25,Yes
42,One year,Fiber optic,Mailed check,0,Yes,No,Yes,Yes,No,Yes,No,Yes,Yes,Yes,90.25,3907.59,No
68,One year,Fiber optic,Bank transfer,0,No,No,Yes,Yes,No,No,No,No,Yes,No,71.53,4759.87,No
17,Month-to-month,No,Mailed check,1,Yes,No,Yes,Yes,No internet service,No internet service,No internet service,No internet service,No internet service,No internet service,20.95,368.96,Yes
43,One year,No,Electronic check,0,No,No,No,Yes,No internet service,No internet service,No internet service,No internet service,No internet service,No internet service,20.16,855.15,No
18,Month-to-month,Fiber optic,Bank transfer,0,No,No,No,Yes,No,Yes,Yes,Yes,No,No,80.9,1456.46,No
5,Month-to-month,Fiber optic,Mailed check,0,Yes,No,Yes,Yes,Yes,Yes,Yes,No,Yes,Yes,93.32,453.29,No
15,Month-to-month,Fiber optic,Credit card,0,Yes,No,Yes,Yes,Yes,No,No,Yes,Yes,Yes,91.83,1394.12,Yes
31,Month-to-month,Fiber optic,Bank transfer,0,No,No,No,Yes,No,No,No,Yes,Yes,No,77.78,2481.37,Yes
32,Month-to-month,No,Credit card,0,Yes,No,Yes,Yes,No internet service,No internet service,No internet service,No internet service,No internet service,No internet service,18.0,564.97,No
60,Two year,Fiber optic,Electronic check,0,Yes,No,Yes,Yes,No,No,Yes,No,No,No,68.75,4306.3,No
72,Two year,No,Bank transfer,0,No,No,No,Yes,No internet service,No internet service,No internet service,No internet service,No internet service,No internet service,21.15,1457.45,No
45,One year,DSL,Mailed check,0,No,No,Yes,Yes,No,No,No,No,Yes,Yes,55.68,2418.57,No
59,Two year,Fiber optic,Bank transfer,0,No,Yes,Yes,Yes,No,No,No,No,No,No,66.14,3857.84,No
72,Two year,Fiber optic,Mailed check,0,Yes,No,Yes,Yes,No,Yes,No,No,Yes,No,73.08,5167.9,No
7,Month-to-month,No,Electronic check,0,Yes,No,Yes,Yes,No internet service,No internet service,No internet service,No internet service,No internet service,No internet service,19.95,143.32,Yes
41,Month-to-month,DSL,Electronic check,0,No,No,Yes,Yes,No,No,No,No,No,No,48.67,1921.37,No
2,Month-to-month,Fiber optic,Credit card,1,No,No,No,Yes,No,No,No,No,No,No,65.7,132.19,Yes
14,Month-to-month,Fiber optic,Credit card,0,Yes,No,Yes,Yes,No,No,Yes,No,Yes,No,79.65,1086.49,Yes
9,One year,No,Electronic check,0,Yes,Yes,Yes,Yes,No internet service,No internet service,No internet service,No internet service,No internet service,No internet service,18.0,162.01,No
22,Month-to-month,No,Bank transfer,0,Yes,Yes,No,Yes,No internet service,No internet service,No internet service,No internet service,No internet service,No internet service,20.53,445.43,No
39,Month-to-month,No,Bank transfer,0,Yes,Yes,Yes,Yes,No internet service,No internet service,No internet service,No internet service,No internet service,No internet service,18.37,718.49,No
3,Month-to-month,DSL,Mailed check,0,No,No,No,Yes,No,No,No,No,Yes,Yes,58.54,169.65,No
13,Month-to-month,No,Electronic check,0,Yes,Yes,Yes,Yes,No internet service,No internet service,No internet service,No internet service,No internet service,No internet service,24.29,320.29,Yes
50,Two year,Fiber optic,Credit card,0,No,Yes,Yes,Yes,Yes,Yes,Yes,No,Yes,No,84.84,4353.8,No
15,Month-to-month,DSL,Bank transfer,1,Yes,No,No,Yes,No,No,Yes,No,Yes,No,56.91,839.36,No
1,Month-to-month,Fiber optic,Bank transfer,0,Yes,No,No,Yes,No,No,Yes,No,No,Yes,75.55,77.45,No
19,Month-to-month,DSL,Bank transfer,1,No,No,No,Yes,No,Yes,No,Yes,No,No,56.67,1052.83,No
43,Month-to-month,No,Bank transfer,0,No,Yes,No,Yes,No internet service,No internet service,No internet service,No internet service,No internet service,No internet service,19.38,853.39,Yes
30,One year,No,Electronic check,0,Yes,No,No,Yes,No internet service,No internet service,No internet service,No internet service,No internet service,No internet service,18.86,571.9,No
22,Month-to-month,DSL,Credit card,1,Yes,Yes,Yes,No,Yes,Yes,Yes,No,Yes,No,71.74,1576.31,No
22,Month-to-month,DSL,Electronic check,0,Yes,No,No,Yes,No,No,Yes,Yes,No,No,56.26,1200.77,No
12,Month-to-month,No,Credit card,0,Yes,No,Yes,Yes,No internet service,No internet service,No internet service,No internet service,No internet service,No internet service,22.89,269.99,Yes
58,Two year,No,Credit card,0,No,No,Yes,Yes,No internet service,No internet service,No internet service,No internet service,No internet service,No internet service,22.14,1226.18,No
32,One year,DSL,Bank transfer,0,Yes,No,Yes,Yes,Yes,No,Yes,Yes,No,Yes,69.65,2248.54,No
45,One year,Fiber optic,Bank transfer,1,Yes,Yes,Yes,Yes,No,Yes,No,No,No,No,68.74,3036.72,No
37,One year,Fiber optic,Electronic check,0,No,No,Yes,Yes,No,Yes,No,Yes,Yes,Yes,85.44,3059.78,No
32,Two year,No,Mailed check,0,No,No,Yes,No,No internet service,No internet service,No internet service,No internet service,No internet service,No internet service,20.19,622.43,No
0,Month-to-month,DSL,Bank transfer,0,Yes,No,Yes,Yes,No,Yes,Yes,Yes,No,No,65.29,67.48,No
0,Month-to-month,DSL,Electronic check,0,No,No,No,No,No,No,No,No,Yes,No,51.02,53.19,No
11,Month-to-month,DSL,Electronic check,0,Yes,No,Yes,Yes,Yes,No,Yes,Yes,No,No,67.3,744.74,No
31,Month-to-month,Fiber optic,Credit card,0,Yes,No,Yes,Yes,No,No,No,No,Yes,No,73.96,2281.33,Yes
42,Two year,Fiber optic,Electronic check,0,Yes,No,No,No,No,No,Yes,Yes,No,Yes,85.15,3748.32,No
14,Month-to-month,No,Mailed check,0,No,No,Yes,Yes,No internet service,No internet service,No internet service,No internet service,No internet service,No internet service,22.76,313.52,No
44,Two year,Fiber optic,Electronic check,0,Yes,No,Yes,Yes,Yes,Yes,No,Yes,Yes,No,92.79,4272.82,No
41,Two year,DSL,Bank transfer,0,No,Yes,No,Yes,No,No,No,No,Yes,No,54.13,2286.11,No
53,Month-to-month,DSL,Mailed check,0,Yes,No,No,Yes,Yes,No,Yes,No,Yes,No,62.28,3178.67,No
41,Two year,No,Credit card,0,No,No,Yes,Yes,No internet service,No internet service,No internet service,No internet service,No internet service,No internet service,19.83,825.57,No
16,One year,Fiber optic,Mailed check,0,Yes,No,Yes,No,Yes,No,No,No,Yes,Yes,86.31,1443.16,No
40,Two year,DSL,Electronic check,1,Yes,Yes,Yes,Yes,No,No,Yes,No,Yes,Yes,61.23,2390.39,No
19,Month-to-month,Fiber optic,Mailed check,0,No,No,Yes,Yes,No,No,No,No,No,Yes,69.43,1301.24,No
9,Month-to-month,Fiber optic,Electronic check,0,Yes,Yes,Yes,Yes,No,No,Yes,Yes,Yes,Yes,85.15,757.6,Yes
23,Month-to-month,Fiber optic,Credit card,0,No,No,Yes,Yes,No,Yes,Yes,No,Yes,Yes,92.47,2054.48,Yes
6,Month-to-month,Fiber optic,Electronic check,0,No,No,No,Yes,Yes,Yes,Yes,No,No,No,90.47,560.55,Yes
9,Month-to-month,No,Electronic check,0,No,Yes,No,Yes,No internet service,No internet service,No internet service,No internet service,No internet service,No internet service,23.62,217.33,No
43,Two year,No,Mailed check,0,No,No,No,Yes,No internet service,No internet service,No internet service,No internet service,No internet service,No internet service,21.37,905.93,No
37,One year,Fiber optic,Electronic check,0,Yes,Yes,No,Yes,Yes,Yes,No,Yes,No,Yes,88.71,3309.71,No
29,Month-to-month,No,Mailed check,0,No,No,No,Yes,No internet service,No internet service,No internet service,No internet service,No internet service,No internet service,21.96,654.48,No
31,Month-to-month,DSL,Mailed check,0,No,No,Yes,Yes,No,No,Yes,Yes,No,Yes,65.54,1983.86,No
41,Month-to-month,DSL,Credit card,0,No,Yes,No,Yes,No,No,No,Yes,No,Yes,59.79,2477.23,No
0,Month-to-month,No,Electronic check,0,No,Yes,No,Yes,No internet service,No internet service,No internet service,No internet service,No internet service,No internet service,23.51,24.2,No
37,Two year,DSL,Bank transfer,0,No,No,No,Yes,No,Yes,No,Yes,No,No,60.99,2367.86,No
3,Month-to-month,Fiber optic,Bank transfer,1,No,Yes,Yes,No,Yes,No,No,No,Yes,Yes,83.15,259.48,Yes
18,Month-to-month,Fiber optic,Electronic check,0,Yes,No,Yes,Yes,Yes,No,Yes,Yes,Yes,Yes,102.5,1853.93,Yes
21,One year,DSL,Bank transfer,0,Yes,No,Yes,Yes,Yes,No,No,Yes,No,Yes,66.51,1333.21,No
7,Month-to-month,No,Credit card,1,Yes,Yes,Yes,Yes,No internet service,No internet service,No internet service,No internet service,No internet service,No internet service,20.57,148.81,Yes
29,Month-to-month,DSL,Bank transfer,0,Yes,Yes,No,Yes,Yes,No,Yes,Yes,No,Yes,66.73,2025.05,No
55,One year,Fiber optic,Credit card,0,No,No,No,Yes,Yes,No,No,No,No,No,68.58,3590.27,No
49,One year,Fiber optic,Bank transfer,1,Yes,No,No,Yes,No,Yes,Yes,Yes,No,Yes,94.39,4591.76,No
59,Two year,No,Mailed check,1,Yes,No,Yes,No,No internet service,No internet service,No internet service,No internet service,No internet service,No internet service,18.0,1028.06,No
27,One year,Fiber optic,Credit card,0,No,No,Yes,Yes,No,No,No,No,Yes,Yes,77.1,2140.97,No
18,Month-to-month,DSL,Electronic check,0,No,No,Yes,Yes,No,Yes,Yes,No,No,Yes,66.48,1162.81,No
72,Two year,DSL,Bank transfer,0,No,No,Yes,Yes,Yes,No,No,Yes,No,No,54.37,3901.65,No
65,Two year,Fiber optic,Bank transfer,0,Yes,No,Yes,Yes,Yes,No,Yes,Yes,No,No,86.08,5652.8,No
52,One year,Fiber optic,Credit card,1,Yes,No,Yes,Yes,No,No,No,No,Yes,No,71.4,3891.68,No
69,Two year,Fiber optic,Credit card,0,Yes,No,Yes,Yes,Yes,No,No,Yes,No,No,79.03,5668.25,No
49,Two year,Fiber optic,Electronic check,1,Yes,No,Yes,No,No,No,Yes,No,Yes,No,75.05,3660.22,Yes
64,Two year,DSL,Bank transfer,0,Yes,No,Yes,Yes,No,Yes,No,Yes,No,Yes,66.55,4294.65,No
12,Month-to-month,No,Electronic check,0,No,No,No,No,No internet service,No internet service,No internet service,No internet service,No internet service,No internet service,19.58,225.13,No
48,One year,Fiber optic,Bank transfer,0,Yes,No,No,Yes,No,No,Yes,Yes,No,No,80.96,3707.28,No
38,Month-to-month,DSL,Bank transfer,0,Yes,No,No,Yes,Yes,No,Yes,Yes,Yes,Yes,72.71,2655.13,No
63,One year,Fiber optic,Electronic check,1,No,Yes,Yes,No,Yes,No,No,Yes,Yes,Yes,88.56,5718.24,No
48,One year,Fiber optic,Credit card,0,Yes,No,Yes,No,Yes,Yes,No,Yes,Yes,No,88.5,4411.32,No
60,Two year,DSL,Mailed check,0,Yes,No,Yes,Yes,No,No,No,Yes,No,Yes,59.53,3614.47,No
72,Two year,No,Mailed check,0,Yes,No,No,Yes,No internet service,No internet service,No internet service,No internet service,No internet service,No internet service,18.95,1350.01,No
4,Month-to-month,DSL,Credit card,0,Yes,No,No,Yes,Yes,Yes,No,Yes,Yes,Yes,73.34,291.79,No
61,One year,Fiber optic,Bank transfer,0,No,No,No,Yes,Yes,No,No,No,Yes,Yes,80.46,5141.87,No
40,One year,DSL,Bank transfer,1,Yes,No,Yes,Yes,Yes,No,Yes,Yes,No,No,64.25,2586.74,No
20,Month-to-month,Fiber optic,Electronic check,0,Yes,No,No,Yes,Yes,No,No,Yes,Yes,No,91.5,1862.06,Yes
11,Month-to-month,No,Electronic check,0,No,No,No,Yes,No internet service,No internet service,No internet service,No internet service,No internet service,No internet service,22.14,239.26,No
0,Month-to-month,DSL,Electronic check,0,No,No,Yes,Yes,No,No,No,No,Yes,No,47.75,45.79,Yes
72,Two year,No,Electronic check,0,No,No,Yes,Yes,No internet service,No internet service,No internet service,No internet service,No internet service,No internet service,19.13,1431.13,No
24,Month-to-month,Fiber optic,Mailed check,1,No,No,Yes,Yes,No,No,No,Yes,No,No,72.0,1717.38,Yes
48,Two year,DSL,Mailed check,0,No,No,Yes,Yes,No,Yes,No,No,No,Yes,56.99,2627.38,No
24,Month-to-month,DSL,Bank transfer,1,Yes,No,Yes,No,No,No,No,No,No,No,41.79,974.84,No
49,Two year,Fiber optic,Electronic check,0,No,Yes,No,Yes,Yes,No,No,No,No,No,71.99,3359.07,No
0,Month-to-month,DSL,Bank transfer,0,Yes,No,Yes,Yes,No,No,No,No,No,Yes,47.51,45.33,Yes
51,Two year,DSL,Credit card,1,Yes,No,No,Yes,No,No,Yes,Yes,No,Yes,69.22,3466.69,No
0,Month-to-month,No,Electronic check,1,No,No,Yes,Yes,No internet service,No internet service,No internet service,No internet service,No internet service,No internet service,23.3,23.62,Yes
42,One year,Fiber optic,Bank transfer,0,Yes,Yes,No,Yes,Yes,No,Yes,Yes,No,Yes,98.22,3919.02,No
72,Two year,No,Electronic check,0,Yes,Yes,Yes,Yes,No internet service,No internet service,No internet service,No internet service,No internet service,No internet service,19.17,1369.53,No
44,Two year,Fiber optic,Mailed check,0,Yes,No,No,Yes,No,Yes,Yes,No,Yes,No,88.05,3872.72,No
67,Two year,DSL,Bank transfer,0,No,No,Yes,Yes,No,No,Yes,No,Yes,No,62.04,4325.61,Yes
8,Month-to-month,DSL,Electronic check,1,Yes,No,Yes,Yes,No,No,No,No,No,No,41.67,324.08,Yes
18,Month-to-month,Fiber optic,Electronic check,0,No,Yes,No,Yes,No,No,Yes,No,No,No,69.43,1223.2,Yes
4,Month-to-month,No,Credit card,0,Yes,No,Yes,No,No internet service,No internet service,No internet service,No internet service,No internet service,No internet service,21.46,87.57,Yes
28,Month-to-month,No,Electronic check,0,No,No,No,Yes,No internet service,No internet service,No internet service,No internet service,No internet service,No internet service,22.45,641.88,No
60,One year,No,Bank transfer,0,Yes,No,Yes,Yes,No internet service,No internet service,No internet service,No internet service,No internet service,No internet service,18.0,1078.43,Yes
41,One year,No,Bank transfer,0,Yes,No,Yes,Yes,No internet service,No internet service,No internet service,No internet service,No internet service,No internet service,18.28,717.08,No
63,Two year,DSL,Electronic check,0,Yes,No,No,Yes,No,No,Yes,No,No,No,48.33,3077.97,No
63,Two year,DSL,Bank transfer,1,Yes,No,Yes,Yes,No,No,No,Yes,Yes,Yes,61.99,4050.8,No
34,One year,No,Mailed check,0,Yes,Yes,No,Yes,No internet service,No internet service,No internet service,No internet service,No internet service,No internet service,18.88,610.15,No
72,Two year,Fiber optic,Electronic check,1,Yes,No,Yes,Yes,No,No,Yes,Yes,No,Yes,82.08,6177.41,Yes
10,Month-to-month,No,Credit card,0,No,No,No,Yes,No internet service,No internet service,No internet service,No internet service,No internet service,No internet service,19.6,193.5,No
0,Month-to-month,DSL,Mailed check,0,No,Yes,No,Yes,No,No,No,No,No,Yes,49.81,49.94,No
23,One year,DSL,Bank transfer,0,Yes,No,Yes,Yes,No,No,No,No,Yes,Yes,57.81,1263.58,No
64,Two year,Fiber optic,Electronic check,0,No,No,Yes,Yes,Yes,Yes,Yes,No,Yes,Yes,100.4,6533.1,No
12,Month-to-month,Fiber optic,Electronic check,0,No,No,No,Yes,No,No,No,Yes,Yes,Yes,87.89,1097.67,No
19,Month-to-month,Fiber optic,Bank transfer,0,No,No,Yes,Yes,Yes,Yes,No,Yes,No,Yes,93.71,1722.31,Yes
34,One year,Fiber optic,Bank transfer,0,Yes,No,No,Yes,Yes,No,No,Yes,Yes,Yes,91.5,2998.83,No
21,Month-to-month,Fiber optic,Electronic check,0,Yes,Yes,No,Yes,No,Yes,Yes,Yes,No,No,88.42,1830.87,No
35,Month-to-month,Fiber optic,Bank transfer,0,No,No,Yes,Yes,Yes,No,Yes,Yes,Yes,Yes,98.93,3624.42,Yes
72,Two year,Fiber optic,Mailed check,0,No,No,Yes,Yes,No,No,Yes,Yes,No,Yes,83.33,6221.79,No
22,One year,DSL,Mailed check,0,No,No,No,No,No,Yes,No,Yes,Yes,No,63.78,1363.83,No
33,Month-to-month,Fiber optic,Bank transfer,0,No,No,No,Yes,Yes,No,No,No,Yes,Yes,87.99,2966.65,No
57,Two year,No,Bank transfer,0,No,No,Yes,Yes,No internet service,No internet service,No internet service,No internet service,No internet service,No internet service,21.64,1182.47,No
0,Month-to-month,Fiber optic,Mailed check,0,No,No,No,Yes,Yes,Yes,No,Yes,No,No,85.12,81.8,No
62,Two year,DSL,Bank transfer,0,Yes,No,Yes,No,No,No,No,Yes,No,Yes,56.52,3460.34,No
48,Month-to-month,Fiber optic,Mailed check,0,Yes,Yes,No,Yes,Yes,Yes,No,Yes,Yes,Yes,91.7,4558.02,No
26,One year,DSL,Credit card,0,No,Yes,Yes,Yes,No,No,No,No,No,Yes,56.9,1424.89,No
14,Month-to-month,DSL,Credit card,0,No,No,Yes,Yes,No,No,Yes,No,Yes,Yes,61.34,829.22,No
0,Month-to-month,DSL,Mailed check,1,Yes,No,Yes,Yes,No,No,No,No,No,No,44.13,45.51,Yes
52,Two year,Fiber optic,Mailed check,0,Yes,Yes,Yes,Yes,Yes,Yes,Yes,No,No,Yes,89.09,4410.28,No
21,Month-to-month,DSL,Credit card,0,No,No,Yes,Yes,No,No,Yes,Yes,No,No,54.9,1186.32,Yes
50,Month-to-month,Fiber optic,Credit card,0,Yes,No,Yes,Yes,No,Yes,No,No,No,No,71.29,3630.49,Yes
3,Month-to-month,DSL,Electronic check,1,No,No,No,Yes,Yes,No,No,Yes,No,No,59.22,178.64,No
53,One year,Fiber optic,Electronic check,0,Yes,No,Yes,Yes,No,No,No,No,Yes,No,68.37,3619.32,No
59,Two year,DSL,Mailed check,0,Yes,Yes,No,Yes,No,Yes,Yes,No,No,Yes,62.7,3667.65,No
72,Two year,Fiber optic,Credit card,0,No,No,Yes,Yes,No,No,No,Yes,Yes,No,75.15,5499.33,No
21,Month-to-month,DSL,Credit card,0,No,No,No,Yes,No,Yes,Yes,Yes,No,Yes,73.86,1489.93,No
17,Month-to-month,Fiber optic,Credit card,0,No,No,Yes,Yes,No,No,Yes,No,Yes,No,78.72,1310.63,No
32,Month-to-month,Fiber optic,Electronic check,0,Yes,Yes,Yes,Yes,No,Yes,Yes,No,No,Yes,79.8,2533.94,Yes
46,One year,Fiber optic,Credit card,0,Yes,No,No,Yes,No,No,No,No,No,No,65.13,3068.32,No
69,Two year,Fiber optic,Electronic check,0,Yes,Yes,Yes,Yes,No,No,Yes,Yes,Yes,Yes,98.67,6535.44,No
47,One year,DSL,Mailed check,0,No,No,Yes,Yes,Yes,No,Yes,No,Yes,No,62.37,3065.32,No
14,One year,No,Mailed check,0,Yes,Yes,Yes,No,No internet service,No internet service,No internet service,No internet service,No internet service,No internet service,22.58,331.42,No
26,Month-to-month,DSL,Mailed check,0,No,No,Yes,Yes,No,No,Yes,No,No,Yes,57.81,1491.09,No
62,Two year,Fiber optic,Mailed check,0,No,No,Yes,Yes,No,No,No,Yes,Yes,Yes,86.11,5397.39,No
6,Month-to-month,Fiber optic,Electronic check,0,Yes,No,No,Yes,No,No,Yes,No,No,No,66.46,399.56,Yes
23,Month-to-month,No,Electronic check,0,Yes,No,Yes,Yes,No internet service,No internet service,No internet service,No internet service,No internet service,No internet service,22.13,508.1,Yes
0,Month-to-month,Fiber optic,Credit card,0,No,No,Yes,Yes,No,Yes,No,Yes,No,No,82.87,80.24,Yes
22,Month-to-month,Fiber optic,Electronic check,0,Yes,Yes,Yes,Yes,Yes,No,Yes,No,Yes,Yes,87.46,1871.25,Yes
29,Month-to-month,No,Mailed check,0,No,Yes,Yes,Yes,No internet service,No internet service,No internet service,No internet service,No internet service,No internet service,20.04,577.85,No
33,Month-to-month,Fiber optic,Electronic check,0,Yes,No,Yes,Yes,No,No,No,No,Yes,Yes,78.1,2578.8,Yes
29,Month-to-month,Fiber optic,Electronic check,0,Yes,No,Yes,Yes,No,Yes,Yes,Yes,Yes,No,92.93,2761.26,Yes
24,One year,Fiber optic,Electronic check,0,Yes,Yes,Yes,Yes,No,No,Yes,No,Yes,Yes,86.68,2017.47,Yes
0,Month-to-month,DSL,Bank transfer,0,Yes,Yes,No,Yes,Yes,No,Yes,No,Yes,No,62.7,65.11,Yes
33,Month-to-month,Fiber optic,Mailed check,1,No,No,Yes,Yes,Yes,Yes,Yes,No,Yes,Yes,101.48,3259.35,Yes
60,Two year,DSL,Electronic check,0,No,Yes,Yes,Yes,No,No,No,No,No,Yes,51.63,2963.67,No
46,One year,Fiber optic,Credit card,0,Yes,No,Yes,Yes,No,No,Yes,No,Yes,No,74.57,3352.57,No
45,Month-to-month,Fiber optic,Electronic check,0,No,No,Yes,Yes,Yes,No,No,No,No,Yes,74.51,3494.75,Yes
0,Month-to-month,Fiber optic,Bank transfer,1,Yes,No,Yes,Yes,Yes,No,Yes,Yes,Yes,No,84.55,83.99,Yes
72,Two year,No,Electronic check,0,No,No,No,Yes,No internet service,No internet service,No internet service,No internet service,No internet service,No internet service,18.14,1292.25,No
9,Month-to-month,Fiber optic,Credit card,0,No,No,No,Yes,Yes,Yes,Yes,No,No,Yes,92.71,798.31,No
31,Month-to-month,DSL,Electronic check,0,No,No,Yes,Yes,No,No,Yes,Yes,Yes,Yes,74.84,2210.73,Yes
54,Two year,DSL,Mailed check,0,No,No,Yes,Yes,No,No,Yes,Yes,No,Yes,66.37,3475.84,No
12,Month-to-month,Fiber optic,Bank transfer,0,Yes,No,No,Yes,Yes,No,No,No,No,Yes,70.43,835.96,No
14,One year,DSL,Bank transfer,0,Yes,No,Yes,No,No,No,No,No,Yes,No,51.19,745.94,No
27,One year,DSL,Credit card,0,Yes,No,No,Yes,No,Yes,No,Yes,Yes,Yes,75.21,2014.57,No
45,One year,DSL,Electronic check,0,No,Yes,Yes,No,Yes,No,No,Yes,No,No,54.0,2328.1,No
24,Month-to-month,No,Mailed check,0,Yes,Yes,Yes,Yes,No internet service,No internet service,No internet service,No internet service,No internet service,No internet service,18.0,451.77,No
33,Month-to-month,No,Credit card,0,No,No,Yes,Yes,No internet service,No internet service,No internet service,No internet service,No internet service,No internet service,18.0,598.45,No
7,Month-to-month,No,Credit card,0,Yes,Yes,No,Yes,No internet service,No internet service,No internet service,No internet service,No internet service,No internet service,22.3,160.02,No
30,Month-to-month,DSL,Mailed check,1,Yes,No,No,Yes,Yes,Yes,Yes,Yes,Yes,No,82.55,2435.26,No
55,Two year,DSL,Mailed check,0,No,Yes,No,Yes,Yes,No,No,No,Yes,Yes,64.52,3440.23,No
28,Month-to-month,DSL,Bank transfer,0,No,No,Yes,Yes,No,No,No,No,No,No,47.09,1277.77,No
46,One year,Fiber optic,Bank transfer,0,Yes,No,No,Yes,No,No,Yes,No,Yes,No,80.21,3538.99,No
46,Two year,No,Credit card,0,No,Yes,No,Yes,No internet service,No internet service,No internet service,No internet service,No internet service,No internet service,20.71,987.89,No
58,Two year,No,Credit card,0,No,No,Yes,Yes,No internet service,No internet service,No internet service,No internet service,No internet service,No internet service,18.0,1022.29,No
25,Month-to-month,Fiber optic,Mailed check,1,Yes,No,Yes,Yes,Yes,No,No,No,No,Yes,79.75,1934.94,Yes
31,Month-to-month,No,Bank transfer,0,No,Yes,Yes,Yes,No internet service,No internet service,No internet service,No internet service,No internet service,No internet service,22.14,711.01,No
72,Two year,No,Mailed check,1,Yes,No,No,No,No internet service,No internet service,No internet service,No internet service,No internet service,No internet service,18.0,1278.01,No
28,One year,Fiber optic,Electronic check,0,No,Yes,Yes,Yes,Yes,Yes,No,No,Yes,No,90.94,2492.47,No
35,Two year,No,Credit card,1,Yes,No,Yes,Yes,No internet service,No internet service,No internet service,No internet service,No internet service,No internet service,21.35,755.61,No
72,Two year,Fiber optic,Bank transfer,0,No,No,Yes,Yes,No,Yes,Yes,No,Yes,No,85.43,6033.22,No
33,Two year,Fiber optic,Electronic check,0,Yes,No,No,No,No,No,Yes,No,Yes,Yes,78.86,2635.4,No
35,Month-to-month,Fiber optic,Bank transfer,0,Yes,No,Yes,Yes,No,No,No,No,Yes,Yes,80.13,2871.05,No
23,One year,DSL,Electronic check,0,No,No,Yes,Yes,No,No,Yes,Yes,Yes,No,66.89,1578.88,No
8,Month-to-month,Fiber optic,Electronic check,0,Yes,No,No,No,No,Yes,Yes,No,No,Yes,82.12,625.26,Yes
37,One year,No,Bank transfer,0,No,Yes,Yes,Yes,No internet service,No internet service,No internet service,No internet service,No internet service,No internet service,21.07,760.85,No
31,Two year,Fiber optic,Bank transfer,0,No,No,Yes,Yes,Yes,No,No,No,No,Yes,76.29,2437.45,No
2,Month-to-month,Fiber optic,Mailed check,0,Yes,No,Yes,Yes,Yes,Yes,No,No,No,Yes,86.97,179.2,Yes
0,Month-to-month,DSL,Electronic check,1,Yes,No,No,Yes,No,No,Yes,No,Yes,No,57.27,60.02,No
29,Month-to-month,Fiber optic,Bank transfer,0,No,No,No,Yes,Yes,No,Yes,No,No,No,76.62,2185.76,Yes
54,Two year,DSL,Electronic check,0,Yes,Yes,No,Yes,No,Yes,Yes,Yes,Yes,No,74.4,4161.06,No
18,Month-to-month,Fiber optic,Credit card,0,Yes,No,Yes,Yes,No,No,No,No,Yes,No,72.28,1240.72,Yes
17,Month-to-month,No,Electronic check,0,Yes,No,Yes,Yes,No internet service,No internet service,No internet service,No internet service,No internet service,No internet service,21.16,367.96,No
18,Month-to-month,DSL,Credit card,0,Yes,No,Yes,No,No,No,Yes,No,Yes,Yes,61.38,1102.25,No
10,Month-to-month,Fiber optic,Electronic check,1,No,No,Yes,Yes,Yes,Yes,No,No,Yes,No,83.49,870.78,Yes
33,Month-to-month,Fiber optic,Electronic check,0,No,No,No,Yes,Yes,Yes,No,Yes,No,Yes,90.52,3022.61,Yes
0,Month-to-month,Fiber optic,Mailed check,0,No,No,No,Yes,No,No,Yes,No,No,No,72.09,74.66,Yes
0,Month-to-month,No,Bank transfer,1,No,Yes,Yes,Yes,No internet service,No internet service,No internet service,No internet service,No internet service,No internet service,18.87,19.77,No
40,Month-to-month,DSL,Credit card,0,Yes,Yes,No,Yes,No,Yes,No,Yes,No,Yes,66.52,2765.56,No
22,Month-to-month,Fiber optic,Mailed check,1,No,No,Yes,Yes,No,Yes,Yes,Yes,Yes,No,87.48,1905.93,No
0,Month-to-month,Fiber optic,Mailed check,0,No,Yes,Yes,No,Yes,Yes,Yes,Yes,Yes,Yes,100.45,96.92,Yes
23,Month-to-month,No,Electronic check,0,Yes,No,No,Yes,No internet service,No internet service,No internet service,No internet service,No internet service,No internet service,18.58,410.7,No
13,One year,Fiber optic,Bank transfer,0,No,Yes,No,Yes,Yes,Yes,No,Yes,No,No,85.58,1136.67,No
39,Month-to-month,DSL,Mailed check,0,Yes,No,No,Yes,No,No,Yes,No,No,No,53.45,2047.74,No
33,Month-to-month,DSL,Credit card,0,Yes,No,No,Yes,Yes,No,Yes,No,No,Yes,69.16,2241.13,No
52,Month-to-month,Fiber optic,Mailed check,0,Yes,No,Yes,Yes,No,Yes,Yes,No,No,Yes,80.56,4138.96,No
13,Month-to-month,DSL,Bank transfer,0,Yes,No,No,Yes,Yes,No,Yes,No,Yes,Yes,65.04,859.33,No
0,Month-to-month,Fiber optic,Credit card,0,Yes,No,No,No,Yes,No,No,Yes,No,Yes,81.74,83.82,No
9,Month-to-month,Fiber optic,Electronic check,0,Yes,No,Yes,Yes,No,Yes,Yes,No,No,Yes,83.75,747.33,Yes
46,Two year,No,Mailed check,1,Yes,No,Yes,Yes,No internet service,No internet service,No internet service,No internet service,No internet service,No internet service,18.39,821.03,No
24,Month-to-month,DSL,Credit card,0,Yes,Yes,No,Yes,No,No,Yes,No,Yes,No,53.71,1239.78,Yes
0,Month-to-month,No,Mailed check,0,Yes,No,No,Yes,No internet service,No internet service,No internet service,No internet service,No internet service,No internet service,19.36,19.43,No
18,Month-to-month,DSL,Mailed check,0,Yes,Yes,Yes,Yes,Yes,No,No,Yes,Yes,Yes,70.98,1312.59,No
2,Month-to-month,Fiber optic,Credit card,1,No,Yes,Yes,Yes,Yes,Yes,No,Yes,No,Yes,85.75,163.37,Yes
10,Month-to-month,DSL,Electronic check,0,No,Yes,Yes,Yes,No,No,No,Yes,No,Yes,56.68,570.97,No
72,Two year,DSL,Credit card,0,Yes,No,Yes,Yes,Yes,No,Yes,No,No,Yes,65.4,4771.28,No
70,Two year,Fiber optic,Mailed check,0,Yes,Yes,No,Yes,No,No,No,No,Yes,No,70.71,5126.17,No
30,Month-to-month,Fiber optic,Bank transfer,0,Yes,No,Yes,Yes,No,No,No,No,No,No,65.84,1922.79,No
28,Month-to-month,DSL,Electronic check,0,Yes,No,Yes,Yes,Yes,Yes,No,Yes,No,No,62.13,1683.62,No
14,Month-to-month,DSL,Mailed check,0,Yes,No,Yes,Yes,Yes,No,Yes,No,No,No,60.92,813.17,Yes
17,Month-to-month,Fiber optic,Electronic check,0,Yes,No,No,Yes,No,No,No,No,No,No,64.08,1124.91,Yes
13,One year,No,Electronic check,0,No,No,No,Yes,No internet service,No internet service,No internet service,No internet service,No internet service,No internet service,20.66,263.73,No
0,Month-to-month,Fiber optic,Mailed check,0,No,No,No,Yes,No,No,No,Yes,No,Yes,74.66,73.36,No
20,Month-to-month,Fiber optic,Electronic check,0,Yes,No,Yes,Yes,No,No,Yes,No,Yes,Yes,79.69,1668.1,Yes
36,Two year,Fiber optic,Bank transfer,1,Yes,No,Yes,Yes,No,No,Yes,Yes,No,Yes,85.5,3229.19,No
29,Month-to-month,No,Electronic check,0,Yes,Yes,Yes,Yes,No internet service,No internet service,No internet service,No internet service,No internet service,No internet service,20.13,578.77,No
17,Month-to-month,Fiber optic,Electronic check,0,No,Yes,No,Yes,No,No,No,No,No,No,64.03,1073.55,No
33,One year,DSL,Electronic check,1,No,No,No,Yes,Yes,No,Yes,No,No,Yes,66.26,2107.94,No
8,Month-to-month,Fiber optic,Mailed check,0,No,No,Yes,Yes,Yes,Yes,No,No,No,Yes,85.01,683.48,Yes
25,Month-to-month,DSL,Electronic check,0,No,Yes,Yes,Yes,Yes,Yes,Yes,Yes,Yes,Yes,86.66,2137.63,No
29,Month-to-month,No,Electronic check,0,No,Yes,No,Yes,No internet service,No internet service,No internet service,No internet service,No internet service,No internet service,20.94,581.57,No
40,Two year,Fiber optic,Bank transfer,0,Yes,No,No,Yes,No,Yes,No,Yes,No,No,77.98,3173.37,No
10,Month-to-month,No,Bank transfer,1,No,No,No,Yes,No internet service,No internet service,No internet service,No internet service,No internet service,No internet service,20.16,194.87,No
15,Month-to-month,Fiber optic,Bank transfer,0,Yes,No,Yes,Yes,Yes,No,No,No,Yes,Yes,76.6,1149.64,Yes
23,Month-to-month,Fiber optic,Electronic check,0,No,No,No,Yes,No,Yes,No,Yes,No,Yes,85.52,1960.31,Yes
23,Month-to-month,DSL,Credit card,1,Yes,No,Yes,Yes,No,No,Yes,No,No,Yes,57.64,1306.29,Yes
36,One year,DSL,Bank transfer,1,Yes,No,No,Yes,Yes,Yes,No,No,No,Yes,67.66,2331.06,Yes
29,Month-to-month,Fiber optic,Bank transfer,0,Yes,No,Yes,Yes,No,No,Yes,Yes,No,No,78.69,2395.96,No
36,One year,DSL,Electronic check,0,Yes,No,Yes,Yes,No,No,No,No,Yes,Yes,50.99,1869.61,No
16,One year,Fiber optic,Electronic check,0,No,Yes,Yes,Yes,No,No,No,Yes,Yes,No,79.34,1215.23,Yes
72,Two year,DSL,Mailed check,0,Yes,No,Yes,Yes,No,Yes,No,No,No,No,54.3,4054.62,No
34,Month-to-month,DSL,Electronic check,1,Yes,Yes,No,No,No,No,Yes,No,Yes,No,58.22,1903.42,No
32,Two year,No,Bank transfer,0,Yes,Yes,No,Yes,No internet service,No internet service,No internet service,No internet service,No internet service,No internet service,19.62,615.51,No
41,One year,DSL,Electronic check,0,No,Yes,No,Yes,Yes,No,No,Yes,Yes,Yes,66.84,2863.76,No
39,Month-to-month,DSL,Electronic check,0,No,No,No,Yes,No,No,No,Yes,No,Yes,63.38,2511.38,No
49,Two year,DSL,Electronic check,0,No,Yes,Yes,Yes,No,No,Yes,Yes,Yes,No,62.75,2953.47,No
66,Two year,Fiber optic,Electronic check,0,Yes,Yes,No,Yes,No,No,No,No,Yes,Yes,79.02,5206.11,No
36,Month-to-month,Fiber optic,Mailed check,0,Yes,No,No,Yes,No,Yes,No,No,No,Yes,76.07,2788.84,No
58,Two year,No,Electronic check,0,Yes,Yes,No,Yes,No internet service,No internet service,No internet service,No internet service,No internet service,No internet service,19.4,1138.07,No
52,Month-to-month,Fiber optic,Mailed check,0,Yes,Yes,Yes,Yes,No,Yes,No,No,Yes,No,83.47,4306.85,No
48,One year,No,Electronic check,0,Yes,No,Yes,Yes,No internet service,No internet service,No internet service,No internet service,No internet service,No internet service,19.88,957.69,No
56,Two year,Fiber optic,Mailed check,1,No,No,No,Yes,No,No,No,No,Yes,No,70.96,3911.93,No
15,Month-to-month,No,Credit card,0,No,No,No,No,No internet service,No internet service,No internet service,No internet service,No internet service,No internet service,18.0,264.84,Yes
53,Two year,Fiber optic,Credit card,0,Yes,Yes,Yes,Yes,No,Yes,Yes,No,No,No,79.51,4092.47,No
9,Month-to-month,No,Bank transfer,0,No,No,Yes,Yes,No internet service,No internet service,No internet service,No internet service,No internet service,No internet service,18.0,158.52,Yes
36,Two year,DSL,Mailed check,0,Yes,Yes,Yes,Yes,No,No,Yes,Yes,No,Yes,63.2,2319.61,No
24,One year,Fiber optic,Bank transfer,0,Yes,No,No,Yes,No,No,No,No,Yes,No,72.22,1808.49,No
16,Month-to-month,DSL,Credit card,1,No,No,Yes,Yes,Yes,Yes,Yes,No,Yes,No,67.98,1091.6,No
31,Month-to-month,DSL,Mailed check,0,No,No,No,No,Yes,No,No,No,No,Yes,61.39,1821.25,No
23,Month-to-month,Fiber optic,Electronic check,0,No,No,Yes,Yes,Yes,Yes,Yes,Yes,Yes,Yes,101.67,2357.94,Yes
21,Month-to-month,Fiber optic,Bank transfer,0,No,Yes,Yes,Yes,No,No,Yes,No,No,Yes,76.63,1685.61,Yes
52,Month-to-month,DSL,Electronic check,1,Yes,No,Yes,Yes,Yes,No,No,Yes,Yes,Yes,74.1,4003.33,No
45,Month-to-month,DSL,Bank transfer,0,No,No,Yes,Yes,No,No,No,No,No,Yes,53.92,2514.03,Yes
3,Month-to-month,Fiber optic,Electronic check,0,No,No,Yes,Yes,Yes,No,Yes,Yes,Yes,No,87.43,270.17,Yes
29,Month-to-month,No,Electronic check,0,Yes,No,No,Yes,No internet service,No internet service,No internet service,No internet service,No internet service,No internet service,21.7,614.68,No
19,One year,Fiber optic,Bank transfer,0,No,No,Yes,Yes,No,No,Yes,Yes,Yes,Yes,91.62,1827.09,Yes
42,One year,Fiber optic,Bank transfer,0,No,No,Yes,Yes,Yes,Yes,No,Yes,No,No,83.34,3554.4,No
16,One year,DSL,Mailed check,0,No,No,No,Yes,No,No,Yes,Yes,No,Yes,58.75,951.21,No
8,Month-to-month,Fiber optic,Credit card,0,Yes,Yes,Yes,Yes,No,No,Yes,No,Yes,No,79.97,637.78,No
64,Two year,Fiber optic,Credit card,0,Yes,No,Yes,Yes,No,Yes,No,Yes,No,No,73.57,4647.36,No
31,One year,DSL,Mailed check,0,No,No,No,Yes,Yes,No,Yes,No,Yes,No,64.94,1953.34,No
1,Month-to-month,Fiber optic,Credit card,0,No,No,Yes,Yes,No,No,No,Yes,Yes,No,75.63,76.21,Yes
7,Month-to-month,Fiber optic,Mailed check,0,Yes,No,Yes,Yes,No,Yes,No,No,No,No,70.32,471.91,Yes
23,One year,DSL,Electronic check,0,Yes,No,Yes,Yes,No,Yes,No,No,No,Yes,62.01,1474.48,No
25,Month-to-month,DSL,Credit card,0,Yes,No,Yes,Yes,No,Yes,No,No,Yes,Yes,63.66,1607.09,No
37,Month-to-month,No,Mailed check,0,Yes,Yes,Yes,Yes,No internet service,No internet service,No internet service,No internet service,No internet service,No internet service,18.85,669.99,No
51,Two year,DSL,Credit card,0,No,No,No,Yes,No,No,No,Yes,Yes,No,54.25,2783.12,No
34,Month-to-month,DSL,Electronic check,0,No,Yes,Yes,Yes,No,No,No,Yes,No,No,50.1,1753.74,No
9,Month-to-month,Fiber optic,Electronic check,0,No,No,No,Yes,No,Yes,Yes,No,Yes,No,85.81,739.88,No
52,Two year,No,Electronic check,0,No,No,No,No,No internet service,No internet service,No internet service,No internet service,No internet service,No internet service,19.72,1067.36,No
67,One year,Fiber optic,Bank transfer,0,No,No,Yes,Yes,Yes,No,Yes,Yes,Yes,No,87.75,5956.45,No
15,Month-to-month,Fiber optic,Credit card,0,No,No,Yes,No,No,No,No,No,No,No,66.1,1003.64,Yes
71,Two year,No,Mailed check,0,Yes,Yes,Yes,Yes,No internet service,No internet service,No internet service,No internet service,No internet service,No internet service,18.0,1269.0,No
42,Two year,DSL,Electronic check,0,Yes,No,Yes,Yes,No,No,No,No,No,Yes,51.66,2214.84,No
18,Month-to-month,DSL,Mailed check,1,No,Yes,No,Yes,No,No,No,Yes,No,Yes,53.84,934.41,No
24,One year,Fiber optic,Mailed check,0,Yes,No,Yes,Yes,No,Yes,No,Yes,Yes,No,84.62,2090.8,No
19,Month-to-month,Fiber optic,Bank transfer,0,Yes,No,Yes,Yes,Yes,No,Yes,No,Yes,Yes,91.8,1786.17,No
22,Month-to-month,DSL,Bank transfer,0,Yes,No,Yes,Yes,Yes,No,Yes,Yes,Yes,No,75.23,1606.12,No
50,One year,DSL,Electronic check,0,No,Yes,No,Yes,Yes,Yes,Yes,No,Yes,Yes,82.82,4291.39,No
9,Month-to-month,DSL,Mailed check,0,Yes,No,Yes,No,No,No,Yes,Yes,No,No,61.68,570.23,No
35,One year,Fiber optic,Bank transfer,1,No,No,Yes,Yes,No,No,Yes,No,No,Yes,80.45,2697.41,No
72,Two year,Fiber optic,Electronic check,0,Yes,No,Yes,Yes,No,Yes,Yes,No,Yes,No,84.6,5874.63,No
0,Month-to-month,DSL,Mailed check,0,No,No,No,No,No,No,Yes,No,Yes,No,54.92,54.57,No
0,One year,DSL,Bank transfer,0,No,No,Yes,Yes,No,No,Yes,Yes,Yes,No,67.84,66.4,No
8,Month-to-month,Fiber optic,Mailed check,0,No,No,Yes,No,No,No,No,Yes,Yes,No,77.31,591.35,Yes
64,Two year,Fiber optic,Electronic check,0,No,Yes,No,No,No,No,No,No,Yes,Yes,80.37,5360.64,No
19,Month-to-month,Fiber optic,Electronic check,0,No,No,No,Yes,Yes,No,No,No,No,Yes,82.21,1569.58,Yes
23,One year,Fiber optic,Bank transfer,0,Yes,No,Yes,Yes,Yes,No,Yes,No,No,No,79.4,1850.58,No
39,One year,DSL,Electronic check,0,Yes,No,No,Yes,Yes,No,No,No,Yes,No,54.3,2130.93,No
12,Month-to-month,Fiber optic,Credit card,1,No,No,Yes,Yes,No,No,No,No,No,Yes,69.13,792.98,No
13,One year,DSL,Mailed check,0,No,Yes,No,Yes,No,No,No,Yes,No,No,46.7,615.61,No
33,One year,DSL,Mailed check,0,No,No,No,Yes,No,No,No,Yes,Yes,No,55.92,1796.52,No
50,One year,No,Bank transfer,0,No,No,Yes,Yes,No internet service,No internet service,No internet service,No internet service,No internet service,No internet service,20.49,1011.26,No
34,One year,No,Mailed check,0,No,No,Yes,Yes,No internet service,No internet service,No internet service,No internet service,No internet service,No internet service,22.22,775.28,No
30,Two year,Fiber optic,Electronic check,0,No,No,Yes,Yes,Yes,Yes,Yes,No,No,Yes,87.02,2683.6,No
46,Month-to-month,Fiber optic,Electronic check,0,No,No,Yes,Yes,No,No,Yes,No,Yes,Yes,79.65,3776.53,No
2,Month-to-month,Fiber optic,Bank transfer,0,Yes,No,Yes,Yes,No,Yes,No,Yes,Yes,No,85.56,166.75,Yes
24,Month-to-month,DSL,Mailed check,0,No,Yes,No,Yes,No,Yes,No,Yes,Yes,No,65.93,1568.81,No
67,Two year,Fiber optic,Credit card,0,No,No,Yes,Yes,Yes,Yes,Yes,No,No,Yes,91.98,6274.63,No
25,Month-to-month,Fiber optic,Mailed check,0,No,Yes,Yes,Yes,No,Yes,No,Yes,Yes,Yes,91.34,2333.12,Yes
14,Month-to-month,Fiber optic,Mailed check,0,Yes,No,Yes,Yes,Yes,Yes,Yes,Yes,No,Yes,95.05,1373.71,Yes
0,Month-to-month,Fiber optic,Electronic check,0,No,Yes,Yes,Yes,No,No,No,Yes,No,No,67.3,69.22,Yes
72,Two year,DSL,Electronic check,0,No,No,Yes,Yes,Yes,Yes,No,No,No,No,54.55,3835.59,Yes
0,Month-to-month,DSL,Credit card,0,Yes,No,No,No,No,No,No,Yes,No,Yes,56.31,58.71,Yes
54,One year,DSL,Electronic check,0,Yes,No,Yes,Yes,No,Yes,No,No,No,No,52.65,2719.28,No
36,Month-to-month,No,Credit card,0,No,No,Yes,Yes,No internet service,No internet service,No internet service,No internet service,No internet service,No internet service,20.69,739.03,No
34,Two year,Fiber optic,Electronic check,0,No,Yes,Yes,Yes,Yes,No,No,Yes,No,Yes,83.47,2748.89,No
0,Month-to-month,Fiber optic,Mailed check,0,No,No,Yes,Yes,No,No,Yes,No,No,No,74.92,73.83,No
12,Month-to-month,Fiber optic,Electronic check,0,No,No,Yes,Yes,No,No,No,No,Yes,No,67.06,821.12,Yes
69,Two year,DSL,Bank transfer,0,Yes,Yes,Yes,Yes,No,Yes,Yes,Yes,No,Yes,72.94,4893.88,No
44,Two year,DSL,Electronic check,1,Yes,No,Yes,Yes,No,No,No,No,Yes,Yes,57.81,2639.35,No
20,Month-to-month,Fiber optic,Mailed check,0,No,No,Yes,Yes,No,Yes,Yes,No,No,Yes,87.06,1678.92,No
10,Month-to-month,No,Credit card,0,Yes,No,Yes,Yes,No internet service,No internet service,No internet service,No internet service,No internet service,No internet service,18.91,192.66,No
51,One year,Fiber optic,Bank transfer,0,Yes,No,No,No,Yes,Yes,No,No,Yes,No,82.5,4244.17,No
44,Two year,Fiber optic,Electronic check,0,Yes,No,No,Yes,No,Yes,Yes,No,Yes,Yes,91.47,3870.49,No
6,Month-to-month,DSL,Credit card,0,Yes,No,Yes,Yes,Yes,No,No,No,Yes,Yes,60.56,362.44,No
1,Month-to-month,No,Mailed check,0,Yes,Yes,Yes,Yes,No internet service,No internet service,No internet service,No internet service,No internet service,No internet service,20.52,21.51,No
21,One year,DSL,Electronic check,0,No,No,Yes,No,Yes,Yes,No,Yes,Yes,Yes,70.94,1438.25,No
55,One year,No,Mailed check,0,Yes,No,Yes,Yes,No internet service,No internet service,No internet service,No internet service,No internet service,No internet service,19.12,1041.49,No
48,Two year,Fiber optic,Credit card,0,No,No,Yes,Yes,No,No,No,No,No,No,64.22,3154.1,No
23,One year,DSL,Mailed check,0,Yes,Yes,No,Yes,Yes,No,Yes,No,Yes,Yes,74.37,1713.41,No
0,Month-to-month,No,Bank transfer,0,No,No,Yes,Yes,No internet service,No internet service,No internet service,No internet service,No internet service,No internet service,21.37,20.55,Yes
50,Two year,DSL,Bank transfer,1,Yes,No,Yes,Yes,No,No,No,No,No,No,43.91,2163.17,No
41,Two year,Fiber optic,Mailed check,0,Yes,Yes,Yes,Yes,No,No,Yes,No,No,No,67.92,2790.72,No
38,Two year,No,Electronic check,0,Yes,No,Yes,Yes,No internet service,No internet service,No internet service,No internet service,No internet service,No internet service,19.79,723.71,No
6,Month-to-month,Fiber optic,Bank transfer,0,No,No,Yes,Yes,Yes,Yes,Yes,No,No,No,86.17,512.51,No
20,Month-to-month,Fiber optic,Mailed check,0,No,No,No,Yes,Yes,No,No,Yes,Yes,Yes,98.18,1982.9,Yes
19,One year,No,Electronic check,0,No,Yes,Yes,Yes,No internet service,No internet service,No internet service,No internet service,No internet service,No internet service,18.64,338.91,Yes
13,Month-to-month,No,Electronic check,0,Yes,Yes,No,Yes,No internet service,No internet service,No internet service,No internet service,No internet service,No internet service,19.79,246.12,No
68,Two year,No,Credit card,0,Yes,No,No,Yes,No internet service,No internet service,No internet service,No internet service,No internet service,No internet service,21.87,1501.25,No
9,Month-to-month,No,Electronic check,0,No,Yes,Yes,Yes,No internet service,No internet service,No internet service,No internet service,No internet service,No internet service,23.07,201.77,No
21,One year,Fiber optic,Electronic check,0,Yes,No,Yes,Yes,No,Yes,Yes,Yes,Yes,Yes,98.59,2036.95,No
71,Two year,No,Electronic check,0,No,No,Yes,Yes,No internet service,No internet service,No internet service,No internet service,No internet service,No internet service,21.34,1475.79,No
17,Month-to-month,Fiber optic,Electronic check,0,No,Yes,No,No,No,No,No,Yes,Yes,No,84.65,1501.52,Yes
15,Month-to-month,DSL,Credit card,0,No,No,No,No,No,No,No,No,No,No,41.84,615.77,Yes
46,One year,Fiber optic,Mailed check,1,Yes,No,No,Yes,No,Yes,No,No,Yes,Yes,88.49,4074.96,No
37,One year,No,Bank transfer,0,Yes,No,Yes,Yes,No internet service,No internet service,No internet service,No internet service,No internet service,No internet service,20.59,744.17,No
19,Month-to-month,DSL,Bank transfer,1,Yes,Yes,No,Yes,No,No,No,No,Yes,No,48.14,916.02,No
13,One year,No,Mailed check,0,No,Yes,Yes,Yes,No internet service,No internet service,No internet service,No internet service,No internet service,No internet service,18.89,256.71,No
41,Two year,Fiber optic,Credit card,0,No,No,No,Yes,No,No,No,No,No,Yes,72.79,2864.27,No
48,Month-to-month,Fiber optic,Credit card,0,Yes,No,No,Yes,No,No,No,Yes,No,Yes,77.54,3781.85,Yes
1,Month-to-month,DSL,Bank transfer,0,No,No,No,Yes,No,No,Yes,No,Yes,Yes,64.38,63.45,Yes
19,Month-to-month,Fiber optic,Bank transfer,0,Yes,No,Yes,Yes,Yes,No,No,No,No,No,68.17,1285.54,No
46,Month-to-month,DSL,Mailed check,0,Yes,No,Yes,Yes,Yes,No,No,No,Yes,No,53.56,2497.97,No
29,Month-to-month,Fiber optic,Credit card,0,Yes,No,No,Yes,Yes,Yes,No,Yes,No,No,82.56,2393.03,No
23,Month-to-month,DSL,Electronic check,0,No,No,Yes,Yes,Yes,No,No,Yes,No,Yes,68.14,1635.25,Yes
25,One year,Fiber optic,Bank transfer,0,Yes,Yes,Yes,Yes,Yes,No,No,No,No,No,74.79,1937.51,No
8,Month-to-month,Fiber optic,Mailed check,0,Yes,No,No,Yes,Yes,No,Yes,Yes,No,Yes,89.01,676.93,Yes
49,Two year,DSL,Mailed check,0,Yes,Yes,No,Yes,No,No,No,No,Yes,Yes,56.77,2696.9,No
23,Month-to-month,Fiber optic,Credit card,0,Yes,No,No,No,No,No,No,No,Yes,No,73.23,1614.83,No
38,Month-to-month,Fiber optic,Bank transfer,1,No,No,Yes,Yes,No,No,No,No,No,Yes,72.76,2648.6,Yes
40,One year,Fiber optic,Electronic check,1,Yes,No,No,Yes,No,No,No,No,Yes,Yes,75.84,2907.84,Yes
45,Two year,Fiber optic,Bank transfer,0,No,Yes,No,Yes,No,Yes,No,Yes,Yes,Yes,94.07,4263.9,No
16,Month-to-month,DSL,Credit card,0,No,No,Yes,Yes,No,No,Yes,Yes,Yes,No,63.29,1009.88,Yes
26,Month-to-month,Fiber optic,Bank transfer,0,Yes,No,Yes,Yes,No,Yes,No,Yes,Yes,No,80.57,2137.05,No
23,Month-to-month,Fiber optic,Credit card,0,No,No,No,Yes,Yes,No,Yes,Yes,No,No,81.75,1866.58,Yes
14,Month-to-month,DSL,Credit card,0,No,No,Yes,Yes,No,No,Yes,No,Yes,No,52.92,754.38,Yes
0,Month-to-month,DSL,Credit card,0,No,No,Yes,Yes,No,No,No,No,Yes,No,51.17,52.36,No
35,Month-to-month,DSL,Mailed check,0,Yes,No,Yes,Yes,No,No,No,No,No,Yes,47.39,1593.86,Yes
14,Month-to-month,Fiber optic,Mailed check,0,No,Yes,No,Yes,No,No,No,Yes,No,Yes,72.32,1061.33,No
22,Month-to-month,No,Credit card,1,No,No,Yes,Yes,No internet service,No internet service,No internet service,No internet service,No internet service,No internet service,19.4,431.59,No
43,Two year,Fiber optic,Credit card,0,Yes,No,Yes,Yes,No,No,Yes,No,Yes,Yes,86.63,3860.35,No
27,One year,Fiber optic,Electronic check,0,No,No,Yes,Yes,No,No,No,No,No,Yes,74.28,2016.86,Yes
26,Month-to-month,No,Electronic check,0,Yes,No,Yes,Yes,No internet service,No internet service,No internet service,No internet service,No internet service,No internet service,18.32,493.53,No
0,Month-to-month,DSL,Mailed check,0,No,No,Yes,Yes,No,Yes,No,Yes,No,No,56.06,53.4,Yes
0,Month-to-month,DSL,Bank transfer,1,No,No,Yes,No,Yes,Yes,No,No,Yes,Yes,72.49,73.44,No
42,Month-to-month,No,Credit card,0,No,No,Yes,Yes,No internet service,No internet service,No internet service,No internet service,No internet service,No internet service,23.68,982.24,No
67,Two year,Fiber optic,Bank transfer,1,Yes,No,Yes,No,No,Yes,Yes,Yes,No,No,88.44,5865.3,No
61,Two year,No,Electronic check,0,No,Yes,Yes,Yes,No internet service,No internet service,No internet service,No internet service,No internet service,No internet service,18.0,1113.09,No
37,Two year,DSL,Electronic check,0,Yes,No,Yes,Yes,No,No,No,Yes,No,Yes,63.0,2417.92,No
58,Two year,Fiber optic,Credit card,0,No,No,Yes,Yes,Yes,Yes,No,No,Yes,Yes,87.85,5323.41,No
53,Two year,Fiber optic,Mailed check,0,No,No,Yes,Yes,Yes,No,No,No,No,No,69.6,3851.88,No
47,Two year,Fiber optic,Electronic check,1,Yes,Yes,Yes,Yes,No,Yes,No,No,No,Yes,78.62,3625.56,No
17,Month-to-month,No,Electronic check,0,No,No,Yes,Yes,No internet service,No internet service,No internet service,No internet service,No internet service,No internet service,20.09,339.29,Yes
0,Month-to-month,Fiber optic,Credit card,0,No,No,Yes,Yes,No,No,No,No,No,No,67.16,64.97,Yes
0,Month-to-month,Fiber optic,Mailed check,0,No,No,Yes,Yes,Yes,No,Yes,Yes,No,No,87.96,85.82,Yes
43,One year,DSL,Electronic check,0,Yes,No,Yes,Yes,No,No,Yes,Yes,No,Yes,63.83,2782.29,Yes
21,Month-to-month,DSL,Electronic check,1,Yes,No,No,Yes,No,No,Yes,No,No,Yes,60.43,1276.03,No
58,Two year,Fiber optic,Credit card,0,Yes,No,Yes,Yes,No,No,No,Yes,Yes,No,76.93,4615.86,No
50,One year,No,Mailed check,0,No,Yes,No,Yes,No internet service,No internet service,No internet service,No internet service,No internet service,No internet service,18.47,921.82,No
26,Month-to-month,DSL,Mailed check,0,Yes,No,Yes,Yes,Yes,Yes,No,No,No,No,53.89,1338.25,No
42,Month-to-month,No,Electronic check,0,Yes,Yes,Yes,Yes,No internet service,No internet service,No internet service,No internet service,No internet service,No internet service,21.0,892.42,No
37,Month-to-month,Fiber optic,Electronic check,1,Yes,No,Yes,Yes,No,Yes,No,Yes,No,Yes,86.42,3080.75,No
19,Month-to-month,Fiber optic,Credit card,0,No,No,Yes,Yes,No,No,No,No,No,Yes,69.92,1334.45,Yes
57,Two year,DSL,Bank transfer,1,Yes,No,No,Yes,Yes,No,No,No,Yes,Yes,65.24,3856.4,No
42,One year,Fiber optic,Mailed check,0,No,No,Yes,Yes,Yes,No,No,No,No,No,70.53,2959.34,No
13,One year,DSL,Credit card,0,Yes,Yes,No,Yes,Yes,Yes,No,No,No,Yes,65.13,809.23,No
33,Month-to-month,Fiber optic,Mailed check,0,No,No,No,Yes,Yes,No,No,Yes,No,No,79.25,2634.41,No
27,Month-to-month,DSL,Credit card,0,No,No,No,No,No,No,Yes,Yes,Yes,Yes,71.39,1836.71,No
0,Month-to-month,No,Electronic check,0,No,No,Yes,Yes,No internet service,No internet service,No internet service,No internet service,No internet service,No internet service,20.47,20.1,Yes
72,Two year,No,Mailed check,0,No,No,Yes,Yes,No internet service,No internet service,No internet service,No internet service,No internet service,No internet service,22.0,1518.16,No
47,Two year,No,Credit card,0,Yes,Yes,No,Yes,No internet service,No internet service,No internet service,No internet service,No internet service,No internet service,19.3,910.93,No
16,Month-to-month,No,Credit card,0,Yes,Yes,Yes,Yes,No internet service,No internet service,No internet service,No internet service,No internet service,No internet service,21.3,357.51,No
52,Two year,DSL,Bank transfer,0,Yes,No,No,Yes,Yes,No,No,No,Yes,Yes,59.0,2988.36,No
15,Month-to-month,Fiber optic,Bank transfer,1,Yes,No,Yes,Yes,No,No,No,No,No,Yes,72.39,1086.58,Yes
72,Two year,No,Credit card,1,No,Yes,No,Yes,No internet service,No internet service,No internet service,No internet service,No internet service,No internet service,18.21,1302.77,No
14,Month-to-month,No,Bank transfer,0,Yes,No,No,Yes,No internet service,No internet service,No internet service,No internet service,No internet service,No internet service,18.0,258.62,No
13,Month-to-month,No,Electronic check,0,No,Yes,Yes,No,No internet service,No internet service,No internet service,No internet service,No internet service,No internet service,18.0,228.27,No
54,Two year,DSL,Mailed check,0,Yes,Yes,No,Yes,No,Yes,Yes,Yes,No,No,67.68,3695.29,No
4,Month-to-month,Fiber optic,Bank transfer,0,No,No,No,Yes,Yes,Yes,Yes,Yes,No,No,87.9,356.81,No
23,Month-to-month,No,Bank transfer,0,No,No,Yes,Yes,No internet service,No internet service,No internet service,No internet service,No internet service,No internet service,19.4,434.78,No
5,Month-to-month,No,Credit card,0,No,Yes,Yes,Yes,No internet service,No internet service,No internet service,No internet service,No internet service,No internet service,19.96,97.55,Yes
26,Month-to-month,DSL,Mailed check,0,Yes,No,No,Yes,No,Yes,Yes,Yes,Yes,Yes,75.02,2027.3,No
21,One year,No,Electronic check,0,No,No,No,Yes,No internet service,No internet service,No internet service,No internet service,No internet service,No internet service,21.24,446.58,No
45,Two year,DSL,Electronic check,1,No,No,No,Yes,Yes,No,Yes,Yes,No,Yes,70.7,3305.32,Yes
38,Two year,No,Credit card,0,Yes,No,No,Yes,No internet service,No internet service,No internet service,No internet service,No internet service,No internet service,21.21,820.03,No
9,Month-to-month,Fiber optic,Electronic check,1,No,No,Yes,No,No,Yes,No,No,No,No,71.09,608.73,Yes
0,Month-to-month,No,Credit card,0,No,Yes,Yes,Yes,No internet service,No internet service,No internet service,No internet service,No internet service,No internet service,19.32,18.5,Yes
0,Month-to-month,Fiber optic,Electronic check,0,Yes,No,Yes,Yes,Yes,Yes,Yes,No,No,Yes,90.59,88.39,Yes
13,Month-to-month,Fiber optic,Mailed check,0,Yes,No,Yes,Yes,No,No,No,Yes,Yes,Yes,80.65,1060.43,No
0,Month-to-month,Fiber optic,Credit card,0,Yes,Yes,No,Yes,No,No,Yes,No,Yes,Yes,87.05,83.96,Yes
72,Two year,DSL,Mailed check,0,No,Yes,No,Yes,No,No,No,No,Yes,Yes,52.98,3668.91,No
48,Two year,Fiber optic,Credit card,0,No,Yes,No,Yes,Yes,No,Yes,No,Yes,No,86.0,3980.78,No
65,Two year,No,Electronic check,0,No,No,No,Yes,No internet service,No internet service,No internet service,No internet service,No internet service,No internet service,18.0,1210.56,No
23,Month-to-month,DSL,Mailed check,0,Yes,No,No,Yes,No,No,No,No,Yes,Yes,53.62,1187.87,No
1,Month-to-month,No,Bank transfer,0,No,Yes,Yes,Yes,No internet service,No internet service,No internet service,No internet service,No internet service,No internet service,22.58,22.38,No
11,Month-to-month,Fiber optic,Credit card,0,No,No,Yes,Yes,No,Yes,Yes,Yes,No,Yes,91.72,1010.49,No
30,Month-to-month,Fiber optic,Electronic check,0,Yes,No,Yes,No,No,Yes,No,No,No,Yes,81.02,2388.1,Yes
29,Month-to-month,DSL,Electronic check,0,No,Yes,No,Yes,No,Yes,Yes,Yes,No,Yes,64.39,1857.67,Yes
32,Month-to-month,DSL,Bank transfer,1,No,No,Yes,Yes,No,Yes,No,No,Yes,No,56.65,1890.78,No
7,Month-to-month,DSL,Credit card,0,Yes,Yes,No,Yes,No,No,No,No,Yes,Yes,58.25,412.93,No
63,Two year,No,Credit card,0,Yes,Yes,Yes,No,No internet service,No internet service,No internet service,No internet service,No internet service,No internet service,21.21,1397.87,No
8,Month-to-month,No,Credit card,0,No,No,Yes,Yes,No internet service,No internet service,No internet service,No internet service,No internet service,No internet service,20.59,162.21,No
70,Two year,DSL,Mailed check,0,Yes,No,Yes,Yes,No,Yes,Yes,Yes,Yes,Yes,82.86,5766.38,No
34,Month-to-month,No,Mailed check,0,Yes,Yes,Yes,Yes,No internet service,No internet service,No internet service,No internet service,No internet service,No internet service,20.1,697.08,No
16,One year,DSL,Credit card,1,No,No,Yes,Yes,No,Yes,No,No,Yes,Yes,63.43,1025.25,Yes
22,Month-to-month,DSL,Credit card,1,No,No,Yes,Yes,No,Yes,No,No,No,No,53.01,1198.05,No
0,Month-to-month,Fiber optic,Credit card,0,No,No,Yes,Yes,No,Yes,Yes,Yes,Yes,Yes,97.24,100.56,Yes
31,Month-to-month,Fiber optic,Credit card,0,Yes,No,Yes,No,No,No,No,Yes,No,Yes,74.0,2269.95,Yes
0,Month-to-month,Fiber optic,Credit card,0,No,No,Yes,Yes,No,No,Yes,No,Yes,No,79.97,76.92,No
59,Two year,DSL,Electronic check,1,No,No,No,Yes,No,Yes,No,No,No,No,55.15,3277.29,No
30,Month-to-month,DSL,Electronic check,0,Yes,No,Yes,Yes,No,No,Yes,Yes,No,Yes,70.53,2067.16,No
39,One year,Fiber optic,Credit card,0,Yes,Yes,Yes,Yes,Yes,Yes,Yes,No,Yes,Yes,101.75,3858.08,No
32,Month-to-month,DSL,Mailed check,0,Yes,No,No,Yes,No,No,No,No,No,No,43.17,1328.38,No
23,Month-to-month,Fiber optic,Electronic check,0,No,No,Yes,Yes,No,No,Yes,Yes,No,No,77.05,1758.77,Yes
43,Month-to-month,Fiber optic,Mailed check,0,No,No,No,No,No,Yes,No,Yes,Yes,No,83.62,3420.0,No
0,Month-to-month,No,Bank transfer,0,No,Yes,No,Yes,No internet service,No internet service,No internet service,No internet service,No internet service,No internet service,21.25,20.54,No
48,Two year,Fiber optic,Credit card,0,Yes,Yes,No,Yes,No,No,No,No,Yes,Yes,78.51,3750.99,No
23,Two year,Fiber optic,Credit card,0,Yes,No,Yes,Yes,No,No,Yes,Yes,Yes,No,84.02,1982.66,No
33,One year,DSL,Electronic check,0,No,No,No,Yes,Yes,Yes,Yes,No,No,No,63.83,2073.13,No
0,Month-to-month,Fiber optic,Mailed check,0,Yes,No,Yes,Yes,No,Yes,Yes,No,No,No,75.05,73.52,No
0,Month-to-month,DSL,Electronic check,0,Yes,No,Yes,Yes,Yes,Yes,No,No,Yes,Yes,69.11,67.09,Yes
29,Two year,No,Credit card,0,No,No,Yes,Yes,No internet service,No internet service,No internet service,No internet service,No internet service,No internet service,18.43,545.72,No
10,Month-to-month,DSL,Electronic check,0,No,Yes,Yes,Yes,Yes,No,No,Yes,No,No,58.32,559.61,Yes
22,Month-to-month,DSL,Bank transfer,0,No,No,Yes,Yes,No,Yes,Yes,Yes,No,Yes,78.79,1760.87,No
26,Month-to-month,Fiber optic,Bank transfer,1,Yes,Yes,No,Yes,No,No,Yes,Yes,No,Yes,86.06,2171.28,Yes
70,Two year,DSL,Bank transfer,0,No,No,Yes,Yes,Yes,Yes,No,Yes,No,No,68.62,4735.01,No
53,One year,Fiber optic,Mailed check,0,No,Yes,Yes,Yes,Yes,No,No,No,Yes,No,76.7,3937.61,No
20,One year,Fiber optic,Bank transfer,0,No,No,Yes,No,Yes,Yes,Yes,No,Yes,No,95.37,1828.85,No
42,Two year,No,Bank transfer,1,Yes,Yes,Yes,Yes,No internet service,No internet service,No internet service,No internet service,No internet service,No internet service,21.07,868.53,No
21,Month-to-month,Fiber optic,Electronic check,1,Yes,No,No,Yes,Yes,Yes,Yes,Yes,No,No,89.32,1852.32,Yes
57,Two year,DSL,Mailed check,0,Yes,No,No,Yes,Yes,Yes,Yes,Yes,Yes,Yes,82.45,4652.52,No
40,Month-to-month,Fiber optic,Mailed check,0,No,Yes,No,Yes,Yes,No,Yes,Yes,No,No,87.01,3434.01,Yes
33,One year,No,Electronic check,0,No,No,No,Yes,No internet service,No internet service,No internet service,No internet service,No internet service,No internet service,20.2,654.1,No
30,Month-to-month,Fiber optic,Bank transfer,0,No,Yes,No,Yes,No,Yes,No,Yes,No,No,82.47,2355.8,No
52,Two year,Fiber optic,Electronic check,0,No,No,Yes,Yes,No,No,Yes,Yes,Yes,No,84.32,4601.28,No
24,Month-to-month,No,Credit card,0,Yes,No,Yes,Yes,No internet service,No internet service,No internet service,No internet service,No internet service,No internet service,19.41,478.43,Yes
24,Month-to-month,DSL,Electronic check,0,Yes,Yes,Yes,Yes,Yes,No,Yes,Yes,No,Yes,69.07,1727.89,Yes
18,Month-to-month,No,Bank transfer,1,Yes,No,Yes,Yes,No internet service,No internet service,No internet service,No internet service,No internet service,No internet service,23.43,421.72,No
2,Month-to-month,Fiber optic,Electronic check,0,No,No,No,Yes,No,Yes,No,No,No,Yes,78.48,161.63,No
22,Month-to-month,DSL,Mailed check,0,Yes,No,No,Yes,No,Yes,Yes,Yes,No,Yes,76.06,1746.22,No
48,One year,No,Electronic check,0,Yes,No,Yes,Yes,No internet service,No internet service,No internet service,No internet service,No internet service,No internet service,23.26,1105.14,No
20,Month-to-month,DSL,Bank transfer,0,No,No,Yes,Yes,Yes,No,No,Yes,No,No,61.7,1273.38,Yes
10,Two year,DSL,Electronic check,0,No,Yes,No,Yes,Yes,Yes,Yes,Yes,No,Yes,80.41,822.47,No
15,Month-to-month,Fiber optic,Credit card,1,No,Yes,No,Yes,Yes,No,No,No,No,Yes,77.73,1139.26,Yes
49,One year,DSL,Bank transfer,0,Yes,No,No,Yes,No,No,No,Yes,No,No,52.99,2604.05,No
2,Month-to-month,No,Credit card,0,No,No,No,No,No internet service,No internet service,No internet service,No internet service,No internet service,No internet service,22.22,44.3,No
55,One year,DSL,Bank transfer,0,Yes,Yes,No,Yes,No,No,No,Yes,No,Yes,54.57,2896.9,No
28,One year,No,Bank transfer,0,No,Yes,Yes,Yes,No internet service,No internet service,No internet service,No internet service,No internet service,No internet service,19.58,550.07,No
13,Month-to-month,DSL,Credit card,1,No,No,Yes,Yes,No,No,Yes,No,No,Yes,58.78,801.88,Yes
57,Two year,DSL,Electronic check,1,Yes,No,Yes,Yes,No,Yes,No,Yes,No,No,62.33,3686.36,No
3,Month-to-month,Fiber optic,Bank transfer,0,Yes,Yes,Yes,Yes,Yes,No,No,Yes,Yes,Yes,93.11,270.86,No
33,Month-to-month,DSL,Mailed check,1,Yes,No,No,Yes,Yes,No,No,Yes,Yes,No,65.06,2238.24,No
58,One year,No,Bank transfer,0,Yes,No,No,No,No internet service,No internet service,No internet service,No internet service,No internet service,No internet service,20.56,1146.14,No
36,Two year,DSL,Electronic check,0,No,No,Yes,Yes,No,No,Yes,Yes,Yes,No,64.93,2232.8,No
15,Month-to-month,Fiber optic,Mailed check,0,Yes,No,Yes,Yes,No,Yes,Yes,No,Yes,No,85.92,1258.26,No
48,Month-to-month,DSL,Bank transfer,0,Yes,No,Yes,Yes,No,No,No,No,Yes,Yes,53.66,2503.23,No
72,Two year,DSL,Mailed check,0,No,Yes,Yes,Yes,Yes,No,No,Yes,No,No,59.61,4347.92,No
12,One year,No,Electronic check,0,No,No,No,Yes,No internet service,No internet service,No internet service,No internet service,No internet service,No internet service,20.61,245.75,No
72,Two year,Fiber optic,Mailed check,1,No,No,No,Yes,No,No,No,Yes,Yes,No,81.61,6041.99,No
0,Month-to-month,Fiber optic,Credit card,0,No,Yes,No,Yes,No,No,No,No,Yes,Yes,74.71,73.97,No
48,One year,Fiber optic,Electronic check,1,No,No,Yes,Yes,Yes,No,No,Yes,Yes,Yes,93.58,4641.43,No
4,Month-to-month,Fiber optic,Mailed check,0,Yes,No,No,Yes,No,No,No,No,No,Yes,72.09,279.25,Yes
61,Two year,No,Credit card,0,No,No,No,Yes,No internet service,No internet service,No internet service,No internet service,No internet service,No internet service,19.06,1147.18,No
22,Month-to-month,Fiber optic,Credit card,0,No,Yes,No,Yes,No,No,Yes,No,Yes,No,76.73,1683.2,No
40,One year,DSL,Electronic check,0,Yes,No,Yes,Yes,No,No,No,No,Yes,No,56.59,2208.04,Yes
27,Month-to-month,Fiber optic,Mailed check,0,No,No,Yes,Yes,No,No,Yes,Yes,No,No,76.16,2108.78,No
30,One year,DSL,Electronic check,0,No,No,Yes,Yes,No,No,No,Yes,Yes,No,58.94,1811.73,No
28,One year,No,Credit card,0,Yes,No,Yes,Yes,No internet service,No internet service,No internet service,No internet service,No internet service,No internet service,20.75,584.44,No
33,Month-to-month,DSL,Mailed check,0,No,Yes,Yes,Yes,No,No,No,Yes,No,Yes,58.23,1919.26,No
54,Two year,Fiber optic,Mailed check,0,Yes,No,No,Yes,Yes,Yes,No,No,Yes,No,86.95,4689.33,No
9,Month-to-month,Fiber optic,Electronic check,0,No,No,Yes,Yes,No,No,No,No,Yes,Yes,77.33,700.3,Yes
35,One year,No,Mailed check,0,Yes,No,Yes,Yes,No internet service,No internet service,No internet service,No internet service,No internet service,No internet service,20.81,710.8,No
14,Month-to-month,No,Electronic check,0,No,No,Yes,Yes,No internet service,No internet service,No internet service,No internet service,No internet service,No internet service,20.01,276.62,No
12,Month-to-month,Fiber optic,Credit card,0,No,Yes,No,No,Yes,No,No,Yes,Yes,Yes,94.83,1093.16,Yes
25,Month-to-month,DSL,Mailed check,1,Yes,Yes,Yes,Yes,No,No,Yes,Yes,No,Yes,68.33,1749.8,No
4,Month-to-month,Fiber optic,Mailed check,1,No,No,Yes,No,No,No,No,No,No,No,67.66,280.0,Yes
42,Month-to-month,DSL,Credit card,0,Yes,Yes,No,Yes,Yes,No,No,Yes,No,No,56.99,2334.14,No
42,One year,Fiber optic,Electronic check,1,Yes,No,Yes,Yes,Yes,No,No,Yes,Yes,Yes,93.78,4095.06,No
9,One year,No,Electronic check,0,Yes,No,Yes,Yes,No internet service,No internet service,No internet service,No internet service,No internet service,No internet service,22.2,202.58,Yes
42,One year,No,Mailed check,1,No,No,No,Yes,No internet service,No internet service,No internet service,No internet service,No internet service,No internet service,19.54,803.22,No
3,Month-to-month,Fiber optic,Bank transfer,0,No,Yes,Yes,Yes,No,No,Yes,No,Yes,No,78.91,245.64,No
18,Month-to-month,DSL,Electronic check,0,Yes,No,Yes,Yes,No,No,No,No,No,Yes,49.97,899.3,No
16,Month-to-month,Fiber optic,Credit card,0,No,Yes,No,Yes,No,No,No,No,No,No,64.51,1024.32,No
65,Two year,Fiber optic,Mailed check,0,No,No,Yes,Yes,Yes,Yes,No,No,Yes,Yes,94.3,6153.52,No
65,Two year,Fiber optic,Mailed check,0,Yes,Yes,Yes,Yes,Yes,No,No,No,No,No,69.41,4685.35,No
22,Month-to-month,Fiber optic,Mailed check,0,No,No,Yes,Yes,Yes,No,Yes,No,No,Yes,85.68,1849.96,Yes
69,One year,No,Electronic check,0,Yes,Yes,Yes,Yes,No internet service,No internet service,No internet service,No internet service,No internet service,No internet service,19.52,1356.89,No
6,Month-to-month,Fiber optic,Electronic check,1,No,No,Yes,Yes,No,No,No,No,Yes,No,71.04,426.54,Yes
40,Month-to-month,No,Bank transfer,0,No,No,Yes,Yes,No internet service,No internet service,No internet service,No internet service,No internet service,No internet service,21.07,876.46,No
40,Month-to-month,Fiber optic,Mailed check,0,No,No,Yes,No,No,Yes,No,No,Yes,Yes,80.78,3132.69,Yes
23,Month-to-month,DSL,Mailed check,0,Yes,No,No,Yes,No,Yes,No,Yes,No,Yes,66.08,1547.91,No
45,One year,DSL,Credit card,1,Yes,No,No,Yes,No,No,Yes,Yes,No,No,57.94,2648.92,No
69,Two year,No,Electronic check,0,No,No,No,Yes,No internet service,No internet service,No internet service,No internet service,No internet service,No internet service,18.0,1190.99,No
13,Month-to-month,Fiber optic,Mailed check,0,No,No,Yes,Yes,No,No,No,Yes,Yes,Yes,83.74,1100.72,Yes
10,Month-to-month,Fiber optic,Mailed check,0,No,Yes,Yes,Yes,No,No,No,No,No,Yes,70.6,722.18,No
31,One year,DSL,Electronic check,0,No,No,Yes,Yes,No,Yes,Yes,No,No,Yes,67.88,2141.09,No
59,Two year,DSL,Credit card,0,No,No,Yes,Yes,Yes,No,No,Yes,No,Yes,62.53,3646.54,No
30,One year,DSL,Credit card,0,Yes,No,Yes,Yes,No,No,No,No,No,No,46.94,1423.41,No
6,Month-to-month,Fiber optic,Electronic check,0,Yes,No,Yes,Yes,No,No,No,No,Yes,No,73.56,421.22,No
21,One year,Fiber optic,Credit card,0,Yes,No,No,Yes,No,No,No,Yes,Yes,Yes,83.79,1716.39,No
2,Month-to-month,No,Electronic check,0,Yes,Yes,Yes,Yes,No internet service,No internet service,No internet service,No internet service,No internet service,No internet service,18.0,35.67,No
44,Two year,DSL,Credit card,0,No,Yes,Yes,Yes,No,Yes,No,Yes,Yes,Yes,69.06,3012.36,No
8,Month-to-month,DSL,Credit card,1,Yes,No,No,Yes,Yes,Yes,No,No,Yes,Yes,73.58,576.88,No
40,One year,Fiber optic,Electronic check,0,No,Yes,Yes,Yes,No,Yes,No,Yes,Yes,Yes,87.0,3623.8,No
6,Month-to-month,Fiber optic,Bank transfer,0,Yes,Yes,No,Yes,Yes,Yes,Yes,No,Yes,Yes,93.34,577.75,Yes
26,Month-to-month,No,Credit card,0,No,No,No,Yes,No internet service,No internet service,No internet service,No internet service,No internet service,No internet service,21.89,585.07,No
72,Two year,DSL,Electronic check,0,Yes,No,Yes,Yes,No,Yes,Yes,No,Yes,Yes,76.03,5606.61,No
58,One year,Fiber optic,Mailed check,0,Yes,No,Yes,Yes,No,No,No,No,No,No,65.95,3794.83,No
1,Month-to-month,No,Bank transfer,1,No,No,No,No,No internet service,No internet service,No internet service,No internet service,No internet service,No internet service,21.84,21.67,Yes
49,Two year,DSL,Electronic check,0,Yes,No,No,Yes,No,Yes,Yes,No,No,Yes,60.68,2972.28,No
34,Two year,Fiber optic,Electronic check,0,No,No,No,Yes,Yes,No,No,Yes,No,Yes,85.2,2924.08,No
21,Month-to-month,Fiber optic,Electronic check,0,Yes,Yes,Yes,Yes,Yes,No,Yes,Yes,Yes,Yes,95.41,2024.2,Yes
22,Month-to-month,DSL,Bank transfer,0,No,No,No,Yes,No,Yes,No,Yes,Yes,No,67.76,1503.7,No
21,Month-to-month,Fiber optic,Mailed check,0,Yes,No,Yes,Yes,No,No,Yes,No,No,No,75.27,1614.22,Yes
21,One year,DSL,Mailed check,0,Yes,No,Yes,Yes,No,No,No,No,No,Yes,53.92,1144.24,No
8,Month-to-month,DSL,Electronic check,0,No,Yes,Yes,Yes,No,No,Yes,Yes,No,No,61.88,512.17,Yes
33,Month-to-month,Fiber optic,Electronic check,0,No,No,No,Yes,No,No,Yes,Yes,No,No,77.61,2495.23,Yes
60,Two year,No,Bank transfer,0,No,No,Yes,Yes,No internet service,No internet service,No internet service,No internet service,No internet service,No internet service,20.19,1263.97,No
40,Two year,Fiber optic,Electronic check,1,Yes,No,No,Yes,No,Yes,Yes,Yes,Yes,No,93.53,3736.1,No
33,Two year,Fiber optic,Bank transfer,0,No,Yes,Yes,No,Yes,No,No,No,Yes,Yes,80.48,2761.23,No
53,Two year,DSL,Mailed check,0,Yes,No,No,Yes,No,No,Yes,No,Yes,No,56.48,2944.59,No
36,One year,DSL,Bank transfer,0,No,Yes,Yes,Yes,No,No,Yes,No,Yes,No,60.86,2096.16,No
33,Two year,DSL,Mailed check,0,No,No,No,Yes,Yes,No,Yes,Yes,Yes,Yes,68.18,2215.76,No
49,Two year,DSL,Credit card,0,Yes,No,No,Yes,Yes,No,No,No,Yes,No,58.96,3018.0,No
10,Month-to-month,No,Electronic check,0,Yes,No,Yes,Yes,No internet service,No internet service,No internet service,No internet service,No internet service,No internet service,18.15,180.97,Yes
9,Month-to-month,No,Credit card,0,No,Yes,No,Yes,No internet service,No internet service,No internet service,No internet service,No internet service,No internet service,19.51,179.83,Yes
11,Month-to-month,No,Electronic check,0,No,Yes,Yes,Yes,No internet service,No internet service,No internet service,No internet service,No internet service,No internet service,20.7,230.75,Yes
42,One year,Fiber optic,Electronic check,0,No,No,Yes,No,No,No,Yes,No,No,Yes,78.05,3160.53,Yes
19,Month-to-month,Fiber optic,Mailed check,0,Yes,No,Yes,Yes,Yes,No,No,No,Yes,No,79.98,1583.53,Yes
38,Month-to-month,DSL,Electronic check,0,No,Yes,No,Yes,No,No,No,No,No,Yes,48.89,1849.46,No
41,One year,Fiber optic,Mailed check,0,Yes,No,No,Yes,Yes,No,No,Yes,Yes,Yes,85.03,3644.62,No
31,Month-to-month,DSL,Credit card,0,No,No,Yes,Yes,Yes,Yes,Yes,Yes,No,No,72.49,2189.3,No
0,Month-to-month,Fiber optic,Credit card,0,No,No,Yes,Yes,No,No,No,No,Yes,No,74.92,71.47,No
56,Two year,Fiber optic,Bank transfer,0,No,No,Yes,Yes,No,No,Yes,No,Yes,No,82.57,4679.36,No
48,Two year,Fiber optic,Credit card,0,No,No,Yes,Yes,No,No,No,Yes,No,No,74.74,3690.8,No
30,Month-to-month,Fiber optic,Mailed check,0,No,Yes,No,Yes,Yes,No,No,Yes,No,No,77.03,2269.96,Yes
22,Month-to-month,Fiber optic,Electronic check,1,Yes,No,Yes,Yes,No,No,Yes,Yes,Yes,No,80.31,1788.16,Yes
43,Month-to-month,DSL,Credit card,0,No,No,Yes,Yes,No,No,No,Yes,No,Yes,57.53,2397.66,No
39,Two year,DSL,Electronic check,0,Yes,No,No,Yes,No,No,No,Yes,No,Yes,61.67,2426.35,No
43,Two year,Fiber optic,Electronic check,1,Yes,No,No,Yes,No,No,Yes,Yes,No,No,76.1,3169.18,No
23,Month-to-month,Fiber optic,Electronic check,0,Yes,Yes,Yes,Yes,Yes,No,Yes,Yes,No,Yes,88.1,1929.81,No
52,Two year,No,Electronic check,0,Yes,No,Yes,Yes,No internet service,No internet service,No internet service,No internet service,No internet service,No internet service,22.23,1127.29,No
3,Month-to-month,Fiber optic,Electronic check,0,Yes,No,Yes,Yes,No,No,No,Yes,No,No,73.35,220.04,Yes
24,Month-to-month,DSL,Electronic check,0,No,Yes,Yes,Yes,No,No,Yes,Yes,Yes,Yes,68.39,1688.2,Yes
46,Two year,DSL,Bank transfer,0,Yes,No,Yes,Yes,No,No,No,Yes,No,Yes,61.72,2811.11,No
25,Month-to-month,DSL,Bank transfer,0,Yes,Yes,Yes,No,No,Yes,No,No,No,Yes,58.71,1443.88,No
0,Month-to-month,No,Credit card,0,Yes,Yes,Yes,Yes,No internet service,No internet service,No internet service,No internet service,No internet service,No internet service,20.05,20.28,No
13,Month-to-month,DSL,Electronic check,0,No,No,No,Yes,Yes,No,No,No,No,Yes,54.84,742.38,No
41,One year,No,Electronic check,0,No,Yes,Yes,Yes,No internet service,No internet service,No internet service,No internet service,No internet service,No internet service,20.01,859.95,No
57,Two year,No,Bank transfer,0,No,No,No,Yes,No internet service,No internet service,No internet service,No internet service,No internet service,No internet service,18.0,1003.81,No
65,Two year,Fiber optic,Electronic check,0,No,No,Yes,Yes,No,Yes,No,No,No,Yes,77.25,5093.43,No
14,Month-to-month,Fiber optic,Mailed check,0,No,No,No,Yes,No,No,Yes,No,No,No,70.72,1039.32,No
25,Month-to-month,Fiber optic,Bank transfer,0,Yes,No,No,Yes,No,No,No,Yes,Yes,Yes,81.46,2069.34,Yes
53,Two year,Fiber optic,Bank transfer,0,No,No,No,Yes,No,No,Yes,Yes,No,Yes,86.95,4407.9,No
30,Month-to-month,DSL,Electronic check,0,Yes,Yes,Yes,Yes,No,No,No,No,No,No,43.3,1319.44,No
29,Two year,Fiber optic,Bank transfer,1,Yes,No,Yes,Yes,Yes,No,No,No,Yes,No,78.16,2180.82,No
0,One year,Fiber optic,Bank transfer,0,No,Yes,No,Yes,Yes,No,Yes,Yes,No,No,85.61,88.49,Yes
38,Month-to-month,Fiber optic,Credit card,0,Yes,Yes,Yes,Yes,No,No,Yes,No,No,Yes,76.3,2917.42,Yes
45,Two year,DSL,Electronic check,1,No,No,Yes,Yes,Yes,No,Yes,No,No,Yes,61.67,2875.43,No
0,Month-to-month,DSL,Bank transfer,0,Yes,Yes,Yes,Yes,No,Yes,No,No,No,Yes,60.83,62.19,Yes
15,Month-to-month,No,Bank transfer,0,No,No,No,Yes,No internet service,No internet service,No internet service,No internet service,No internet service,No internet service,18.0,263.55,No
30,One year,Fiber optic,Electronic check,0,Yes,Yes,Yes,Yes,No,No,No,No,No,No,63.32,1952.91,No
24,Month-to-month,Fiber optic,Bank transfer,1,No,No,Yes,Yes,Yes,Yes,No,Yes,No,No,81.05,1966.13,No
46,One year,No,Bank transfer,0,No,No,No,Yes,No internet service,No internet service,No internet service,No internet service,No internet service,No internet service,22.71,1057.42,No
31,One year,DSL,Electronic check,0,Yes,No,Yes,Yes,Yes,No,No,No,Yes,No,53.92,1731.83,Yes
69,Two year,DSL,Mailed check,0,Yes,No,Yes,Yes,No,Yes,No,Yes,No,No,53.91,3691.27,No
35,Two year,DSL,Mailed check,0,No,Yes,Yes,Yes,No,No,Yes,No,No,Yes,56.62,2063.27,No
0,Month-to-month,Fiber optic,Bank transfer,0,Yes,Yes,Yes,Yes,Yes,Yes,No,Yes,No,No,83.29,83.03,No
20,Month-to-month,No,Electronic check,1,Yes,No,Yes,Yes,No internet service,No internet service,No internet service,No internet service,No internet service,No internet service,18.85,361.07,Yes
34,One year,DSL,Mailed check,0,No,No,Yes,No,No,No,Yes,No,No,Yes,57.85,1994.21,No
24,Two year,DSL,Electronic check,0,No,No,Yes,Yes,No,No,No,No,Yes,No,54.25,1258.82,No
28,Month-to-month,DSL,Bank transfer,0,Yes,No,No,Yes,No,No,No,Yes,No,Yes,60.45,1707.24,No
0,Month-to-month,Fiber optic,Bank transfer,1,No,No,Yes,Yes,No,No,No,Yes,Yes,Yes,91.01,88.91,Yes
16,Month-to-month,Fiber optic,Mailed check,0,Yes,No,Yes,Yes,Yes,No,Yes,Yes,No,No,86.3,1389.19,Yes
30,Month-to-month,DSL,Mailed check,0,No,No,No,Yes,No,No,No,No,No,Yes,53.97,1692.48,No
42,One year,DSL,Electronic check,0,Yes,Yes,Yes,Yes,Yes,No,Yes,Yes,No,No,65.22,2865.4,No
21,Month-to-month,Fiber optic,Electronic check,0,Yes,No,No,Yes,Yes,No,Yes,No,No,Yes,84.78,1741.99,No
46,Two year,Fiber optic,Bank transfer,0,Yes,Yes,No,Yes,Yes,No,No,No,Yes,Yes,87.31,3903.47,No
57,Two year,No,Electronic check,0,No,No,Yes,Yes,No internet service,No internet service,No internet service,No internet service,No internet service,No internet service,18.0,1024.3,No
62,Two year,Fiber optic,Bank transfer,0,Yes,No,Yes,Yes,Yes,No,No,Yes,No,No,76.37,4640.04,No
8,Month-to-month,Fiber optic,Bank transfer,0,No,No,No,Yes,Yes,No,Yes,No,No,No,77.98,633.98,Yes
0,Month-to-month,DSL,Credit card,0,Yes,No,No,Yes,No,Yes,No,No,No,No,50.11,49.07,No
51,One year,No,Electronic check,1,No,No,No,Yes,No internet service,No internet service,No internet service,No internet service,No internet service,No internet service,18.0,908.66,Yes
72,Two year,DSL,Mailed check,0,Yes,No,Yes,Yes,Yes,No,Yes,No,Yes,No,62.21,4358.25,No
42,Month-to-month,No,Electronic check,0,No,No,No,Yes,No internet service,No internet service,No internet service,No internet service,No internet service,No internet service,20.57,876.18,No
12,Two year,Fiber optic,Credit card,0,No,No,Yes,Yes,No,No,No,Yes,Yes,Yes,85.15,1006.93,No
38,Month-to-month,No,Bank transfer,1,Yes,No,No,Yes,No internet service,No internet service,No internet service,No internet service,No internet service,No internet service,19.23,700.07,No
44,Two year,No,Bank transfer,0,Yes,No,No,No,No internet service,No internet service,No internet service,No internet service,No internet service,No internet service,18.59,857.94,No
47,Month-to-month,DSL,Bank transfer,1,No,No,Yes,Yes,No,Yes,No,No,No,No,50.87,2271.69,No
1,Month-to-month,DSL,Electronic check,0,Yes,No,Yes,Yes,Yes,Yes,Yes,No,No,No,66.95,67.18,Yes
0,Month-to-month,Fiber optic,Bank transfer,0,No,No,No,Yes,No,Yes,Yes,No,Yes,No,86.09,83.74,Yes
17,Month-to-month,DSL,Credit card,0,No,No,No,Yes,Yes,No,Yes,Yes,Yes,No,63.71,1090.71,No
12,Month-to-month,Fiber optic,Electronic check,0,Yes,No,Yes,Yes,No,No,Yes,No,No,No,71.07,872.46,Yes
12,Month-to-month,Fiber optic,Credit card,0,Yes,No,No,Yes,Yes,Yes,Yes,No,No,No,83.01,950.61,No
33,Month-to-month,No,Credit card,0,Yes,Yes,Yes,Yes,No internet service,No internet service,No internet service,No internet service,No internet service,No internet service,18.88,627.53,No
72,Two year,Fiber optic,Credit card,0,No,No,Yes,Yes,No,No,Yes,No,Yes,No,79.91,5758.07,No
3,Month-to-month,DSL,Credit card,1,No,No,Yes,Yes,Yes,No,No,Yes,Yes,Yes,69.27,206.26,No
64,One year,Fiber optic,Electronic check,0,No,No,Yes,Yes,Yes,No,Yes,No,No,Yes,79.59,5153.96,No
34,Two year,Fiber optic,Bank transfer,0,No,No,Yes,Yes,No,No,Yes,No,Yes,Yes,88.31,3149.92,No
8,Month-to-month,Fiber optic,Electronic check,0,No,No,Yes,Yes,No,No,No,No,No,No,67.92,563.47,Yes
59,Month-to-month,Fiber optic,Bank transfer,0,Yes,No,Yes,Yes,No,No,Yes,No,No,No,70.33,4145.33,No
60,Two year,DSL,Electronic check,0,Yes,No,Yes,Yes,Yes,No,No,No,Yes,Yes,67.71,4089.43,No
43,Two year,No,Credit card,0,Yes,Yes,No,Yes,No internet service,No internet service,No internet service,No internet service,No internet service,No internet service,20.59,899.24,No
22,Month-to-month,Fiber optic,Electronic check,0,Yes,No,Yes,Yes,No,Yes,No,No,Yes,Yes,88.58,2036.36,Yes
65,Two year,No,Electronic check,1,Yes,No,Yes,Yes,No internet service,No internet service,No internet service,No internet service,No internet service,No internet service,24.0,1516.09,No
23,Month-to-month,DSL,Electronic check,0,No,No,No,Yes,No,No,No,Yes,No,Yes,63.93,1534.57,No
38,Month-to-month,DSL,Bank transfer,0,Yes,No,No,Yes,No,No,Yes,No,Yes,No,61.55,2323.52,No
24,One year,Fiber optic,Electronic check,0,Yes,No,No,Yes,Yes,Yes,Yes,No,No,Yes,96.66,2421.42,No
8,Month-to-month,Fiber optic,Electronic check,0,No,No,Yes,Yes,No,No,Yes,Yes,No,No,75.35,592.46,No
24,One year,No,Electronic check,0,No,No,Yes,Yes,No internet service,No internet service,No internet service,No internet service,No internet service,No internet service,18.0,443.57,No
5,Month-to-month,DSL,Electronic check,0,No,Yes,Yes,Yes,No,No,No,No,Yes,Yes,57.74,283.41,Yes
39,One year,Fiber optic,Credit card,0,Yes,Yes,No,Yes,No,Yes,Yes,Yes,No,No,83.12,3238.05,No
1,Month-to-month,No,Mailed check,0,Yes,No,Yes,Yes,No internet service,No internet service,No internet service,No internet service,No internet service,No internet service,23.07,22.34,No
23,Month-to-month,Fiber optic,Electronic check,0,Yes,No,Yes,No,Yes,No,No,Yes,Yes,No,78.8,1825.73,Yes
28,Month-to-month,No,Electronic check,1,Yes,No,Yes,Yes,No internet service,No internet service,No internet service,No internet service,No internet service,No internet service,18.0,526.64,No
0,Month-to-month,Fiber optic,Electronic check,1,Yes,Yes,Yes,Yes,Yes,Yes,No,Yes,Yes,No,91.64,94.97,Yes
28,One year,No,Mailed check,0,No,No,Yes,Yes,No internet service,No internet service,No internet service,No internet service,No internet service,No internet service,18.0,520.39,No
10,Month-to-month,Fiber optic,Electronic check,0,No,Yes,Yes,Yes,No,No,No,No,Yes,Yes,82.45,784.27,Yes
14,Month-to-month,Fiber optic,Electronic check,1,Yes,Yes,Yes,Yes,No,No,Yes,No,No,No,70.96,969.55,No
15,Month-to-month,DSL,Electronic check,0,Yes,No,Yes,Yes,No,Yes,No,Yes,No,No,59.19,923.89,Yes
32,Month-to-month,Fiber optic,Electronic check,0,No,Yes,Yes,Yes,No,Yes,Yes,No,Yes,Yes,94.3,3074.4,Yes
70,Two year,No,Bank transfer,0,No,No,Yes,Yes,No internet service,No internet service,No internet service,No internet service,No internet service,No internet service,19.96,1417.52,No
5,Month-to-month,DSL,Electronic check,0,No,No,No,Yes,Yes,No,No,Yes,No,No,60.71,315.86,Yes
65,Two year,Fiber optic,Bank transfer,0,No,Yes,Yes,Yes,No,Yes,Yes,No,Yes,No,86.04,5545.03,No
40,Month-to-month,Fiber optic,Bank transfer,0,No,No,Yes,Yes,Yes,No,No,Yes,No,No,75.59,2952.46,No
57,One year,No,Credit card,0,No,No,No,Yes,No internet service,No internet service,No internet service,No internet service,No internet service,No internet service,18.0,1018.03,No
21,Month-to-month,DSL,Electronic check,0,Yes,Yes,Yes,Yes,No,No,No,No,Yes,Yes,53.8,1123.79,Yes
17,Month-to-month,No,Credit card,0,No,No,Yes,Yes,No internet service,No internet service,No internet service,No internet service,No internet service,No internet service,18.0,297.03,No
32,Two year,Fiber optic,Credit card,0,No,Yes,Yes,Yes,No,Yes,Yes,No,No,No,80.15,2662.38,No
47,Two year,No,Credit card,0,Yes,No,No,Yes,No internet service,No internet service,No internet service,No internet service,No internet service,No internet service,19.07,854.11,No
30,Two year,DSL,Credit card,0,No,No,Yes,Yes,No,No,No,Yes,Yes,Yes,64.01,1946.55,No
36,Month-to-month,DSL,Electronic check,0,Yes,Yes,Yes,Yes,Yes,Yes,No,No,No,Yes,66.47,2326.07,No
14,Month-to-month,Fiber optic,Credit card,1,No,No,Yes,Yes,Yes,No,No,Yes,Yes,No,88.05,1186.03,Yes
37,One year,Fiber optic,Credit card,1,Yes,No,No,No,No,No,No,Yes,No,Yes,80.2,2956.96,Yes
8,Month-to-month,No,Electronic check,1,No,Yes,Yes,Yes,No internet service,No internet service,No internet service,No internet service,No internet service,No internet service,18.61,149.45,No
15,One year,No,Electronic check,0,Yes,No,No,Yes,No internet service,No internet service,No internet service,No internet service,No internet service,No internet service,19.17,294.65,No
49,One year,Fiber optic,Credit card,0,No,No,Yes,Yes,No,No,No,No,Yes,Yes,86.63,4043.25,No
46,One year,No,Electronic check,0,No,No,Yes,Yes,No internet service,No internet service,No internet service,No internet service,No internet service,No internet service,20.19,918.48,No
69,Two year,Fiber optic,Bank transfer,0,Yes,No,No,No,No,No,No,No,No,No,65.04,4289.89,No
10,One year,Fiber optic,Mailed check,0,Yes,No,Yes,Yes,No,No,Yes,No,No,Yes,78.86,827.17,No
39,Month-to-month,Fiber optic,Bank transfer,0,No,No,Yes,Yes,No,No,No,No,No,No,63.73,2576.28,No
16,Month-to-month,Fiber optic,Electronic check,0,No,Yes,No,Yes,No,No,No,No,No,No,69.18,1159.32,Yes
50,One year,Fiber optic,Bank transfer,0,No,No,No,Yes,No,No,Yes,Yes,Yes,No,85.58,4248.37,No
0,Month-to-month,Fiber optic,Mailed check,0,Yes,Yes,Yes,Yes,No,Yes,No,No,Yes,No,81.03,78.99,No
25,Month-to-month,Fiber optic,Credit card,0,No,No,No,Yes,No,No,No,Yes,Yes,No,75.55,1814.73,Yes
17,Month-to-month,DSL,Electronic check,0,No,Yes,Yes,Yes,No,No,No,Yes,Yes,Yes,62.57,1094.6,Yes
34,One year,No,Electronic check,0,No,Yes,Yes,No,No internet service,No internet service,No internet service,No internet service,No internet service,No internet service,18.78,655.3,No
52,Two year,DSL,Electronic check,0,Yes,No,No,No,No,No,Yes,No,No,Yes,57.73,2924.09,No
28,One year,Fiber optic,Electronic check,1,Yes,Yes,No,Yes,No,No,No,No,No,Yes,69.98,2050.12,Yes
0,Month-to-month,DSL,Credit card,0,No,No,Yes,Yes,No,No,No,No,No,Yes,54.75,54.76,Yes
0,Month-to-month,Fiber optic,Electronic check,0,Yes,Yes,Yes,Yes,No,No,No,Yes,Yes,Yes,86.55,83.71,Yes
18,Month-to-month,DSL,Electronic check,0,Yes,No,Yes,Yes,No,Yes,No,No,Yes,No,53.35,925.61,Yes
39,Month-to-month,DSL,Credit card,1,No,No,No,Yes,No,Yes,Yes,No,No,No,59.64,2260.11,No
56,One year,Fiber optic,Electronic check,0,Yes,No,Yes,Yes,Yes,No,Yes,Yes,No,No,81.7,4681.26,No
42,One year,Fiber optic,Electronic check,1,No,No,Yes,Yes,No,Yes,Yes,Yes,No,No,86.01,3606.29,No
10,Month-to-month,No,Bank transfer,1,No,No,Yes,Yes,No internet service,No internet service,No internet service,No internet service,No internet service,No internet service,18.0,171.66,No
51,Month-to-month,No,Mailed check,0,No,Yes,No,Yes,No internet service,No internet service,No internet service,No internet service,No internet service,No internet service,18.73,942.84,No
29,Month-to-month,DSL,Credit card,0,No,No,Yes,Yes,Yes,Yes,No,No,Yes,No,68.29,2040.49,No
64,Two year,No,Bank transfer,0,No,Yes,No,Yes,No internet service,No internet service,No internet service,No internet service,No internet service,No internet service,19.72,1223.1,No
17,One year,No,Electronic check,0,No,Yes,Yes,Yes,No internet service,No internet service,No internet service,No internet service,No internet service,No internet service,21.69,371.11,No
22,Month-to-month,Fiber optic,Bank transfer,1,No,Yes,No,Yes,Yes,Yes,Yes,No,Yes,Yes,93.1,1975.3,No
34,Two year,DSL,Credit card,1,No,No,Yes,Yes,No,No,No,No,Yes,No,50.77,1697.49,No
51,Month-to-month,Fiber optic,Mailed check,0,No,Yes,Yes,Yes,No,No,Yes,No,No,Yes,79.81,3869.41,Yes
5,Month-to-month,DSL,Bank transfer,0,Yes,No,No,No,No,No,Yes,No,Yes,No,59.07,301.15,Yes
44,Two year,Fiber optic,Mailed check,0,Yes,No,Yes,Yes,No,No,No,Yes,Yes,Yes,83.58,3649.15,No
8,Month-to-month,No,Mailed check,0,Yes,No,Yes,Yes,No internet service,No internet service,No internet service,No internet service,No internet service,No internet service,19.58,150.73,Yes
12,Month-to-month,DSL,Bank transfer,0,No,No,No,Yes,No,No,Yes,No,Yes,No,62.58,716.56,Yes
49,One year,Fiber optic,Electronic check,0,No,Yes,Yes,Yes,No,Yes,Yes,No,Yes,No,91.91,4398.22,No
18,Month-to-month,Fiber optic,Mailed check,1,No,No,No,Yes,No,No,Yes,Yes,No,Yes,85.33,1608.34,Yes
39,One year,Fiber optic,Electronic check,0,No,No,Yes,Yes,Yes,Yes,No,No,Yes,No,88.24,3534.31,Yes
30,Month-to-month,DSL,Bank transfer,0,No,No,No,Yes,Yes,Yes,Yes,Yes,Yes,No,89.21,2653.39,No
0,Month-to-month,No,Bank transfer,0,No,No,No,Yes,No internet service,No internet service,No internet service,No internet service,No internet service,No internet service,18.77,18.23,No
30,Month-to-month,Fiber optic,Electronic check,0,Yes,No,Yes,Yes,Yes,No,No,No,No,No,74.1,2282.56,No
20,Month-to-month,DSL,Electronic check,0,No,No,Yes,Yes,No,No,No,No,No,No,41.1,805.24,No
7,Month-to-month,DSL,Credit card,0,Yes,No,Yes,Yes,No,No,Yes,Yes,No,Yes,64.07,449.18,Yes
20,Month-to-month,Fiber optic,Electronic check,0,No,No,Yes,Yes,No,Yes,No,Yes,Yes,Yes,91.24,1842.94,No
56,Two year,DSL,Electronic check,1,No,No,Yes,Yes,No,No,No,Yes,Yes,No,55.53,3126.37,No
0,Month-to-month,Fiber optic,Electronic check,0,Yes,No,No,Yes,No,No,No,Yes,No,Yes,82.12,80.08,Yes
40,Month-to-month,Fiber optic,Bank transfer,0,No,No,Yes,Yes,No,No,Yes,Yes,No,Yes,83.46,3482.22,Yes
37,Month-to-month,Fiber optic,Electronic check,0,No,Yes,No,Yes,Yes,Yes,No,No,Yes,Yes,92.2,3343.43,No
0,Month-to-month,No,Credit card,0,No,No,No,Yes,No internet service,No internet service,No internet service,No internet service,No internet service,No internet service,20.5,20.84,No
6,Month-to-month,Fiber optic,Bank transfer,0,No,No,Yes,No,No,No,Yes,No,No,No,73.92,439.34,No
60,One year,Fiber optic,Electronic check,0,Yes,Yes,Yes,Yes,No,No,Yes,Yes,No,Yes,89.29,5556.33,No
29,Month-to-month,DSL,Mailed check,0,No,Yes,No,Yes,Yes,No,No,Yes,Yes,No,62.38,1766.55,Yes
60,Two year,No,Electronic check,1,Yes,No,Yes,Yes,No internet service,No internet service,No internet service,No internet service,No internet service,No internet service,18.63,1104.13,No
61,Two year,DSL,Electronic check,0,Yes,Yes,No,Yes,Yes,Yes,No,No,No,No,58.54,3577.13,No
24,Month-to-month,Fiber optic,Bank transfer,0,No,Yes,Yes,Yes,No,No,No,No,No,No,65.04,1536.49,Yes
1,Month-to-month,DSL,Electronic check,0,No,No,Yes,Yes,No,Yes,No,Yes,No,No,57.56,58.94,No
9,Month-to-month,Fiber optic,Credit card,0,No,No,Yes,Yes,Yes,No,Yes,Yes,No,Yes,89.76,835.44,Yes
54,One year,DSL,Bank transfer,0,Yes,Yes,Yes,Yes,Yes,No,Yes,No,No,No,56.86,3196.65,No
29,Month-to-month,Fiber optic,Electronic check,0,No,No,Yes,Yes,No,No,No,Yes,Yes,No,77.03,2229.41,No
59,Two year,Fiber optic,Credit card,1,No,Yes,Yes,Yes,Yes,No,No,No,No,Yes,80.42,4719.39,No
28,One year,Fiber optic,Mailed check,0,No,Yes,Yes,Yes,No,No,No,No,No,No,62.25,1766.47,No
70,Two year,DSL,Electronic check,0,Yes,Yes,Yes,Yes,No,No,Yes,No,No,No,47.76,3458.18,No
3,Month-to-month,Fiber optic,Mailed check,0,Yes,No,Yes,Yes,Yes,Yes,Yes,No,No,Yes,92.4,274.5,Yes
72,Two year,Fiber optic,Credit card,0,No,No,Yes,Yes,No,No,Yes,Yes,No,Yes,84.93,5928.37,No
6,Month-to-month,DSL,Mailed check,0,No,Yes,Yes,Yes,No,No,No,No,Yes,No,48.7,281.72,No
4,Month-to-month,DSL,Mailed check,0,Yes,No,Yes,Yes,Yes,Yes,Yes,No,No,Yes,74.37,286.22,No
18,Month-to-month,Fiber optic,Mailed check,1,No,Yes,No,Yes,No,Yes,No,No,Yes,Yes,87.27,1566.16,Yes
57,Two year,DSL,Electronic check,0,No,Yes,Yes,Yes,Yes,Yes,Yes,No,Yes,Yes,80.09,4414.9,No
40,One year,DSL,Electronic check,0,Yes,Yes,Yes,Yes,No,No,Yes,No,Yes,No,57.42,2346.54,No
33,Two year,Fiber optic,Bank transfer,0,No,No,No,Yes,No,Yes,No,No,No,Yes,78.87,2489.46,No
25,Month-to-month,No,Credit card,0,No,No,No,Yes,No internet service,No internet service,No internet service,No internet service,No internet service,No internet service,20.12,510.36,No
70,Two year,No,Bank transfer,0,Yes,No,Yes,Yes,No internet service,No internet service,No internet service,No internet service,No internet service,No internet service,20.33,1357.05,No
17,Month-to-month,Fiber optic,Electronic check,0,Yes,Yes,No,Yes,No,Yes,No,No,No,No,73.07,1195.89,No
0,Month-to-month,Fiber optic,Mailed check,0,Yes,No,No,Yes,Yes,No,No,No,No,No,70.32,67.15,No
51,Two year,Fiber optic,Electronic check,0,No,No,No,Yes,No,No,No,Yes,Yes,Yes,81.01,4312.68,Yes
0,Month-to-month,Fiber optic,Electronic check,0,Yes,Yes,No,Yes,No,Yes,Yes,No,Yes,No,78.47,78.13,Yes
0,Month-to-month,DSL,Bank transfer,0,Yes,No,Yes,Yes,No,Yes,Yes,No,Yes,No,65.88,64.29,No
29,One year,No,Electronic check,0,Yes,No,No,Yes,No internet service,No internet service,No internet service,No internet service,No internet service,No internet service,21.71,655.52,No
44,Month-to-month,No,Credit card,0,No,No,Yes,Yes,No internet service,No internet service,No internet service,No internet service,No internet service,No internet service,19.21,805.9,No
17,Month-to-month,Fiber optic,Mailed check,0,No,No,No,Yes,Yes,No,No,No,No,Yes,79.48,1405.9,No
14,Month-to-month,Fiber optic,Bank transfer,0,No,Yes,Yes,Yes,Yes,No,Yes,No,Yes,Yes,99.01,1422.63,No
29,Month-to-month,Fiber optic,Credit card,0,No,No,No,Yes,Yes,No,Yes,Yes,No,Yes,94.0,2669.13,Yes
64,Two year,DSL,Bank transfer,0,No,No,No,Yes,Yes,No,No,No,No,Yes,59.86,3983.2,No
15,One year,Fiber optic,Credit card,0,No,No,Yes,Yes,No,No,No,Yes,Yes,No,75.94,1183.22,Yes
48,Month-to-month,No,Credit card,0,No,Yes,Yes,Yes,No internet service,No internet service,No internet service,No internet service,No internet service,No internet service,18.09,905.83,No
21,Month-to-month,No,Mailed check,0,Yes,No,No,Yes,No internet service,No internet service,No internet service,No internet service,No internet service,No internet service,24.08,521.06,Yes
33,Month-to-month,Fiber optic,Electronic check,0,Yes,No,No,No,Yes,Yes,Yes,Yes,No,Yes,94.98,3042.41,No
28,One year,DSL,Electronic check,0,Yes,No,No,Yes,No,Yes,No,No,Yes,Yes,66.8,1876.41,No
23,Two year,DSL,Credit card,1,No,No,No,Yes,Yes,No,Yes,Yes,Yes,No,71.73,1706.52,No
52,Two year,No,Electronic check,0,No,No,Yes,Yes,No internet service,No internet service,No internet service,No internet service,No internet service,No internet service,18.0,894.69,No
0,Month-to-month,DSL,Credit card,0,Yes,No,No,Yes,Yes,No,No,Yes,Yes,No,60.24,61.06,Yes
37,Month-to-month,Fiber optic,Electronic check,1,Yes,Yes,No,Yes,No,Yes,Yes,Yes,No,No,85.71,3302.76,Yes
0,Month-to-month,DSL,Bank transfer,0,No,No,Yes,Yes,No,No,No,No,No,Yes,50.99,51.85,Yes
38,One year,Fiber optic,Electronic check,0,No,No,Yes,Yes,Yes,No,No,No,Yes,No,82.03,3112.74,Yes
28,Month-to-month,DSL,Credit card,0,No,No,No,Yes,No,Yes,Yes,No,No,Yes,59.3,1700.51,No
45,One year,Fiber optic,Electronic check,0,Yes,Yes,No,Yes,Yes,Yes,Yes,Yes,Yes,No,99.28,4492.21,No
30,One year,DSL,Mailed check,0,No,No,No,Yes,No,No,No,No,Yes,Yes,59.24,1752.93,No
0,Month-to-month,No,Credit card,0,Yes,No,Yes,Yes,No internet service,No internet service,No internet service,No internet service,No internet service,No internet service,20.6,19.98,No
0,Month-to-month,Fiber optic,Electronic check,0,No,No,No,Yes,Yes,No,No,Yes,No,No,77.78,76.01,No
6,Month-to-month,Fiber optic,Electronic check,0,No,No,Yes,Yes,No,No,Yes,No,Yes,No,81.55,503.13,Yes
0,Month-to-month,DSL,Credit card,1,No,Yes,Yes,Yes,No,No,No,No,No,No,44.67,46.15,Yes
17,Month-to-month,Fiber optic,Credit card,0,Yes,No,No,Yes,No,Yes,No,No,No,No,71.67,1217.47,No
26,One year,DSL,Electronic check,1,No,Yes,No,Yes,No,No,Yes,No,Yes,No,57.09,1451.09,No
0,Month-to-month,DSL,Bank transfer,0,Yes,No,No,Yes,Yes,No,No,No,No,Yes,63.03,62.47,Yes
0,Month-to-month,Fiber optic,Electronic check,0,Yes,No,Yes,Yes,Yes,No,No,No,Yes,No,77.15,76.88,Yes
13,One year,No,Electronic check,0,No,No,No,Yes,No internet service,No internet service,No internet service,No internet service,No internet service,No internet service,21.2,265.41,Yes
37,One year,DSL,Bank transfer,1,Yes,No,No,Yes,No,No,Yes,Yes,No,No,58.26,2084.12,No
6,Month-to-month,DSL,Electronic check,1,No,Yes,Yes,Yes,No,Yes,Yes,No,No,Yes,57.03,330.57,Yes
54,Two year,Fiber optic,Mailed check,0,Yes,No,Yes,Yes,No,No,No,Yes,No,Yes,76.19,4040.74,Yes
53,Two year,Fiber optic,Electronic check,0,Yes,No,No,Yes,Yes,Yes,No,No,No,No,79.52,4015.7,No
35,One year,Fiber optic,Credit card,0,Yes,No,Yes,Yes,Yes,Yes,No,No,Yes,No,81.37,2892.75,Yes
48,One year,No,Mailed check,0,No,No,No,Yes,No internet service,No internet service,No internet service,No internet service,No internet service,No internet service,20.86,1039.57,No
0,Month-to-month,No,Electronic check,0,Yes,No,Yes,Yes,No internet service,No internet service,No internet service,No internet service,No internet service,No internet service,20.71,20.81,Yes
64,Two year,No,Credit card,0,No,No,Yes,Yes,No internet service,No internet service,No internet service,No internet service,No internet service,No internet service,23.43,1499.5,No
24,Month-to-month,Fiber optic,Credit card,0,No,No,No,Yes,Yes,No,No,Yes,No,Yes,86.18,2120.85,Yes
51,Two year,DSL,Electronic check,0,No,No,Yes,Yes,No,Yes,No,Yes,No,Yes,64.21,3224.46,No
25,One year,No,Credit card,1,No,Yes,Yes,Yes,No internet service,No internet service,No internet service,No internet service,No internet service,No internet service,18.0,449.89,No
19,Month-to-month,DSL,Electronic check,0,No,Yes,Yes,Yes,Yes,No,No,Yes,No,No,60.05,1115.21,No
25,Month-to-month,Fiber optic,Electronic check,1,Yes,Yes,No,Yes,No,No,No,No,No,Yes,73.73,1760.02,No
16,One year,No,Mailed check,0,No,No,Yes,Yes,No internet service,No internet service,No internet service,No internet service,No internet service,No internet service,19.53,323.24,No
48,One year,Fiber optic,Electronic check,0,Yes,No,No,Yes,No,No,No,No,No,No,66.07,3193.49,No
46,Month-to-month,Fiber optic,Bank transfer,0,Yes,No,Yes,Yes,No,Yes,Yes,No,Yes,No,85.37,4043.28,No
37,One year,No,Mailed check,1,No,Yes,Yes,Yes,No internet service,No internet service,No internet service,No internet service,No internet service,No internet service,21.02,775.07,No
72,Two year,DSL,Credit card,0,Yes,No,Yes,No,No,No,Yes,Yes,No,No,55.33,4111.78,No
26,Month-to-month,Fiber optic,Electronic check,0,No,Yes,Yes,Yes,No,No,No,No,No,Yes,74.2,1931.55,No
22,Month-to-month,DSL,Electronic check,0,No,No,Yes,No,No,Yes,No,No,Yes,No,56.98,1243.11,No
7,Month-to-month,No,Mailed check,0,No,Yes,Yes,Yes,No internet service,No internet service,No internet service,No internet service,No internet service,No internet service,19.27,130.19,No
49,Two year,Fiber optic,Electronic check,0,Yes,No,Yes,Yes,No,No,No,No,Yes,No,76.67,3835.42,Yes
2,Month-to-month,DSL,Credit card,0,Yes,No,Yes,Yes,No,Yes,Yes,Yes,Yes,Yes,79.24,161.24,Yes
69,Two year,Fiber optic,Bank transfer,0,Yes,No,Yes,Yes,No,Yes,No,No,Yes,No,77.7,5554.75,No
6,Month-to-month,Fiber optic,Credit card,1,Yes,No,Yes,Yes,No,No,Yes,No,No,Yes,75.67,433.98,No
66,One year,Fiber optic,Bank transfer,0,No,No,Yes,Yes,No,Yes,No,No,No,Yes,82.28,5275.04,No
25,Month-to-month,DSL,Electronic check,0,No,No,Yes,Yes,No,No,No,No,No,No,47.4,1131.09,Yes
24,Month-to-month,Fiber optic,Electronic check,0,No,No,No,Yes,Yes,No,No,No,Yes,Yes,86.94,2070.8,Yes
33,Two year,Fiber optic,Mailed check,1,No,Yes,No,Yes,No,No,Yes,Yes,Yes,Yes,96.53,3181.96,No
29,Month-to-month,DSL,Credit card,0,Yes,No,No,Yes,Yes,No,No,No,Yes,No,58.82,1671.85,Yes
14,Month-to-month,DSL,Electronic check,0,Yes,No,Yes,Yes,Yes,No,No,No,Yes,Yes,63.84,864.74,No
45,Two year,DSL,Electronic check,0,No,No,No,Yes,No,Yes,Yes,Yes,No,No,61.08,2651.9,Yes
44,Two year,No,Bank transfer,1,Yes,No,Yes,Yes,No internet service,No internet service,No internet service,No internet service,No internet service,No internet service,20.1,913.86,No
34,Two year,Fiber optic,Electronic check,0,Yes,No,Yes,Yes,No,No,No,Yes,No,Yes,75.63,2603.77,No
18,Month-to-month,Fiber optic,Mailed check,0,No,No,Yes,Yes,No,Yes,Yes,No,Yes,No,80.83,1406.35,No
35,One year,DSL,Electronic check,0,Yes,Yes,No,Yes,No,No,No,No,Yes,No,51.71,1828.43,No
33,Two year,DSL,Mailed check,0,Yes,No,No,Yes,No,No,No,Yes,Yes,No,61.99,1964.63,No
26,Month-to-month,Fiber optic,Mailed check,0,No,No,No,Yes,No,No,No,No,No,No,64.21,1653.37,No
52,Month-to-month,Fiber optic,Credit card,0,Yes,Yes,Yes,Yes,No,Yes,No,No,Yes,No,74.35,3759.03,No
31,Two year,Fiber optic,Bank transfer,0,No,Yes,No,Yes,No,Yes,No,Yes,No,No,75.62,2450.47,No
16,Month-to-month,Fiber optic,Electronic check,0,Yes,No,No,No,No,No,No,No,No,Yes,72.47,1162.75,No
65,One year,No,Bank transfer,0,No,Yes,Yes,Yes,No internet service,No internet service,No internet service,No internet service,No internet service,No internet service,21.2,1337.69,No
42,Two year,DSL,Credit card,0,Yes,No,Yes,Yes,Yes,No,No,No,No,Yes,57.11,2323.81,No
45,One year,Fiber optic,Bank transfer,0,Yes,No,No,Yes,Yes,No,No,No,No,No,67.89,3079.65,No
24,Month-to-month,DSL,Credit card,0,Yes,No,Yes,Yes,Yes,No,No,Yes,No,No,59.71,1425.07,No
29,Month-to-month,DSL,Credit card,0,No,No,Yes,Yes,No,Yes,No,Yes,No,Yes,66.26,1940.77,Yes
47,Month-to-month,Fiber optic,Electronic check,0,No,Yes,No,Yes,Yes,No,Yes,Yes,No,Yes,92.09,4113.63,No
0,Month-to-month,DSL,Mailed check,0,No,Yes,No,No,No,No,No,No,Yes,No,52.92,50.67,No
57,Two year,DSL,Mailed check,0,No,No,Yes,Yes,No,No,Yes,No,Yes,No,59.63,3272.63,No
46,Two year,Fiber optic,Mailed check,1,Yes,No,No,No,No,No,Yes,No,No,No,72.45,3469.52,No
17,Month-to-month,DSL,Credit card,0,No,No,No,Yes,Yes,No,No,No,Yes,Yes,63.31,1121.77,No
19,Month-to-month,DSL,Bank transfer,0,No,No,Yes,Yes,Yes,Yes,No,Yes,No,No,61.18,1192.8,Yes
49,Two year,DSL,Electronic check,0,No,No,No,Yes,No,No,No,No,Yes,Yes,60.25,2845.4,No
1,Month-to-month,No,Credit card,0,Yes,No,No,Yes,No internet service,No internet service,No internet service,No internet service,No internet service,No internet service,20.69,19.78,Yes
2,Month-to-month,No,Bank transfer,0,No,No,No,Yes,No internet service,No internet service,No internet service,No internet service,No internet service,No internet service,18.0,36.78,Yes
52,Month-to-month,DSL,Electronic check,0,No,No,Yes,Yes,No,No,Yes,No,Yes,Yes,62.93,3344.66,No
16,One year,Fiber optic,Credit card,0,No,Yes,Yes,Yes,No,No,Yes,No,Yes,No,78.39,1222.98,No
38,Month-to-month,DSL,Mailed check,0,Yes,No,Yes,Yes,No,No,No,Yes,No,Yes,56.88,2121.67,No
21,One year,No,Mailed check,0,Yes,No,Yes,Yes,No internet service,No internet service,No internet service,No internet service,No internet service,No internet service,18.43,404.06,No
20,Month-to-month,No,Mailed check,0,Yes,No,Yes,Yes,No internet service,No internet service,No internet service,No internet service,No internet service,No internet service,21.44,408.43,No
69,One year,No,Credit card,0,No,Yes,Yes,Yes,No internet service,No internet service,No internet service,No internet service,No internet service,No internet service,21.25,1463.86,No
31,Month-to-month,Fiber optic,Electronic check,0,Yes,Yes,Yes,No,Yes,Yes,Yes,Yes,No,Yes,104.28,3332.63,No
0,Month-to-month,DSL,Electronic check,0,No,Yes,Yes,Yes,No,Yes,No,No,Yes,Yes,61.83,58.86,Yes
13,Month-to-month,No,Bank transfer,1,Yes,Yes,No,No,No internet service,No internet service,No internet service,No internet service,No internet service,No internet service,20.69,265.27,No
18,Month-to-month,DSL,Credit card,0,Yes,No,Yes,Yes,Yes,No,No,No,Yes,No,56.43,1029.08,No
34,Month-to-month,DSL,Electronic check,0,Yes,No,No,Yes,Yes,No,No,Yes,No,Yes,62.73,2237.07,Yes
19,Month-to-month,DSL,Electronic check,0,No,Yes,Yes,Yes,No,No,Yes,No,No,Yes,55.19,1025.87,No
15,Month-to-month,DSL,Credit card,0,Yes,No,No,No,No,No,Yes,Yes,Yes,No,63.33,934.63,Yes
46,Month-to-month,Fiber optic,Bank transfer,0,No,No,Yes,Yes,No,No,Yes,Yes,No,No,74.63,3407.47,No
72,Two year,Fiber optic,Mailed check,0,No,Yes,Yes,No,Yes,No,No,No,Yes,No,81.14,5915.69,No
29,Month-to-month,No,Mailed check,0,No,Yes,No,Yes,No internet service,No internet service,No internet service,No internet service,No internet service,No internet service,18.0,547.41,No
44,Two year,No,Mailed check,0,No,No,Yes,Yes,No internet service,No internet service,No internet service,No internet service,No internet service,No internet service,20.85,947.11,No
12,Two year,No,Bank transfer,0,No,No,No,Yes,No internet service,No internet service,No internet service,No internet service,No internet service,No internet service,20.04,245.78,No
0,Month-to-month,Fiber optic,Mailed check,0,No,No,Yes,Yes,No,No,No,Yes,No,Yes,78.59,79.89,Yes
13,One year,Fiber optic,Bank transfer,0,Yes,Yes,Yes,Yes,Yes,No,No,Yes,No,No,76.18,965.33,Yes
53,Two year,Fiber optic,Electronic check,0,No,No,Yes,Yes,No,No,No,No,Yes,No,73.88,3926.8,No
53,One year,No,Credit card,0,No,No,No,Yes,No internet service,No internet service,No internet service,No internet service,No internet service,No internet service,20.66,1059.65,No
50,Month-to-month,DSL,Electronic check,0,Yes,No,Yes,Yes,No,No,No,No,No,Yes,52.41,2726.77,No
38,Month-to-month,No,Credit card,0,Yes,No,Yes,Yes,No internet service,No internet service,No internet service,No internet service,No internet service,No internet service,21.09,774.76,No
7,Month-to-month,Fiber optic,Electronic check,0,No,Yes,No,Yes,Yes,Yes,Yes,Yes,Yes,No,98.44,677.03,No
22,Month-to-month,DSL,Electronic check,1,No,No,Yes,Yes,No,No,No,Yes,Yes,Yes,63.89,1468.94,Yes
60,Two year,No,Electronic check,0,Yes,No,Yes,Yes,No internet service,No internet service,No internet service,No internet service,No internet service,No internet service,18.99,1165.78,No
29,Two year,Fiber optic,Electronic check,0,No,No,Yes,Yes,Yes,Yes,No,No,Yes,No,84.9,2487.15,No
4,Month-to-month,No,Mailed check,0,Yes,Yes,No,Yes,No internet service,No internet service,No internet service,No internet service,No internet service,No internet service,20.66,81.54,Yes
31,One year,DSL,Bank transfer,0,Yes,No,No,Yes,No,Yes,No,No,No,Yes,53.68,1718.01,No
52,Month-to-month,Fiber optic,Credit card,0,No,No,Yes,No,No,No,No,Yes,Yes,Yes,84.4,4181.9,Yes
60,Two year,Fiber optic,Mailed check,0,Yes,Yes,Yes,No,Yes,No,No,Yes,Yes,No,88.62,5524.89,No
0,Month-to-month,No,Mailed check,0,No,No,No,Yes,No internet service,No internet service,No internet service,No internet service,No internet service,No internet service,21.4,22.09,Yes
47,Two year,DSL,Electronic check,0,No,Yes,Yes,Yes,No,No,No,Yes,Yes,Yes,65.46,3208.98,No
61,Two year,DSL,Credit card,0,Yes,Yes,Yes,Yes,No,No,Yes,Yes,Yes,No,60.53,3531.6,No
14,Month-to-month,No,Electronic check,1,Yes,Yes,No,Yes,No internet service,No internet service,No internet service,No internet service,No internet service,No internet service,20.65,297.45,No
12,Month-to-month,Fiber optic,Electronic check,0,No,No,Yes,Yes,No,No,Yes,No,No,Yes,82.72,944.39,Yes
66,Two year,No,Electronic check,0,No,No,No,No,No internet service,No internet service,No internet service,No internet service,No internet service,No internet service,20.78,1408.82,No
40,Month-to-month,No,Electronic check,0,No,No,No,Yes,No internet service,No internet service,No internet service,No internet service,No internet service,No internet service,19.56,765.24,Yes
37,Month-to-month,Fiber optic,Bank transfer,0,No,No,No,No,No,No,Yes,Yes,Yes,Yes,90.06,3167.66,Yes
49,Two year,DSL,Electronic check,0,No,Yes,Yes,Yes,No,No,Yes,No,No,No,56.37,2640.38,No
35,One year,Fiber optic,Electronic check,0,Yes,No,Yes,Yes,No,No,No,Yes,No,No,69.92,2549.05,Yes
13,Month-to-month,Fiber optic,Credit card,0,No,No,No,Yes,No,No,Yes,Yes,No,No,78.12,977.76,Yes
35,Month-to-month,Fiber optic,Electronic check,0,Yes,No,Yes,Yes,Yes,No,Yes,No,Yes,No,82.68,2849.36,No
12,Month-to-month,No,Bank transfer,0,Yes,No,Yes,Yes,No internet service,No internet service,No internet service,No internet service,No internet service,No internet service,21.72,265.67,Yes
23,Two year,Fiber optic,Mailed check,0,No,Yes,Yes,Yes,No,No,No,No,No,No,61.54,1357.09,No
26,Month-to-month,Fiber optic,Credit card,0,No,No,Yes,Yes,Yes,No,No,No,Yes,No,79.5,2083.18,No
26,Month-to-month,DSL,Bank transfer,0,No,No,Yes,Yes,No,Yes,Yes,No,No,Yes,60.89,1599.21,No
12,Month-to-month,Fiber optic,Electronic check,0,No,No,Yes,Yes,No,Yes,No,No,Yes,No,79.42,940.61,No
72,Two year,No,Credit card,0,Yes,No,Yes,No,No internet service,No internet service,No internet service,No internet service,No internet service,No internet service,19.44,1353.04,No
9,Month-to-month,No,Mailed check,0,No,Yes,No,Yes,No internet service,No internet service,No internet service,No internet service,No internet service,No internet service,19.27,180.83,No
72,Two year,Fiber optic,Electronic check,0,Yes,No,Yes,Yes,No,No,Yes,Yes,No,Yes,91.91,6555.0,No
17,One year,Fiber optic,Bank transfer,0,No,No,Yes,No,Yes,No,No,No,No,No,71.91,1248.94,Yes
58,Two year,No,Bank transfer,1,No,Yes,Yes,Yes,No internet service,No internet service,No internet service,No internet service,No internet service,No internet service,18.32,1011.01,No
41,Two year,Fiber optic,Electronic check,0,No,Yes,No,Yes,No,No,No,No,No,No,67.78,2775.83,No
53,Two year,Fiber optic,Mailed check,0,No,No,No,Yes,Yes,No,No,No,Yes,No,83.85,4635.74,No
66,Two year,No,Electronic check,0,Yes,No,Yes,Yes,No internet service,No internet service,No internet service,No internet service,No internet service,No internet service,20.04,1313.8,No
9,Month-to-month,No,Bank transfer,0,No,No,No,Yes,No internet service,No internet service,No internet service,No internet service,No internet service,No internet service,20.06,189.11,Yes
43,Two year,DSL,Credit card,0,Yes,No,Yes,Yes,No,No,No,Yes,Yes,Yes,61.23,2609.32,No
14,Month-to-month,DSL,Mailed check,0,No,No,Yes,No,Yes,Yes,No,Yes,Yes,No,74.9,1017.19,No
72,Month-to-month,No,Credit card,0,Yes,No,Yes,Yes,No internet service,No internet service,No internet service,No internet service,No internet service,No internet service,19.32,1454.36,No
57,Two year,DSL,Electronic check,0,No,Yes,No,Yes,No,No,No,No,No,No,43.51,2479.78,No
56,Two year,DSL,Credit card,1,Yes,Yes,No,Yes,No,No,No,No,Yes,Yes,60.37,3253.69,No
45,One year,No,Credit card,0,No,Yes,No,Yes,No internet service,No internet service,No internet service,No internet service,No internet service,No internet service,18.0,794.28,No
0,Month-to-month,DSL,Bank transfer,0,No,No,Yes,Yes,Yes,No,Yes,No,No,No,61.04,62.38,No
33,Month-to-month,DSL,Electronic check,0,Yes,No,Yes,Yes,Yes,No,No,No,Yes,Yes,59.33,2008.83,Yes
29,Month-to-month,Fiber optic,Electronic check,0,No,No,Yes,Yes,No,No,Yes,No,Yes,No,78.85,2350.06,Yes
0,Month-to-month,DSL,Electronic check,0,No,No,Yes,Yes,No,No,Yes,Yes,Yes,No,64.17,66.71,No
56,Month-to-month,DSL,Bank transfer,0,No,No,No,Yes,No,No,No,No,No,No,46.78,2537.3,No
18,Month-to-month,Fiber optic,Credit card,0,Yes,No,No,Yes,No,No,Yes,No,No,No,67.95,1225.02,Yes
0,Month-to-month,DSL,Mailed check,0,No,No,Yes,Yes,No,Yes,Yes,Yes,No,No,67.32,70.62,No
59,Two year,No,Electronic check,1,Yes,No,No,Yes,No internet service,No internet service,No internet service,No internet service,No internet service,No internet service,18.02,1041.29,No
3,Month-to-month,Fiber optic,Electronic check,0,Yes,No,Yes,Yes,No,Yes,Yes,Yes,No,No,87.29,274.25,No
28,Two year,Fiber optic,Bank transfer,1,Yes,No,Yes,Yes,Yes,Yes,Yes,Yes,Yes,Yes,107.0,2863.76,No
34,One year,Fiber optic,Mailed check,0,No,Yes,Yes,Yes,Yes,No,No,Yes,Yes,No,88.04,2966.31,No
14,Month-to-month,Fiber optic,Electronic check,0,Yes,Yes,No,Yes,No,Yes,Yes,Yes,No,No,79.88,1164.79,Yes
0,Month-to-month,No,Bank transfer,0,No,No,Yes,Yes,No internet service,No internet service,No internet service,No internet service,No internet service,No internet service,22.27,21.17,Yes
6,Month-to-month,DSL,Electronic check,0,Yes,No,Yes,Yes,No,No,No,No,No,No,47.95,285.98,No
37,Two year,Fiber optic,Bank transfer,0,Yes,No,Yes,Yes,No,No,Yes,No,No,Yes,82.73,3179.39,No
12,Month-to-month,No,Mailed check,0,No,No,No,Yes,No internet service,No internet service,No internet service,No internet service,No internet service,No internet service,18.0,218.42,No
28,Month-to-month,Fiber optic,Electronic check,0,Yes,No,Yes,No,Yes,No,No,Yes,No,No,82.3,2329.49,No
56,Two year,Fiber optic,Bank transfer,0,Yes,No,No,Yes,No,No,No,No,Yes,No,74.09,4035.17,No
53,Two year,No,Bank transfer,1,Yes,No,No,No,No internet service,No internet service,No internet service,No internet service,No internet service,No internet service,19.44,1044.78,No
0,Month-to-month,DSL,Mailed check,0,Yes,No,No,Yes,Yes,No,No,Yes,Yes,Yes,72.78,72.49,No
18,Month-to-month,DSL,Credit card,0,No,No,Yes,Yes,No,Yes,No,Yes,Yes,Yes,73.37,1264.76,No
1,Month-to-month,No,Mailed check,0,No,No,Yes,Yes,No internet service,No internet service,No internet service,No internet service,No internet service,No internet service,20.03,19.3,Yes
0,Month-to-month,No,Electronic check,0,No,No,Yes,Yes,No internet service,No internet service,No internet service,No internet service,No internet service,No internet service,18.0,18.79,Yes
32,Month-to-month,Fiber optic,Credit card,0,Yes,No,No,Yes,Yes,Yes,Yes,Yes,No,Yes,93.47,3120.14,No
17,One year,No,Credit card,0,Yes,Yes,No,Yes,No internet service,No internet service,No internet service,No internet service,No internet service,No internet service,20.22,328.37,No
56,Two year,DSL,Electronic check,0,No,No,Yes,No,No,No,No,Yes,Yes,No,60.15,3264.87,No
10,Month-to-month,Fiber optic,Credit card,0,Yes,No,Yes,Yes,No,Yes,Yes,Yes,Yes,No,88.07,840.22,Yes
23,One year,No,Bank transfer,0,Yes,No,Yes,Yes,No internet service,No internet service,No internet service,No internet service,No internet service,No internet service,21.94,489.56,No
38,Month-to-month,Fiber optic,Electronic check,0,Yes,No,Yes,Yes,No,No,No,No,Yes,Yes,76.55,2919.36,No
44,Two year,No,Mailed check,0,No,Yes,Yes,Yes,No internet service,No internet service,No internet service,No internet service,No internet service,No internet service,21.19,895.35,No
29,One year,DSL,Electronic check,0,No,No,No,Yes,No,No,No,No,No,Yes,54.72,1661.39,No
42,Two year,DSL,Bank transfer,1,Yes,No,Yes,Yes,No,Yes,Yes,No,Yes,No,62.87,2578.92,No
57,Two year,Fiber optic,Credit card,1,Yes,No,Yes,Yes,No,Yes,Yes,Yes,Yes,No,89.21,5284.37,No
15,Month-to-month,No,Mailed check,0,No,No,Yes,Yes,No internet service,No internet service,No internet service,No internet service,No internet service,No internet service,23.7,361.13,No
7,Month-to-month,DSL,Mailed check,0,Yes,No,No,Yes,No,No,Yes,No,Yes,Yes,62.84,430.28,Yes
3,Month-to-month,Fiber optic,Electronic check,0,Yes,No,Yes,Yes,Yes,No,Yes,No,Yes,No,77.74,235.22,Yes
17,Month-to-month,Fiber optic,Mailed check,0,No,Yes,No,Yes,Yes,No,Yes,Yes,No,No,86.7,1415.36,No
44,Two year,DSL,Credit card,0,Yes,No,Yes,Yes,No,Yes,No,Yes,Yes,No,65.42,2963.1,No
46,Month-to-month,Fiber optic,Electronic check,0,Yes,No,Yes,No,No,No,No,Yes,Yes,Yes,84.59,3914.7,No
46,Two year,DSL,Mailed check,0,No,No,Yes,Yes,No,No,Yes,Yes,No,Yes,65.43,3087.87,No
23,Month-to-month,DSL,Mailed check,0,No,Yes,No,Yes,No,No,No,No,Yes,No,49.89,1161.93,Yes
17,Month-to-month,Fiber optic,Bank transfer,0,Yes,Yes,Yes,Yes,Yes,Yes,Yes,Yes,No,Yes,99.95,1671.89,Yes
13,Month-to-month,DSL,Bank transfer,0,Yes,No,Yes,Yes,Yes,No,No,Yes,No,No,57.29,770.13,No
52,One year,Fiber optic,Bank transfer,0,Yes,No,No,Yes,No,No,Yes,No,Yes,No,78.89,4140.99,Yes
47,One year,No,Mailed check,0,No,No,Yes,Yes,No internet service,No internet service,No internet service,No internet service,No internet service,No internet service,19.85,919.15,No
27,Month-to-month,No,Bank transfer,0,Yes,No,Yes,Yes,No internet service,No internet service,No internet service,No internet service,No internet service,No internet service,20.04,540.31,No
27,Month-to-month,Fiber optic,Bank transfer,0,Yes,No,Yes,Yes,Yes,No,Yes,No,Yes,No,82.64,2313.9,No
12,One year,DSL,Bank transfer,1,Yes,No,Yes,Yes,Yes,Yes,Yes,Yes,Yes,No,85.57,1026.27,No
25,Month-to-month,DSL,Bank transfer,0,Yes,No,No,Yes,No,No,No,Yes,Yes,Yes,65.43,1640.16,No
50,Two year,No,Credit card,0,Yes,No,Yes,Yes,No internet service,No internet service,No internet service,No internet service,No internet service,No internet service,19.88,953.41,No
10,Month-to-month,Fiber optic,Electronic check,0,No,Yes,Yes,Yes,No,Yes,No,No,No,No,74.96,736.35,No
72,Month-to-month,DSL,Electronic check,0,No,No,Yes,Yes,Yes,Yes,Yes,Yes,Yes,No,81.45,6074.9,No
0,Month-to-month,No,Credit card,0,No,No,No,Yes,No internet service,No internet service,No internet service,No internet service,No internet service,No internet service,19.07,19.69,Yes
17,Month-to-month,Fiber optic,Electronic check,0,No,Yes,Yes,Yes,Yes,No,Yes,Yes,Yes,Yes,93.07,1551.68,Yes
15,Month-to-month,DSL,Credit card,0,No,Yes,Yes,Yes,Yes,No,No,No,No,No,48.72,754.83,No
17,Month-to-month,Fiber optic,Bank transfer,0,Yes,No,No,Yes,No,No,No,No,Yes,Yes,79.05,1390.31,Yes
38,Two year,DSL,Credit card,0,No,No,No,Yes,No,Yes,Yes,No,Yes,Yes,70.04,2536.19,No
22,Month-to-month,Fiber optic,Mailed check,1,No,No,Yes,Yes,Yes,No,No,Yes,Yes,Yes,94.14,2118.15,Yes
0,Month-to-month,No,Credit card,0,No,No,Yes,Yes,No internet service,No internet service,No internet service,No internet service,No internet service,No internet service,20.16,20.55,Yes
23,Month-to-month,Fiber optic,Bank transfer,0,No,No,No,Yes,No,Yes,No,No,No,No,73.37,1722.52,No
21,Month-to-month,Fiber optic,Mailed check,0,Yes,No,Yes,Yes,No,Yes,No,Yes,Yes,No,85.85,1763.23,No
34,One year,No,Mailed check,0,No,No,No,Yes,No internet service,No internet service,No internet service,No internet service,No internet service,No internet service,18.73,617.8,No
17,Month-to-month,No,Electronic check,0,No,No,Yes,Yes,No internet service,No internet service,No internet service,No internet service,No internet service,No internet service,18.56,320.11,Yes
63,One year,DSL,Electronic check,1,No,No,Yes,No,No,No,No,No,Yes,No,52.82,3339.02,No
27,Month-to-month,DSL,Credit card,0,Yes,No,Yes,Yes,No,Yes,No,Yes,No,Yes,59.78,1627.76,No
57,Two year,Fiber optic,Electronic check,0,Yes,No,Yes,Yes,No,No,Yes,No,No,Yes,77.87,4274.8,No
25,Month-to-month,DSL,Bank transfer,0,No,No,Yes,No,No,No,No,Yes,No,Yes,56.63,1444.81,No
55,Two year,Fiber optic,Mailed check,0,Yes,No,Yes,Yes,Yes,Yes,No,No,No,Yes,91.55,5145.18,No
27,Month-to-month,Fiber optic,Electronic check,0,No,Yes,No,Yes,No,No,Yes,No,Yes,No,74.51,1986.29,No
8,Month-to-month,No,Credit card,0,Yes,No,Yes,Yes,No internet service,No internet service,No internet service,No internet service,No internet service,No internet service,21.24,172.89,Yes
72,Two year,DSL,Electronic check,0,Yes,Yes,Yes,Yes,No,Yes,Yes,Yes,No,Yes,77.17,5524.49,No
41,One year,Fiber optic,Bank transfer,0,No,Yes,Yes,Yes,Yes,Yes,Yes,Yes,Yes,Yes,97.89,4108.77,No
72,Two year,Fiber optic,Mailed check,0,No,No,Yes,Yes,No,No,No,No,Yes,Yes,76.02,5695.79,No
53,Month-to-month,No,Electronic check,0,No,No,No,Yes,No internet service,No internet service,No internet service,No internet service,No internet service,No internet service,18.22,931.76,No
30,One year,Fiber optic,Electronic check,0,No,Yes,Yes,Yes,No,Yes,No,Yes,Yes,No,88.9,2651.16,Yes
58,Two year,Fiber optic,Bank transfer,0,No,Yes,Yes,Yes,No,No,No,Yes,Yes,Yes,84.95,4872.67,No
44,One year,Fiber optic,Electronic check,0,No,Yes,No,Yes,Yes,No,No,No,No,Yes,81.73,3446.39,No
33,Month-to-month,Fiber optic,Credit card,0,No,No,Yes,Yes,Yes,No,Yes,No,Yes,No,83.98,2649.15,No
40,One year,Fiber optic,Bank transfer,0,No,No,No,Yes,Yes,No,No,No,Yes,No,77.26,3034.67,No
57,One year,No,Electronic check,0,No,No,No,Yes,No internet service,No internet service,No internet service,No internet service,No internet service,No internet service,19.86,1152.83,No
26,Two year,Fiber optic,Electronic check,0,No,No,Yes,Yes,No,No,No,No,No,Yes,68.15,1813.88,No
8,Month-to-month,DSL,Electronic check,0,No,No,Yes,Yes,Yes,No,No,No,Yes,No,53.78,449.87,No
15,Month-to-month,DSL,Credit card,0,No,Yes,Yes,Yes,No,No,No,Yes,Yes,No,55.6,808.29,Yes
43,Two year,DSL,Mailed check,0,No,Yes,No,Yes,No,No,No,No,Yes,Yes,62.48,2667.39,No
0,Month-to-month,DSL,Electronic check,0,No,No,No,Yes,Yes,Yes,Yes,Yes,Yes,Yes,84.64,85.19,No
52,One year,DSL,Mailed check,0,No,No,No,No,No,No,Yes,Yes,Yes,No,62.09,3123.12,No
0,Month-to-month,DSL,Mailed check,0,No,No,No,Yes,No,No,No,Yes,Yes,Yes,66.13,64.4,Yes
7,Month-to-month,DSL,Bank transfer,0,Yes,No,No,Yes,No,Yes,No,No,No,No,53.96,375.46,No
50,One year,No,Electronic check,0,Yes,No,Yes,Yes,No internet service,No internet service,No internet service,No internet service,No internet service,No internet service,20.28,992.29,No
38,Month-to-month,DSL,Electronic check,0,No,Yes,No,Yes,Yes,No,Yes,No,No,No,63.35,2310.32,No
9,Month-to-month,No,Mailed check,1,Yes,No,Yes,Yes,No internet service,No internet service,No internet service,No internet service,No internet service,No internet service,20.18,183.76,No
21,One year,Fiber optic,Bank transfer,0,Yes,No,No,No,Yes,Yes,No,No,No,Yes,86.88,1885.09,No
25,One year,DSL,Bank transfer,0,Yes,Yes,No,Yes,No,Yes,Yes,Yes,No,Yes,68.42,1677.35,No
72,Two year,DSL,Electronic check,1,Yes,No,No,Yes,No,Yes,No,No,Yes,Yes,62.12,4327.56,No
37,Month-to-month,Fiber optic,Electronic check,0,No,Yes,No,Yes,No,Yes,No,Yes,No,Yes,89.78,3452.75,Yes
23,Month-to-month,No,Bank transfer,1,No,No,No,Yes,No internet service,No internet service,No internet service,No internet service,No internet service,No internet service,20.94,481.66,No
58,Two year,Fiber optic,Electronic check,0,No,Yes,Yes,Yes,Yes,Yes,Yes,No,No,No,81.75,4947.28,No
0,Month-to-month,Fiber optic,Mailed check,0,Yes,No,Yes,Yes,No,Yes,Yes,No,Yes,Yes,94.19,95.2,Yes
25,Month-to-month,No,Mailed check,0,Yes,No,No,Yes,No internet service,No internet service,No internet service,No internet service,No internet service,No internet service,18.0,467.25,No
31,Month-to-month,Fiber optic,Electronic check,0,Yes,No,No,Yes,No,No,Yes,Yes,Yes,No,80.36,2583.02,No
21,Month-to-month,Fiber optic,Mailed check,0,Yes,Yes,Yes,No,No,Yes,Yes,No,Yes,Yes,93.5,2044.08,Yes
57,Two year,Fiber optic,Electronic check,0,Yes,Yes,Yes,Yes,Yes,No,Yes,No,Yes,Yes,89.85,4880.43,No
37,Two year,No,Mailed check,0,No,No,Yes,Yes,No internet service,No internet service,No internet service,No internet service,No internet service,No internet service,20.19,763.89,No
57,One year,DSL,Electronic check,0,Yes,No,No,Yes,No,No,No,No,Yes,No,51.82,3080.52,No
0,Month-to-month,DSL,Mailed check,0,No,No,No,Yes,No,No,No,Yes,No,No,51.69,54.03,Yes
18,Month-to-month,No,Mailed check,0,No,Yes,No,Yes,No internet service,No internet service,No internet service,No internet service,No internet service,No internet service,19.32,365.1,Yes
25,Month-to-month,DSL,Electronic check,0,Yes,No,Yes,Yes,No,Yes,Yes,No,No,Yes,64.59,1614.57,No
36,Month-to-month,No,Bank transfer,0,No,No,Yes,Yes,No internet service,No internet service,No internet service,No internet service,No internet service,No internet service,19.5,683.54,No
35,Month-to-month,No,Bank transfer,0,No,No,Yes,Yes,No internet service,No internet service,No internet service,No internet service,No internet service,No internet service,23.1,838.58,No
36,Month-to-month,Fiber optic,Credit card,0,Yes,Yes,Yes,Yes,No,No,Yes,No,No,No,74.61,2641.05,Yes
13,Month-to-month,No,Electronic check,0,No,Yes,Yes,Yes,No internet service,No internet service,No internet service,No internet service,No internet service,No internet service,19.31,239.15,Yes
72,One year,DSL,Electronic check,0,No,Yes,Yes,Yes,Yes,Yes,No,Yes,No,No,66.21,4926.06,No
55,One year,Fiber optic,Electronic check,0,No,No,Yes,Yes,No,No,No,Yes,No,Yes,79.04,4405.1,Yes
12,Month-to-month,Fiber optic,Credit card,0,No,No,Yes,Yes,No,No,No,Yes,Yes,Yes,87.11,1095.62,Yes
13,Month-to-month,DSL,Mailed check,0,Yes,No,No,Yes,No,No,Yes,Yes,No,Yes,65.7,856.33,Yes
66,Two year,Fiber optic,Electronic check,1,Yes,No,No,Yes,Yes,No,Yes,Yes,No,Yes,90.56,6168.46,No
31,One year,DSL,Bank transfer,0,No,No,Yes,Yes,No,No,No,Yes,Yes,No,59.42,1791.84,No
34,Two year,Fiber optic,Electronic check,0,No,No,No,Yes,No,Yes,No,Yes,No,No,80.18,2608.3,Yes
19,Month-to-month,DSL,Mailed check,0,No,No,Yes,Yes,No,Yes,Yes,Yes,No,No,63.74,1241.67,No
18,Two year,Fiber optic,Mailed check,0,No,Yes,No,Yes,No,No,No,No,Yes,Yes,80.63,1506.16,No
24,Month-to-month,No,Bank transfer,0,No,Yes,Yes,Yes,No internet service,No internet service,No internet service,No internet service,No internet service,No internet service,22.82,569.81,No
28,Month-to-month,Fiber optic,Bank transfer,0,No,No,Yes,Yes,No,No,Yes,No,Yes,No,75.29,2158.14,No
14,Month-to-month,Fiber optic,Electronic check,0,Yes,No,Yes,Yes,No,No,Yes,Yes,No,No,76.06,1109.96,Yes
36,Month-to-month,Fiber optic,Bank transfer,0,Yes,No,No,Yes,Yes,Yes,No,Yes,Yes,Yes,90.66,3338.32,No
32,Month-to-month,DSL,Mailed check,0,Yes,No,No,Yes,Yes,No,Yes,No,Yes,No,66.61,2048.95,No
2,Month-to-month,DSL,Electronic check,0,Yes,Yes,Yes,Yes,No,Yes,Yes,No,Yes,No,63.25,130.08,No
39,One year,DSL,Credit card,0,No,Yes,No,No,No,No,No,No,Yes,No,50.75,1908.16,No
10,Month-to-month,Fiber optic,Bank transfer,0,No,No,Yes,Yes,No,No,Yes,No,Yes,Yes,83.92,797.54,Yes
13,Month-to-month,No,Credit card,0,No,No,No,Yes,No internet service,No internet service,No internet service,No internet service,No internet service,No internet service,18.0,223.63,Yes
36,Month-to-month,DSL,Bank transfer,0,Yes,No,Yes,Yes,No,Yes,Yes,Yes,No,No,63.72,2181.95,Yes
28,Month-to-month,Fiber optic,Electronic check,0,Yes,Yes,Yes,Yes,No,No,Yes,No,No,No,70.37,2035.64,Yes
7,Month-to-month,DSL,Mailed check,0,Yes,No,Yes,Yes,No,Yes,No,No,Yes,Yes,64.71,463.94,No
22,Month-to-month,DSL,Mailed check,0,No,No,Yes,Yes,No,No,No,Yes,No,Yes,53.56,1169.68,Yes
6,Month-to-month,DSL,Electronic check,0,Yes,No,Yes,Yes,Yes,No,No,No,Yes,Yes,57.31,353.15,No
46,Two year,Fiber optic,Mailed check,0,No,No,Yes,Yes,No,Yes,No,Yes,Yes,No,85.72,3787.12,No
72,Two year,Fiber optic,Mailed check,1,No,No,Yes,Yes,No,No,No,Yes,No,No,71.86,5419.51,No
59,Month-to-month,DSL,Electronic check,0,Yes,No,Yes,Yes,No,No,No,No,Yes,No,49.42,2967.58,No
66,One year,Fiber optic,Credit card,1,No,Yes,Yes,Yes,No,No,No,No,No,No,62.05,4269.5,Yes
58,Two year,Fiber optic,Electronic check,0,Yes,Yes,Yes,Yes,No,No,No,Yes,Yes,No,81.04,4798.29,No
57,Two year,No,Mailed check,0,Yes,Yes,Yes,Yes,No internet service,No internet service,No internet service,No internet service,No internet service,No internet service,20.66,1176.07,No
54,One year,DSL,Bank transfer,0,No,No,Yes,Yes,Yes,No,No,Yes,No,Yes,65.13,3439.14,No
56,Two year,Fiber optic,Bank transfer,0,Yes,No,Yes,Yes,Yes,Yes,Yes,No,Yes,Yes,98.14,5461.94,No
31,Two year,Fiber optic,Electronic check,0,Yes,No,Yes,Yes,No,No,Yes,No,Yes,Yes,89.38,2895.62,No
72,Two year,DSL,Bank transfer,0,No,No,Yes,Yes,Yes,No,No,No,No,Yes,57.03,4150.57,No
0,Month-to-month,Fiber optic,Bank transfer,0,Yes,Yes,Yes,Yes,No,Yes,No,No,No,No,69.75,68.25,No
37,Month-to-month,Fiber optic,Credit card,0,Yes,No,Yes,Yes,No,Yes,No,No,Yes,Yes,77.06,2802.07,No
30,Month-to-month,Fiber optic,Electronic check,0,Yes,Yes,Yes,Yes,No,Yes,Yes,No,Yes,Yes,88.43,2625.61,Yes
48,Month-to-month,DSL,Electronic check,0,No,Yes,Yes,Yes,Yes,No,Yes,No,No,No,63.05,2971.81,Yes
32,Month-to-month,DSL,Bank transfer,0,No,No,No,Yes,No,No,Yes,No,No,Yes,55.96,1730.11,No
9,Month-to-month,Fiber optic,Electronic check,1,No,Yes,Yes,Yes,No,No,No,Yes,Yes,Yes,83.44,747.35,Yes
55,One year,Fiber optic,Bank transfer,0,No,No,Yes,Yes,No,No,Yes,No,Yes,No,76.7,4101.97,No
32,One year,DSL,Bank transfer,0,Yes,No,No,Yes,No,No,No,No,No,Yes,52.56,1681.04,No
38,Two year,DSL,Bank transfer,0,No,No,Yes,Yes,No,No,No,No,Yes,Yes,55.9,2147.56,Yes
0,Month-to-month,DSL,Credit card,0,No,No,Yes,Yes,No,No,Yes,No,Yes,Yes,65.01,66.51,No
16,Month-to-month,Fiber optic,Bank transfer,0,Yes,No,Yes,Yes,Yes,Yes,Yes,Yes,No,No,92.34,1462.82,No
27,Two year,DSL,Credit card,1,No,No,No,No,No,No,No,No,No,Yes,51.01,1342.7,No
72,Two year,No,Bank transfer,0,No,No,Yes,Yes,No internet service,No internet service,No internet service,No internet service,No internet service,No internet service,22.68,1562.4,No
29,Two year,DSL,Electronic check,0,No,No,Yes,Yes,Yes,No,No,No,No,Yes,59.5,1684.52,No
48,Two year,Fiber optic,Credit card,0,Yes,No,Yes,Yes,Yes,No,No,Yes,No,No,82.25,3833.38,No
49,Two year,DSL,Bank transfer,0,No,No,Yes,Yes,No,No,No,Yes,Yes,Yes,67.47,3358.22,No
21,Month-to-month,Fiber optic,Credit card,0,No,No,Yes,Yes,No,No,No,Yes,Yes,No,80.28,1645.32,Yes
4,Month-to-month,Fiber optic,Electronic check,1,Yes,No,No,Yes,No,No,No,Yes,No,Yes,74.26,308.43,Yes
36,Month-to-month,Fiber optic,Electronic check,0,No,Yes,Yes,Yes,Yes,Yes,No,No,Yes,No,86.77,3123.5,No
41,One year,No,Credit card,0,Yes,No,No,Yes,No internet service,No internet service,No internet service,No internet service,No internet service,No internet service,18.31,715.26,No
54,Two year,Fiber optic,Electronic check,0,Yes,No,No,Yes,No,No,Yes,Yes,No,No,76.49,4025.13,No
8,Month-to-month,No,Bank transfer,0,No,Yes,Yes,Yes,No internet service,No internet service,No internet service,No internet service,No internet service,No internet service,20.65,164.81,No
47,One year,DSL,Mailed check,0,No,No,Yes,Yes,No,No,Yes,No,Yes,No,58.6,2660.88,Yes
40,Month-to-month,DSL,Electronic check,0,Yes,No,Yes,Yes,No,No,Yes,Yes,Yes,No,63.93,2549.96,No
61,Month-to-month,Fiber optic,Electronic check,0,Yes,No,No,Yes,Yes,No,Yes,Yes,Yes,Yes,95.23,5699.03,Yes
3,Month-to-month,DSL,Credit card,0,No,Yes,Yes,Yes,No,Yes,No,Yes,No,Yes,60.95,181.54,No
16,Month-to-month,Fiber optic,Electronic check,0,Yes,No,Yes,Yes,No,No,No,No,Yes,Yes,75.97,1272.4,No
23,Two year,DSL,Bank transfer,0,No,No,Yes,Yes,Yes,No,No,No,Yes,No,58.51,1310.9,No
29,Month-to-month,Fiber optic,Bank transfer,0,No,No,Yes,No,No,Yes,No,No,No,Yes,76.1,2170.29,No
32,Two year,Fiber optic,Bank transfer,0,Yes,No,Yes,No,No,No,Yes,No,No,Yes,79.7,2455.47,No
42,One year,DSL,Mailed check,1,No,No,Yes,Yes,Yes,No,No,Yes,Yes,No,63.82,2668.6,No
38,Month-to-month,Fiber optic,Electronic check,0,Yes,No,No,Yes,Yes,No,No,Yes,No,Yes,81.0,3009.86,Yes
11,Month-to-month,Fiber optic,Credit card,0,Yes,No,No,Yes,No,Yes,Yes,No,Yes,No,89.22,974.13,Yes
39,Two year,No,Electronic check,1,No,Yes,No,Yes,No internet service,No internet service,No internet service,No internet service,No internet service,No internet service,19.34,761.7,No
39,Month-to-month,Fiber optic,Electronic check,0,Yes,Yes,Yes,Yes,No,No,Yes,No,No,No,75.32,2978.84,Yes
65,Two year,Fiber optic,Credit card,0,Yes,Yes,Yes,Yes,No,No,Yes,No,Yes,Yes,86.77,5553.33,No
0,Month-to-month,Fiber optic,Electronic check,0,No,No,Yes,No,No,No,No,No,Yes,Yes,78.19,81.06,Yes
40,One year,Fiber optic,Electronic check,1,Yes,No,Yes,Yes,Yes,No,No,Yes,Yes,Yes,92.77,3636.36,No
40,Two year,DSL,Credit card,0,No,No,No,Yes,No,No,Yes,Yes,Yes,Yes,74.43,2928.2,Yes
35,Month-to-month,Fiber optic,Electronic check,0,No,No,No,Yes,No,No,No,Yes,No,No,68.69,2401.9,Yes
20,Month-to-month,DSL,Electronic check,1,Yes,No,Yes,Yes,No,No,Yes,Yes,Yes,No,68.16,1427.16,Yes
72,Two year,DSL,Mailed check,0,Yes,No,No,Yes,No,No,No,Yes,Yes,Yes,61.23,4525.43,No
3,Month-to-month,Fiber optic,Bank transfer,0,Yes,No,Yes,Yes,No,No,Yes,No,No,Yes,78.42,240.19,Yes
22,Month-to-month,No,Credit card,0,No,Yes,No,Yes,No internet service,No internet service,No internet service,No internet service,No internet service,No internet service,18.97,413.27,Yes
18,Month-to-month,No,Bank transfer,0,Yes,Yes,Yes,Yes,No internet service,No internet service,No internet service,No internet service,No internet service,No internet service,18.0,334.64,No
22,Month-to-month,Fiber optic,Credit card,0,No,No,No,No,Yes,No,Yes,No,Yes,Yes,89.46,1984.55,No
45,Two year,Fiber optic,Electronic check,0,Yes,No,No,Yes,Yes,No,No,No,No,Yes,78.36,3697.61,No
18,Two year,Fiber optic,Bank transfer,0,No,Yes,Yes,Yes,Yes,Yes,Yes,Yes,Yes,Yes,102.5,1932.11,No
29,Month-to-month,Fiber optic,Electronic check,1,No,No,Yes,Yes,No,Yes,No,No,No,Yes,76.88,2271.4,Yes
55,Two year,DSL,Credit card,0,No,No,Yes,Yes,No,No,No,Yes,No,No,57.85,3239.61,No
5,Month-to-month,DSL,Credit card,1,No,No,No,Yes,Yes,Yes,Yes,No,Yes,Yes,74.06,363.23,Yes
10,Month-to-month,Fiber optic,Electronic check,0,Yes,Yes,Yes,No,No,No,No,Yes,Yes,Yes,82.14,835.86,No
19,One year,Fiber optic,Credit card,0,Yes,No,No,Yes,No,No,No,Yes,No,Yes,80.98,1499.61,Yes
24,Two year,Fiber optic,Bank transfer,0,Yes,Yes,No,Yes,No,No,No,No,No,No,65.85,1596.31,Yes
35,Month-to-month,No,Electronic check,0,Yes,No,Yes,Yes,No internet service,No internet service,No internet service,No internet service,No internet service,No internet service,20.1,705.08,No
27,Month-to-month,No,Bank transfer,0,No,No,Yes,Yes,No internet service,No internet service,No internet service,No internet service,No internet service,No internet service,20.84,583.78,No
0,Month-to-month,Fiber optic,Credit card,0,No,Yes,No,Yes,No,No,Yes,No,No,No,70.88,71.28,No
72,Two year,DSL,Electronic check,0,Yes,Yes,Yes,Yes,Yes,Yes,No,Yes,No,Yes,74.01,5251.35,No
0,Month-to-month,DSL,Electronic check,0,No,No,Yes,Yes,Yes,No,Yes,No,No,Yes,62.71,60.96,No
29,Month-to-month,DSL,Credit card,0,No,Yes,Yes,Yes,Yes,No,No,No,Yes,Yes,66.91,1897.46,No
38,One year,DSL,Mailed check,0,Yes,Yes,Yes,Yes,No,No,No,Yes,No,No,50.19,1957.49,No
0,Month-to-month,No,Mailed check,0,Yes,No,Yes,Yes,No internet service,No internet service,No internet service,No internet service,No internet service,No internet service,19.49,20.2,No
24,Month-to-month,Fiber optic,Bank transfer,0,No,Yes,Yes,Yes,No,Yes,No,Yes,Yes,No,84.8,2102.31,Yes
15,Month-to-month,Fiber optic,Bank transfer,1,Yes,No,Yes,Yes,No,No,No,Yes,No,Yes,77.73,1221.24,Yes
8,Month-to-month,No,Electronic check,0,Yes,No,Yes,Yes,No internet service,No internet service,No internet service,No internet service,No internet service,No internet service,22.83,182.35,No
39,Month-to-month,Fiber optic,Electronic check,0,No,Yes,No,Yes,No,No,No,No,No,No,63.4,2480.19,No
64,Two year,Fiber optic,Credit card,0,No,No,Yes,Yes,No,No,No,Yes,No,No,73.79,4677.92,No
50,One year,DSL,Mailed check,1,Yes,Yes,Yes,Yes,No,No,No,No,Yes,No,54.92,2800.72,No
35,One year,DSL,Bank transfer,0,Yes,No,No,Yes,No,Yes,No,No,No,No,49.51,1779.93,Yes
60,Two year,DSL,Credit card,0,Yes,Yes,No,Yes,No,No,Yes,No,Yes,No,58.25,3579.38,No
18,Month-to-month,DSL,Electronic check,0,Yes,No,Yes,Yes,Yes,No,No,No,No,No,52.64,904.85,No
26,Month-to-month,DSL,Credit card,0,Yes,No,No,No,No,No,Yes,No,No,No,51.65,1352.51,Yes
38,Two year,Fiber optic,Bank transfer,0,No,No,Yes,Yes,Yes,No,No,Yes,Yes,No,88.05,3456.05,No
0,Month-to-month,DSL,Credit card,1,No,No,No,Yes,No,Yes,No,No,Yes,No,54.33,54.95,No
60,One year,DSL,Electronic check,0,Yes,Yes,Yes,Yes,No,No,Yes,Yes,No,Yes,64.34,4050.23,No
38,One year,No,Electronic check,0,No,No,Yes,Yes,No internet service,No internet service,No internet service,No internet service,No internet service,No internet service,19.63,711.52,No
27,Month-to-month,Fiber optic,Bank transfer,0,No,No,No,Yes,No,No,Yes,Yes,No,No,78.49,2181.27,No
7,Month-to-month,Fiber optic,Credit card,0,Yes,No,Yes,Yes,Yes,Yes,Yes,No,No,No,82.07,552.72,No
14,Month-to-month,No,Credit card,0,No,Yes,Yes,Yes,No internet service,No internet service,No internet service,No internet service,No internet service,No internet service,19.4,258.87,No
42,Month-to-month,Fiber optic,Mailed check,0,No,No,No,Yes,No,No,Yes,No,No,Yes,77.33,3297.22,Yes
24,Month-to-month,Fiber optic,Mailed check,0,No,Yes,Yes,Yes,No,Yes,No,No,No,Yes,79.42,1846.94,No
53,Month-to-month,No,Electronic check,0,Yes,No,Yes,Yes,No internet service,No internet service,No internet service,No internet service,No internet service,No internet service,19.51,1007.12,No
68,Two year,DSL,Bank transfer,0,No,No,Yes,Yes,Yes,No,No,No,Yes,No,64.66,4532.68,No
43,Two year,Fiber optic,Credit card,0,Yes,Yes,No,Yes,Yes,Yes,Yes,Yes,No,No,92.91,4167.97,No
61,Two year,Fiber optic,Credit card,0,Yes,No,No,Yes,No,No,Yes,No,Yes,No,77.6,4531.13,No
45,Month-to-month,Fiber optic,Mailed check,0,No,No,Yes,Yes,Yes,Yes,Yes,No,No,No,81.64,3738.72,Yes
22,Month-to-month,No,Credit card,0,No,Yes,Yes,Yes,No internet service,No internet service,No internet service,No internet service,No internet service,No internet service,19.7,425.95,No
28,Month-to-month,DSL,Electronic check,0,No,Yes,Yes,Yes,No,No,No,No,No,No,44.19,1206.13,Yes
41,Month-to-month,Fiber optic,Mailed check,1,Yes,No,Yes,Yes,No,No,Yes,No,No,Yes,83.23,3278.03,No
16,Two year,Fiber optic,Mailed check,0,Yes,No,Yes,Yes,No,Yes,Yes,No,No,Yes,83.64,1344.32,No
29,Month-to-month,Fiber optic,Mailed check,0,No,Yes,Yes,Yes,No,Yes,No,No,No,No,68.56,2043.19,No
40,Month-to-month,Fiber optic,Bank transfer,0,No,Yes,No,Yes,No,No,No,Yes,No,Yes,70.9,2975.1,Yes
42,Two year,Fiber optic,Bank transfer,0,No,No,No,Yes,No,No,Yes,Yes,No,Yes,84.98,3423.81,No
35,Month-to-month,DSL,Electronic check,0,Yes,No,Yes,Yes,No,No,No,No,Yes,No,54.19,1923.61,No
18,Month-to-month,Fiber optic,Electronic check,0,No,No,Yes,No,Yes,No,Yes,Yes,Yes,Yes,103.26,1871.08,Yes
0,Month-to-month,Fiber optic,Mailed check,0,Yes,No,No,Yes,Yes,No,Yes,No,No,Yes,88.91,88.69,Yes
51,One year,DSL,Bank transfer,0,Yes,No,Yes,No,No,No,Yes,Yes,Yes,Yes,71.55,3611.16,No
54,Two year,Fiber optic,Mailed check,1,No,Yes,Yes,Yes,Yes,Yes,No,No,Yes,Yes,96.61,5149.16,Yes
17,Month-to-month,Fiber optic,Mailed check,0,Yes,No,Yes,Yes,Yes,Yes,Yes,No,Yes,No,93.67,1653.33,No
64,Two year,Fiber optic,Electronic check,0,No,Yes,Yes,Yes,Yes,No,No,Yes,No,No,80.05,5342.68,No
39,Two year,Fiber optic,Bank transfer,0,No,Yes,Yes,No,Yes,No,No,Yes,Yes,Yes,87.28,3475.53,No
66,Two year,Fiber optic,Mailed check,0,No,No,No,Yes,Yes,No,Yes,Yes,Yes,No,92.69,6221.05,No
3,Month-to-month,DSL,Mailed check,1,Yes,Yes,Yes,Yes,No,No,No,Yes,No,Yes,58.24,169.3,Yes
42,Month-to-month,Fiber optic,Mailed check,0,Yes,Yes,Yes,Yes,Yes,Yes,No,Yes,No,No,80.38,3354.55,No
72,Two year,No,Electronic check,0,No,No,Yes,Yes,No internet service,No internet service,No internet service,No internet service,No internet service,No internet service,21.59,1515.66,No
43,Month-to-month,DSL,Electronic check,0,No,No,No,Yes,Yes,No,No,Yes,Yes,No,69.06,2830.38,No
45,One year,Fiber optic,Electronic check,0,No,No,No,Yes,No,Yes,No,No,Yes,Yes,85.14,3758.31,No
31,One year,Fiber optic,Bank transfer,0,Yes,Yes,Yes,Yes,No,Yes,Yes,No,No,Yes,87.58,2647.64,No
6,Month-to-month,Fiber optic,Electronic check,0,No,No,Yes,Yes,No,Yes,No,No,No,Yes,75.72,471.75,Yes
42,Two year,Fiber optic,Electronic check,1,Yes,No,Yes,Yes,No,No,No,No,Yes,No,70.2,2963.73,No
51,Two year,DSL,Credit card,0,Yes,No,Yes,No,No,No,Yes,Yes,No,Yes,62.56,3069.57,No
27,One year,Fiber optic,Mailed check,0,Yes,Yes,Yes,Yes,Yes,No,Yes,No,No,No,76.91,2001.56,No
23,Month-to-month,No,Mailed check,1,Yes,No,Yes,No,No internet service,No internet service,No internet service,No internet service,No internet service,No internet service,20.92,466.51,No
41,Two year,DSL,Mailed check,1,Yes,Yes,Yes,Yes,No,No,No,No,No,Yes,52.92,2252.71,Yes
8,Month-to-month,DSL,Electronic check,0,Yes,No,No,Yes,No,No,Yes,No,Yes,No,54.54,450.34,Yes
32,One year,DSL,Electronic check,0,Yes,No,No,Yes,Yes,Yes,No,Yes,No,No,67.48,2079.45,No
42,Two year,DSL,Credit card,1,No,No,Yes,Yes,No,No,Yes,No,Yes,Yes,65.96,2798.38,No
33,One year,No,Mailed check,0,Yes,No,No,No,No internet service,No internet service,No internet service,No internet service,No internet service,No internet service,20.8,692.04,No
27,Month-to-month,No,Bank transfer,0,No,No,No,Yes,No internet service,No internet service,No internet service,No internet service,No internet service,No internet service,18.0,489.22,No
4,Month-to-month,Fiber optic,Credit card,0,No,No,Yes,Yes,Yes,No,Yes,Yes,Yes,No,86.35,345.8,Yes
0,Month-to-month,Fiber optic,Electronic check,1,Yes,No,Yes,Yes,Yes,Yes,No,Yes,No,Yes,94.55,91.8,Yes
15,Month-to-month,Fiber optic,Bank transfer,0,No,Yes,No,No,No,Yes,No,Yes,No,No,78.84,1156.3,Yes
0,Month-to-month,Fiber optic,Electronic check,0,Yes,No,Yes,No,Yes,Yes,Yes,Yes,Yes,No,95.43,91.05,Yes
59,One year,DSL,Mailed check,0,Yes,Yes,No,Yes,Yes,No,No,Yes,No,No,58.13,3368.23,No
7,Month-to-month,Fiber optic,Credit card,0,No,Yes,Yes,Yes,No,Yes,No,No,No,No,74.56,544.35,Yes
55,Two year,DSL,Electronic check,0,No,No,No,Yes,Yes,No,No,Yes,No,No,57.1,3204.41,No
61,Two year,DSL,Credit card,0,Yes,No,Yes,Yes,No,Yes,Yes,No,Yes,Yes,70.81,4411.95,No
0,Month-to-month,Fiber optic,Bank transfer,0,No,Yes,No,Yes,Yes,No,Yes,No,Yes,Yes,97.2,96.03,Yes
24,One year,DSL,Mailed check,0,No,Yes,Yes,Yes,No,Yes,No,No,No,No,50.29,1202.42,No
28,One year,Fiber optic,Electronic check,1,Yes,Yes,Yes,No,No,Yes,No,Yes,No,Yes,81.7,2197.93,Yes
31,Month-to-month,No,Bank transfer,0,Yes,No,Yes,Yes,No internet service,No internet service,No internet service,No internet service,No internet service,No internet service,18.62,594.01,No
47,Month-to-month,DSL,Mailed check,0,No,No,Yes,Yes,Yes,No,Yes,No,No,Yes,60.59,2952.01,No
72,Two year,Fiber optic,Electronic check,0,No,No,Yes,Yes,No,Yes,No,Yes,No,No,80.73,5571.85,No
72,Two year,DSL,Mailed check,0,No,No,Yes,Yes,No,No,Yes,Yes,No,No,60.6,4386.1,No
18,One year,Fiber optic,Electronic check,0,No,No,No,Yes,Yes,No,Yes,Yes,Yes,No,92.3,1602.53,Yes
40,Two year,DSL,Credit card,0,No,No,Yes,Yes,No,No,No,No,Yes,No,53.13,2054.03,No
72,Two year,DSL,Electronic check,0,Yes,No,Yes,Yes,Yes,Yes,Yes,No,Yes,No,68.91,4863.47,No
42,Month-to-month,Fiber optic,Mailed check,0,No,No,Yes,Yes,No,Yes,No,Yes,No,Yes,83.22,3530.55,Yes
51,One year,DSL,Bank transfer,0,No,No,No,Yes,No,No,Yes,Yes,No,No,56.41,2934.12,Yes
31,Month-to-month,No,Bank transfer,0,No,No,No,Yes,No internet service,No internet service,No internet service,No internet service,No internet service,No internet service,20.26,621.47,No
47,Two year,DSL,Credit card,1,No,Yes,Yes,Yes,No,Yes,Yes,No,No,No,59.6,2697.1,No
45,Month-to-month,DSL,Credit card,0,No,No,No,Yes,No,No,Yes,No,Yes,No,58.45,2591.32,No
6,Month-to-month,DSL,Electronic check,1,Yes,No,No,Yes,Yes,No,Yes,Yes,Yes,No,69.77,416.47,No
28,Two year,Fiber optic,Mailed check,0,No,No,Yes,Yes,No,Yes,No,Yes,Yes,No,87.76,2377.76,No
31,Month-to-month,No,Bank transfer,0,Yes,No,Yes,No,No internet service,No internet service,No internet service,No internet service,No internet service,No internet service,18.0,573.96,No
45,Two year,No,Electronic check,0,Yes,No,Yes,Yes,No internet service,No internet service,No internet service,No internet service,No internet service,No internet service,18.0,800.05,No
0,Month-to-month,Fiber optic,Bank transfer,0,Yes,Yes,No,Yes,Yes,No,No,No,Yes,Yes,84.26,85.25,No
68,Two year,Fiber optic,Electronic check,1,Yes,No,No,Yes,Yes,No,No,Yes,Yes,Yes,92.44,6541.08,No
25,Two year,Fiber optic,Credit card,0,No,No,Yes,Yes,No,No,No,Yes,Yes,Yes,85.2,2076.27,No
25,Month-to-month,Fiber optic,Bank transfer,0,Yes,No,Yes,Yes,No,Yes,Yes,No,Yes,Yes,81.06,2084.55,Yes
47,Two year,Fiber optic,Mailed check,0,Yes,No,Yes,Yes,Yes,No,No,No,No,Yes,81.87,3923.22,No
44,Month-to-month,Fiber optic,Mailed check,0,No,No,Yes,Yes,No,No,No,Yes,Yes,No,79.06,3580.7,No
45,One year,DSL,Credit card,0,No,No,No,No,No,No,Yes,No,Yes,Yes,62.93,2923.38,No
55,One year,Fiber optic,Bank transfer,0,No,No,No,Yes,No,No,No,No,Yes,Yes,73.35,3984.83,No
37,Two year,Fiber optic,Credit card,0,No,No,No,Yes,No,No,No,Yes,No,Yes,75.29,2919.83,No
0,Month-to-month,DSL,Credit card,0,No,No,Yes,Yes,No,No,Yes,No,No,No,47.16,46.28,Yes
12,Month-to-month,Fiber optic,Electronic check,0,No,Yes,No,Yes,No,Yes,No,Yes,Yes,No,80.39,971.3,Yes
48,One year,Fiber optic,Electronic check,0,Yes,No,No,Yes,No,Yes,Yes,No,Yes,Yes,95.93,4515.69,No
39,One year,No,Electronic check,0,Yes,No,No,Yes,No internet service,No internet service,No internet service,No internet service,No internet service,No internet service,20.39,787.56,No
36,Month-to-month,No,Bank transfer,0,Yes,No,No,Yes,No internet service,No internet service,No internet service,No internet service,No internet service,No internet service,18.48,640.37,No
27,Month-to-month,DSL,Bank transfer,0,No,No,Yes,Yes,No,Yes,Yes,No,No,Yes,63.86,1682.99,Yes
1,Month-to-month,Fiber optic,Electronic check,0,No,Yes,Yes,Yes,Yes,Yes,No,No,No,No,81.3,81.0,No
61,Two year,Fiber optic,Credit card,0,No,Yes,Yes,Yes,No,Yes,No,Yes,No,No,83.56,5009.0,No
21,Month-to-month,No,Electronic check,0,No,Yes,No,Yes,No internet service,No internet service,No internet service,No internet service,No internet service,No internet service,21.88,445.88,Yes
38,Month-to-month,DSL,Bank transfer,0,No,No,Yes,Yes,No,Yes,No,No,No,Yes,54.59,2071.65,No
39,Two year,DSL,Mailed check,0,Yes,No,No,Yes,Yes,Yes,No,No,No,No,53.3,2011.19,No
7,Month-to-month,DSL,Mailed check,1,Yes,No,Yes,Yes,No,No,Yes,No,No,Yes,56.5,383.43,Yes
44,One year,Fiber optic,Electronic check,1,No,Yes,No,No,No,Yes,No,Yes,No,Yes,86.5,3882.33,No
41,Month-to-month,DSL,Bank transfer,1,Yes,Yes,No,Yes,No,No,No,No,No,No,48.73,2077.18,No
51,Two year,No,Bank transfer,0,No,No,Yes,Yes,No internet service,No internet service,No internet service,No internet service,No internet service,No internet service,18.89,975.84,No
48,One year,No,Electronic check,0,Yes,Yes,Yes,Yes,No internet service,No internet service,No internet service,No internet service,No internet service,No internet service,20.71,1020.23,No
55,Two year,Fiber optic,Mailed check,0,Yes,No,No,Yes,Yes,No,No,Yes,Yes,Yes,92.78,5284.26,No
17,Month-to-month,DSL,Bank transfer,0,No,No,No,Yes,No,No,No,No,No,No,45.41,792.89,No
36,Month-to-month,Fiber optic,Mailed check,0,Yes,No,Yes,Yes,No,Yes,No,No,Yes,No,80.72,3049.88,No
56,Two year,No,Bank transfer,0,No,No,Yes,Yes,No internet service,No internet service,No internet service,No internet service,No internet service,No internet service,25.52,1445.76,No
11,Month-to-month,Fiber optic,Mailed check,0,Yes,No,No,Yes,No,Yes,No,No,Yes,No,79.48,831.44,Yes
10,Month-to-month,DSL,Credit card,1,Yes,Yes,Yes,No,No,No,No,Yes,No,Yes,56.47,547.43,No
13,Month-to-month,Fiber optic,Bank transfer,0,No,No,Yes,Yes,No,No,No,No,No,Yes,73.57,974.45,Yes
43,Two year,DSL,Electronic check,1,Yes,Yes,No,Yes,No,No,No,No,No,Yes,53.85,2234.8,No
34,One year,DSL,Credit card,0,No,No,No,Yes,No,No,No,No,Yes,No,51.68,1773.21,No
39,One year,Fiber optic,Electronic check,0,Yes,No,Yes,Yes,No,No,No,No,No,Yes,74.42,2839.26,Yes
43,One year,No,Credit card,0,No,No,No,No,No internet service,No internet service,No internet service,No internet service,No internet service,No internet service,18.13,767.12,No
2,Month-to-month,No,Bank transfer,0,Yes,No,No,Yes,No internet service,No internet service,No internet service,No internet service,No internet service,No internet service,23.07,44.56,No
11,Month-to-month,No,Electronic check,0,Yes,No,Yes,Yes,No internet service,No internet service,No internet service,No internet service,No internet service,No internet service,22.53,247.43,Yes
12,Month-to-month,Fiber optic,Bank transfer,1,No,No,Yes,Yes,No,No,No,Yes,No,No,73.29,894.11,Yes
26,One year,DSL,Electronic check,0,No,Yes,No,Yes,No,No,Yes,Yes,Yes,No,63.38,1659.77,No
9,Month-to-month,DSL,Credit card,0,No,No,No,Yes,No,No,Yes,No,Yes,Yes,60.37,560.93,No
68,Two year,DSL,Credit card,1,No,No,Yes,Yes,No,Yes,Yes,Yes,No,Yes,66.35,4615.31,No
72,Two year,DSL,Bank transfer,0,No,No,Yes,Yes,No,Yes,No,No,Yes,Yes,67.05,4820.26,No
13,Month-to-month,DSL,Mailed check,0,Yes,No,Yes,Yes,No,Yes,No,No,Yes,Yes,60.74,778.35,No
27,One year,Fiber optic,Bank transfer,0,No,No,No,Yes,No,Yes,No,No,No,Yes,75.66,2130.53,No
17,Month-to-month,Fiber optic,Mailed check,0,No,No,Yes,Yes,No,No,Yes,Yes,Yes,Yes,95.13,1642.74,No
55,Two year,Fiber optic,Electronic check,0,No,No,No,Yes,No,Yes,No,No,No,Yes,75.27,4324.19,No
65,Two year,Fiber optic,Credit card,0,No,No,Yes,Yes,No,No,Yes,Yes,No,Yes,81.44,5233.04,No
48,Two year,Fiber optic,Electronic check,0,Yes,No,Yes,Yes,Yes,No,No,No,Yes,No,77.23,3697.02,No
9,Month-to-month,Fiber optic,Electronic check,0,No,No,Yes,Yes,No,No,No,No,Yes,Yes,75.84,672.54,No
57,Month-to-month,No,Electronic check,0,No,Yes,No,Yes,No internet service,No internet service,No internet service,No internet service,No internet service,No internet service,21.54,1271.48,No
0,Month-to-month,DSL,Credit card,0,Yes,Yes,Yes,Yes,No,No,No,No,No,No,47.92,47.12,Yes
32,Month-to-month,Fiber optic,Credit card,0,No,Yes,Yes,Yes,Yes,No,No,Yes,No,Yes,86.29,2735.83,No
42,Month-to-month,No,Mailed check,0,No,Yes,Yes,Yes,No internet service,No internet service,No internet service,No internet service,No internet service,No internet service,18.21,756.24,No
14,Month-to-month,No,Electronic check,0,No,Yes,Yes,Yes,No internet service,No internet service,No internet service,No internet service,No internet service,No internet service,21.29,311.0,No
61,Two year,No,Credit card,0,No,No,No,No,No internet service,No internet service,No internet service,No internet service,No internet service,No internet service,21.56,1313.2,No
0,Month-to-month,No,Mailed check,0,Yes,No,Yes,Yes,No internet service,No internet service,No internet service,No internet service,No internet service,No internet service,19.53,19.68,Yes
18,Month-to-month,No,Credit card,0,Yes,Yes,Yes,Yes,No internet service,No internet service,No internet service,No internet service,No internet service,No internet service,18.8,342.8,Yes
72,Two year,DSL,Credit card,0,Yes,No,No,Yes,Yes,No,No,No,No,Yes,56.79,4135.45,No
40,One year,No,Bank transfer,0,No,No,Yes,Yes,No internet service,No internet service,No internet service,No internet service,No internet service,No internet service,18.0,745.04,No
55,Two year,No,Electronic check,0,Yes,No,Yes,Yes,No internet service,No internet service,No internet service,No internet service,No internet service,No internet service,20.18,1091.28,No
66,One year,Fiber optic,Bank transfer,0,No,No,Yes,Yes,No,No,Yes,No,No,Yes,78.04,4971.19,No
67,Two year,No,Credit card,0,No,No,No,Yes,No internet service,No internet service,No internet service,No internet service,No internet service,No internet service,20.45,1371.2,No
49,One year,No,Mailed check,0,No,No,No,No,No internet service,No internet service,No internet service,No internet service,No internet service,No internet service,21.85,1119.95,No
5,Month-to-month,DSL,Credit card,0,Yes,No,Yes,Yes,No,No,Yes,No,No,Yes,53.18,258.43,Yes
0,One year,No,Mailed check,0,Yes,No,Yes,Yes,No internet service,No internet service,No internet service,No internet service,No internet service,No internet service,18.29,18.46,No
24,Month-to-month,Fiber optic,Credit card,0,No,No,Yes,Yes,No,No,No,No,Yes,No,72.34,1792.15,Yes
18,Month-to-month,Fiber optic,Bank transfer,0,No,No,Yes,No,Yes,No,No,No,Yes,No,80.3,1444.24,Yes
30,Month-to-month,DSL,Electronic check,0,Yes,Yes,Yes,Yes,No,Yes,No,No,Yes,Yes,60.92,1879.98,Yes
20,Month-to-month,DSL,Mailed check,0,Yes,Yes,Yes,Yes,No,No,No,Yes,Yes,Yes,57.55,1164.23,No
55,Two year,No,Electronic check,0,No,No,Yes,Yes,No internet service,No internet service,No internet service,No internet service,No internet service,No internet service,22.43,1211.0,No
18,Month-to-month,No,Mailed check,0,No,No,Yes,Yes,No internet service,No internet service,No internet service,No internet service,No internet service,No internet service,18.93,355.53,No
0,Month-to-month,DSL,Credit card,0,No,Yes,Yes,Yes,No,Yes,No,Yes,Yes,No,64.57,63.09,No
0,Month-to-month,No,Electronic check,1,Yes,Yes,No,Yes,No internet service,No internet service,No internet service,No internet service,No internet service,No internet service,21.34,21.24,Yes
40,Two year,Fiber optic,Credit card,0,No,No,Yes,Yes,No,No,No,No,No,No,64.17,2663.86,No
0,Month-to-month,No,Electronic check,0,Yes,No,No,Yes,No internet service,No internet service,No internet service,No internet service,No internet service,No internet service,18.71,18.62,Yes
37,One year,Fiber optic,Bank transfer,1,No,No,Yes,Yes,No,No,No,No,Yes,Yes,77.23,2932.36,No
28,Two year,DSL,Credit card,0,Yes,Yes,Yes,Yes,No,Yes,No,Yes,Yes,No,64.85,1805.42,No
10,Month-to-month,Fiber optic,Bank transfer,0,Yes,Yes,No,Yes,Yes,No,No,No,No,No,75.08,751.4,No
72,Two year,DSL,Credit card,0,Yes,Yes,No,No,No,No,No,Yes,No,No,53.83,4001.23,No
17,Month-to-month,Fiber optic,Credit card,1,Yes,No,No,Yes,No,Yes,No,No,Yes,Yes,89.9,1559.08,No
19,Month-to-month,Fiber optic,Bank transfer,0,Yes,No,Yes,Yes,No,Yes,Yes,No,No,Yes,78.06,1535.67,No
38,One year,DSL,Bank transfer,0,No,No,Yes,Yes,No,Yes,No,No,Yes,Yes,65.26,2455.86,No
57,Two year,DSL,Electronic check,0,No,No,Yes,Yes,No,Yes,No,No,Yes,Yes,62.45,3481.15,No
10,Month-to-month,Fiber optic,Mailed check,0,No,Yes,Yes,Yes,No,Yes,No,Yes,No,Yes,86.89,903.74,Yes
35,One year,DSL,Electronic check,0,Yes,Yes,Yes,Yes,No,No,Yes,No,No,Yes,58.76,2002.27,No
9,Month-to-month,Fiber optic,Credit card,0,Yes,No,No,Yes,No,No,Yes,No,No,No,72.11,621.33,No
14,One year,Fiber optic,Bank transfer,0,No,No,No,Yes,Yes,No,No,No,No,Yes,77.24,1085.84,No
57,One year,Fiber optic,Bank transfer,0,No,No,No,Yes,No,Yes,No,No,No,Yes,79.88,4604.12,No
24,One year,DSL,Credit card,0,Yes,No,Yes,Yes,Yes,Yes,Yes,Yes,No,Yes,81.12,1860.84,No
64,One year,DSL,Electronic check,0,No,Yes,Yes,Yes,Yes,Yes,No,No,No,No,58.24,3603.41,No
6,Month-to-month,DSL,Credit card,0,Yes,No,Yes,Yes,No,No,Yes,Yes,Yes,No,66.61,380.8,No
16,One year,No,Electronic check,0,Yes,Yes,No,Yes,No internet service,No internet service,No internet service,No internet service,No internet service,No internet service,19.04,316.71,No
69,One year,DSL,Mailed check,0,Yes,No,Yes,Yes,No,No,No,No,Yes,Yes,60.47,4086.6,No
14,One year,No,Bank transfer,0,No,Yes,Yes,Yes,No internet service,No internet service,No internet service,No internet service,No internet service,No internet service,20.6,301.5,No
0,Month-to-month,No,Mailed check,0,Yes,Yes,Yes,Yes,No internet service,No internet service,No internet service,No internet service,No internet service,No internet service,21.61,22.52,No
0,Month-to-month,Fiber optic,Bank transfer,0,Yes,Yes,Yes,Yes,Yes,Yes,No,Yes,No,No,85.17,88.83,No
16,Month-to-month,Fiber optic,Bank transfer,0,Yes,Yes,Yes,Yes,No,No,No,Yes,Yes,Yes,83.61,1378.86,No
0,Month-to-month,Fiber optic,Credit card,0,Yes,No,Yes,Yes,No,Yes,Yes,No,No,No,80.58,76.92,No
9,Month-to-month,DSL,Electronic check,0,Yes,No,No,Yes,No,No,Yes,No,No,Yes,61.6,571.11,Yes
0,Month-to-month,DSL,Electronic check,0,No,No,No,Yes,No,Yes,No,No,No,Yes,62.21,59.99,Yes
55,One year,Fiber optic,Electronic check,0,No,No,No,Yes,No,No,No,No,Yes,No,67.2,3848.33,No
25,Month-to-month,No,Mailed check,0,Yes,No,No,Yes,No internet service,No internet service,No internet service,No internet service,No internet service,No internet service,21.47,532.05,No
34,Two year,No,Electronic check,0,Yes,No,Yes,Yes,No internet service,No internet service,No internet service,No internet service,No internet service,No internet service,19.73,660.23,No
0,Month-to-month,Fiber optic,Electronic check,0,Yes,Yes,Yes,Yes,No,No,Yes,No,No,No,66.68,69.82,Yes
40,Two year,Fiber optic,Credit card,0,No,No,Yes,Yes,No,No,Yes,No,No,Yes,80.61,3207.32,No
28,Month-to-month,Fiber optic,Credit card,0,No,No,Yes,Yes,No,Yes,No,Yes,No,Yes,87.51,2505.86,Yes
35,Month-to-month,Fiber optic,Credit card,0,Yes,No,No,Yes,No,Yes,No,No,Yes,No,79.88,2681.74,Yes
34,One year,No,Electronic check,0,No,No,No,No,No internet service,No internet service,No internet service,No internet service,No internet service,No internet service,21.71,758.59,Yes
46,Two year,DSL,Mailed check,1,Yes,Yes,Yes,Yes,No,No,No,No,No,Yes,48.02,2318.4,No
9,Month-to-month,Fiber optic,Electronic check,0,Yes,Yes,Yes,Yes,No,No,No,No,No,Yes,69.82,621.24,Yes
23,Month-to-month,DSL,Mailed check,0,No,No,Yes,No,No,No,No,Yes,Yes,Yes,62.38,1400.64,No
52,One year,Fiber optic,Mailed check,1,No,No,Yes,Yes,Yes,Yes,No,Yes,No,Yes,98.78,5079.7,No
36,One year,Fiber optic,Credit card,1,No,No,Yes,Yes,Yes,Yes,No,No,Yes,No,86.38,2988.52,No
12,Month-to-month,Fiber optic,Bank transfer,0,No,Yes,No,Yes,Yes,No,Yes,Yes,No,Yes,89.25,1077.64,No
30,Month-to-month,DSL,Electronic check,0,No,Yes,Yes,Yes,No,No,Yes,No,Yes,No,55.9,1638.76,Yes
42,Month-to-month,DSL,Bank transfer,0,Yes,No,No,Yes,No,No,No,No,Yes,No,52.82,2126.79,No
49,Two year,No,Credit card,0,Yes,No,Yes,Yes,No internet service,No internet service,No internet service,No internet service,No internet service,No internet service,19.24,988.58,No
19,Month-to-month,Fiber optic,Electronic check,0,Yes,Yes,Yes,Yes,Yes,No,No,No,Yes,Yes,83.53,1563.39,No
6,Month-to-month,DSL,Credit card,1,No,No,Yes,Yes,No,No,Yes,Yes,Yes,Yes,72.35,414.28,Yes
55,Two year,Fiber optic,Electronic check,0,Yes,No,Yes,No,No,Yes,No,Yes,No,Yes,88.68,4675.08,No
3,Month-to-month,Fiber optic,Electronic check,0,Yes,Yes,Yes,Yes,No,No,No,Yes,Yes,No,79.73,246.17,Yes
41,Month-to-month,No,Credit card,0,Yes,Yes,No,Yes,No internet service,No internet service,No internet service,No internet service,No internet service,No internet service,22.43,875.44,No
32,Month-to-month,DSL,Electronic check,0,Yes,Yes,Yes,No,No,No,No,Yes,Yes,No,59.58,1990.17,No
46,Month-to-month,Fiber optic,Bank transfer,0,No,No,Yes,Yes,No,Yes,No,Yes,No,No,75.13,3514.72,No
9,Month-to-month,DSL,Electronic check,0,Yes,Yes,Yes,Yes,No,No,No,No,No,No,44.49,420.14,Yes
51,Month-to-month,DSL,Bank transfer,0,No,No,Yes,Yes,Yes,No,No,Yes,Yes,Yes,75.85,4024.23,No
58,Two year,No,Bank transfer,0,No,No,No,Yes,No internet service,No internet service,No internet service,No internet service,No internet service,No internet service,18.0,1065.09,No
36,One year,DSL,Credit card,0,Yes,Yes,No,Yes,Yes,Yes,Yes,No,Yes,Yes,78.26,2767.12,No
38,Month-to-month,Fiber optic,Credit card,0,No,Yes,Yes,No,No,Yes,Yes,No,Yes,No,85.07,3222.22,Yes
22,One year,DSL,Bank transfer,0,Yes,Yes,No,Yes,Yes,No,No,Yes,Yes,No,67.87,1510.76,No
19,Month-to-month,Fiber optic,Mailed check,0,No,No,Yes,Yes,No,Yes,No,No,No,No,69.72,1281.02,No
51,Two year,Fiber optic,Electronic check,0,No,No,No,Yes,No,No,Yes,No,No,Yes,78.04,4022.87,No
25,Month-to-month,DSL,Bank transfer,0,Yes,No,Yes,Yes,Yes,No,No,No,Yes,No,59.84,1518.42,No
31,One year,DSL,Mailed check,1,Yes,No,No,Yes,No,No,Yes,Yes,No,No,52.64,1568.76,No
9,Month-to-month,Fiber optic,Electronic check,0,No,No,Yes,No,Yes,No,No,Yes,No,No,75.04,687.93,Yes
32,One year,No,Credit card,0,No,No,No,No,No internet service,No internet service,No internet service,No internet service,No internet service,No internet service,21.65,698.82,No
13,Month-to-month,DSL,Electronic check,0,No,Yes,No,Yes,No,No,Yes,Yes,No,No,57.12,735.67,No
39,One year,DSL,Electronic check,0,Yes,No,Yes,Yes,No,Yes,No,Yes,No,Yes,58.32,2365.05,No
39,Month-to-month,Fiber optic,Credit card,0,Yes,No,Yes,Yes,No,No,No,Yes,No,No,72.81,2966.16,No
19,Two year,Fiber optic,Bank transfer,1,No,No,No,Yes,No,No,No,Yes,Yes,Yes,80.84,1586.99,No
30,Month-to-month,Fiber optic,Bank transfer,0,Yes,No,Yes,Yes,No,No,Yes,Yes,Yes,No,87.77,2746.91,Yes
30,One year,Fiber optic,Electronic check,0,No,No,No,Yes,Yes,Yes,Yes,Yes,No,No,90.67,2791.91,No
51,Two year,Fiber optic,Mailed check,0,No,No,Yes,Yes,No,No,No,No,No,Yes,69.6,3720.37,No
37,Two year,Fiber optic,Bank transfer,1,No,No,Yes,Yes,No,No,Yes,Yes,Yes,Yes,90.74,3366.87,No
19,Month-to-month,Fiber optic,Electronic check,1,Yes,No,No,Yes,No,No,Yes,No,Yes,No,77.02,1423.76,No
12,Month-to-month,Fiber optic,Bank transfer,0,No,No,Yes,Yes,No,Yes,No,No,Yes,Yes,83.49,979.69,Yes
14,Month-to-month,No,Electronic check,0,No,Yes,Yes,Yes,No internet service,No internet service,No internet service,No internet service,No internet service,No internet service,21.9,292.55,No
27,Month-to-month,No,Electronic check,0,No,No,Yes,Yes,No internet service,No internet service,No internet service,No internet service,No internet service,No internet service,18.59,493.41,No
48,One year,Fiber optic,Electronic check,0,No,No,No,Yes,No,Yes,No,No,No,Yes,80.91,4075.36,No
72,Two year,No,Electronic check,0,No,No,Yes,No,No internet service,No internet service,No internet service,No internet service,No internet service,No internet service,24.53,1825.22,Yes
45,Two year,Fiber optic,Electronic check,0,Yes,Yes,Yes,Yes,No,No,Yes,No,No,No,75.71,3316.82,No
29,Month-to-month,Fiber optic,Bank transfer,0,No,No,Yes,Yes,No,Yes,No,Yes,No,No,77.32,2152.05,Yes
48,One year,No,Mailed check,0,Yes,Yes,Yes,Yes,No internet service,No internet service,No internet service,No internet service,No internet service,No internet service,19.25,949.37,No
55,Two year,DSL,Electronic check,0,No,No,Yes,Yes,No,No,No,No,Yes,No,53.48,3015.64,No
72,Two year,Fiber optic,Mailed check,0,Yes,No,Yes,Yes,No,No,No,No,No,No,62.02,4652.82,No
8,Month-to-month,Fiber optic,Electronic check,0,No,No,Yes,Yes,Yes,No,No,No,Yes,No,76.13,619.47,Yes
20,Month-to-month,DSL,Mailed check,1,No,No,No,No,No,Yes,Yes,No,Yes,Yes,66.96,1282.45,No
59,Two year,DSL,Credit card,0,No,No,No,Yes,Yes,Yes,Yes,Yes,Yes,Yes,87.0,5384.16,No
0,Month-to-month,Fiber optic,Bank transfer,0,Yes,No,No,Yes,Yes,No,Yes,No,Yes,No,80.93,84.87,No
38,Month-to-month,Fiber optic,Bank transfer,1,Yes,No,No,Yes,No,No,Yes,Yes,Yes,No,82.57,3056.68,Yes
52,Two year,Fiber optic,Electronic check,0,Yes,Yes,Yes,Yes,No,No,No,Yes,Yes,Yes,81.45,4049.97,No
61,Two year,DSL,Electronic check,0,No,Yes,No,Yes,Yes,No,No,Yes,No,No,55.3,3483.57,No
72,Two year,Fiber optic,Bank transfer,0,Yes,No,Yes,Yes,No,Yes,Yes,Yes,Yes,Yes,85.86,6202.49,No
57,Two year,No,Mailed check,0,No,Yes,No,Yes,No internet service,No internet service,No internet service,No internet service,No internet service,No internet service,20.28,1118.83,No
19,Month-to-month,DSL,Bank transfer,1,Yes,No,No,Yes,Yes,Yes,No,No,No,No,55.3,1062.28,No
19,Month-to-month,Fiber optic,Credit card,0,No,No,Yes,No,Yes,No,No,Yes,No,Yes,85.66,1576.86,No
2,Month-to-month,DSL,Mailed check,0,No,Yes,No,Yes,No,No,Yes,Yes,Yes,Yes,71.92,143.0,Yes
32,One year,Fiber optic,Credit card,0,No,Yes,Yes,Yes,No,Yes,No,No,Yes,Yes,84.97,2840.71,No
16,Month-to-month,Fiber optic,Mailed check,1,No,Yes,No,Yes,Yes,No,No,Yes,No,No,73.57,1157.08,Yes
40,One year,DSL,Electronic check,0,No,Yes,Yes,Yes,No,No,Yes,No,Yes,No,57.17,2205.08,No
40,Month-to-month,DSL,Electronic check,0,No,No,Yes,No,Yes,Yes,Yes,Yes,Yes,No,79.99,3151.51,Yes
53,One year,DSL,Bank transfer,0,Yes,No,No,Yes,No,No,Yes,Yes,Yes,No,69.82,3852.38,No
9,Month-to-month,No,Electronic check,0,No,No,Yes,Yes,No internet service,No internet service,No internet service,No internet service,No internet service,No internet service,19.58,182.61,Yes
18,Month-to-month,Fiber optic,Bank transfer,0,No,No,Yes,Yes,No,Yes,No,No,No,Yes,78.94,1359.61,Yes
40,Month-to-month,Fiber optic,Bank transfer,0,Yes,No,Yes,Yes,No,No,Yes,No,Yes,No,79.18,3045.15,Yes
0,Month-to-month,DSL,Mailed check,0,Yes,No,Yes,Yes,No,No,No,No,No,Yes,56.29,53.91,No
50,Two year,Fiber optic,Mailed check,0,No,No,Yes,Yes,Yes,No,No,No,Yes,No,81.25,4252.31,No
0,Month-to-month,Fiber optic,Bank transfer,0,No,No,Yes,Yes,Yes,No,No,No,No,Yes,78.76,78.17,No
57,Month-to-month,No,Mailed check,0,No,Yes,Yes,Yes,No internet service,No internet service,No internet service,No internet service,No internet service,No internet service,18.0,979.43,No
50,One year,No,Credit card,0,Yes,Yes,Yes,No,No internet service,No internet service,No internet service,No internet service,No internet service,No internet service,20.42,1019.12,No
30,One year,No,Electronic check,0,No,Yes,No,Yes,No internet service,No internet service,No internet service,No internet service,No internet service,No internet service,20.68,631.58,No
17,Month-to-month,Fiber optic,Credit card,0,Yes,No,No,Yes,No,No,Yes,No,Yes,No,81.75,1326.97,No
5,Month-to-month,Fiber optic,Electronic check,0,Yes,No,No,Yes,No,Yes,Yes,Yes,No,No,84.37,429.65,Yes
50,Month-to-month,Fiber optic,Electronic check,0,No,No,Yes,Yes,Yes,Yes,No,No,No,No,81.01,4090.11,Yes
1,One year,No,Bank transfer,0,Yes,Yes,No,Yes,No internet service,No internet service,No internet service,No internet service,No internet service,No internet service,26.8,27.84,No
23,Month-to-month,Fiber optic,Electronic check,0,Yes,No,Yes,Yes,No,Yes,Yes,No,No,No,78.51,1832.86,Yes
17,Month-to-month,Fiber optic,Electronic check,0,Yes,Yes,No,Yes,No,No,Yes,No,No,No,71.19,1240.73,No
2,Month-to-month,Fiber optic,Electronic check,0,Yes,No,No,Yes,No,Yes,Yes,No,Yes,Yes,92.09,184.0,Yes
34,One year,DSL,Bank transfer,0,Yes,No,No,Yes,Yes,No,No,Yes,No,Yes,64.59,2111.66,No
0,Month-to-month,No,Bank transfer,1,Yes,No,Yes,No,No internet service,No internet service,No internet service,No internet service,No internet service,No internet service,21.46,21.96,No
72,Two year,DSL,Electronic check,0,No,No,Yes,Yes,Yes,No,No,No,No,Yes,60.12,4246.48,No
18,Month-to-month,Fiber optic,Mailed check,0,No,Yes,No,Yes,No,No,No,No,Yes,No,73.49,1382.91,Yes
53,One year,DSL,Electronic check,0,Yes,No,Yes,Yes,No,No,No,No,No,No,44.64,2463.51,No
10,Month-to-month,DSL,Credit card,0,No,No,Yes,Yes,No,Yes,No,Yes,No,Yes,67.77,691.98,No
40,Month-to-month,Fiber optic,Electronic check,0,No,No,Yes,Yes,No,Yes,No,Yes,No,No,75.24,2918.98,Yes
19,Month-to-month,Fiber optic,Bank transfer,1,Yes,Yes,No,Yes,Yes,Yes,No,No,Yes,No,81.11,1595.11,No
71,Two year,DSL,Mailed check,0,Yes,No,Yes,Yes,No,No,Yes,No,Yes,No,59.03,4058.27,No
63,Two year,Fiber optic,Bank transfer,0,Yes,No,Yes,Yes,No,No,Yes,No,Yes,No,80.33,4984.05,No
17,Month-to-month,No,Credit card,0,No,No,No,Yes,No internet service,No internet service,No internet service,No internet service,No internet service,No internet service,19.27,322.89,Yes
34,Month-to-month,DSL,Mailed check,0,No,Yes,Yes,No,No,Yes,Yes,No,Yes,No,62.36,2032.51,Yes
72,Two year,Fiber optic,Bank transfer,0,Yes,No,No,Yes,No,Yes,Yes,No,Yes,No,82.56,6104.49,No
0,Month-to-month,DSL,Mailed check,0,Yes,No,No,Yes,No,No,No,Yes,No,No,48.24,46.38,Yes
16,Month-to-month,DSL,Bank transfer,0,Yes,Yes,No,Yes,No,Yes,Yes,Yes,Yes,Yes,75.59,1191.55,No
0,Month-to-month,Fiber optic,Mailed check,0,No,No,No,Yes,No,No,No,No,Yes,Yes,80.39,78.45,Yes
45,One year,DSL,Electronic check,1,Yes,Yes,Yes,Yes,No,No,No,No,No,No,45.94,2054.11,No
42,One year,Fiber optic,Electronic check,0,No,Yes,No,Yes,No,No,No,Yes,No,No,74.9,3044.52,No
69,One year,Fiber optic,Electronic check,0,No,No,Yes,Yes,No,No,Yes,No,No,Yes,74.72,5267.4,No
50,Two year,DSL,Credit card,0,No,Yes,No,Yes,Yes,No,No,No,Yes,Yes,61.28,3108.44,No
33,Month-to-month,DSL,Bank transfer,0,Yes,Yes,Yes,No,No,Yes,No,No,Yes,No,59.03,2015.13,No
0,Month-to-month,Fiber optic,Electronic check,0,Yes,No,No,Yes,Yes,Yes,Yes,No,No,Yes,90.98,89.21,Yes
20,Month-to-month,Fiber optic,Mailed check,1,Yes,No,Yes,Yes,No,No,Yes,No,No,No,68.78,1333.89,Yes
4,Month-to-month,DSL,Bank transfer,0,No,Yes,Yes,Yes,No,No,Yes,Yes,No,No,61.28,234.2,No
27,Month-to-month,Fiber optic,Mailed check,1,Yes,Yes,Yes,Yes,Yes,No,Yes,Yes,No,No,87.03,2452.52,No
36,Month-to-month,No,Mailed check,0,Yes,Yes,Yes,Yes,No internet service,No internet service,No internet service,No internet service,No internet service,No internet service,20.08,692.84,Yes
8,Month-to-month,DSL,Bank transfer,0,Yes,Yes,Yes,No,No,No,No,No,Yes,Yes,53.87,444.44,Yes
47,One year,No,Electronic check,0,No,No,No,Yes,No internet service,No internet service,No internet service,No internet service,No internet service,No internet service,18.0,865.09,No
12,Month-to-month,Fiber optic,Mailed check,0,No,No,Yes,Yes,Yes,No,No,Yes,No,No,77.84,897.51,No
19,Month-to-month,No,Electronic check,0,No,No,No,Yes,No internet service,No internet service,No internet service,No internet service,No internet service,No internet service,18.0,329.68,No
45,One year,Fiber optic,Electronic check,1,No,No,No,Yes,Yes,No,Yes,Yes,No,Yes,95.33,4238.83,No
22,One year,Fiber optic,Bank transfer,0,No,No,Yes,Yes,Yes,Yes,No,Yes,No,No,83.87,1883.39,Yes
38,Two year,Fiber optic,Bank transfer,0,No,No,No,Yes,Yes,No,No,No,No,Yes,76.23,2849.27,No
68,Two year,Fiber optic,Credit card,1,Yes,No,Yes,No,No,No,No,No,Yes,Yes,76.26,5264.4,No
27,One year,No,Electronic check,0,Yes,No,Yes,Yes,No internet service,No internet service,No internet service,No internet service,No internet service,No internet service,22.69,636.81,No
38,Month-to-month,DSL,Bank transfer,0,No,No,Yes,Yes,No,Yes,No,Yes,No,Yes,65.04,2551.28,No
0,Month-to-month,DSL,Credit card,0,No,No,No,Yes,Yes,No,No,No,Yes,No,57.54,57.48,No
53,One year,DSL,Bank transfer,0,No,No,Yes,Yes,Yes,Yes,No,Yes,Yes,No,69.56,3783.23,No
18,Month-to-month,DSL,Credit card,0,No,No,Yes,Yes,No,No,No,Yes,No,No,52.32,900.86,No
17,Month-to-month,DSL,Credit card,0,No,No,Yes,Yes,Yes,Yes,Yes,Yes,Yes,Yes,77.38,1378.54,Yes
20,Month-to-month,No,Credit card,0,Yes,No,No,Yes,No internet service,No internet service,No internet service,No internet service,No internet service,No internet service,22.59,439.47,No
0,Month-to-month,DSL,Credit card,0,No,No,No,Yes,No,No,Yes,Yes,No,No,55.2,55.72,Yes
36,Month-to-month,DSL,Bank transfer,1,No,No,Yes,Yes,No,Yes,Yes,Yes,No,Yes,67.62,2320.15,No
11,Month-to-month,Fiber optic,Mailed check,0,Yes,Yes,Yes,Yes,No,Yes,No,Yes,No,Yes,84.72,928.19,Yes
41,Two year,No,Credit card,0,Yes,No,No,Yes,No internet service,No internet service,No internet service,No internet service,No internet service,No internet service,21.53,868.29,No
72,Two year,Fiber optic,Credit card,0,Yes,No,No,Yes,Yes,No,No,Yes,No,Yes,90.97,6557.44,No
12,Month-to-month,Fiber optic,Electronic check,1,Yes,Yes,Yes,Yes,Yes,No,No,No,No,Yes,79.4,940.65,Yes
40,Two year,No,Electronic check,1,No,No,No,Yes,No internet service,No internet service,No internet service,No internet service,No internet service,No internet service,18.26,698.21,No
31,Month-to-month,Fiber optic,Electronic check,1,No,No,Yes,No,Yes,No,No,No,No,No,67.59,2150.84,No
58,Two year,Fiber optic,Credit card,0,No,Yes,Yes,Yes,No,Yes,Yes,No,No,Yes,87.02,5035.35,No
70,Two year,Fiber optic,Electronic check,0,No,No,Yes,Yes,No,No,No,Yes,No,Yes,77.78,5362.64,No
19,Month-to-month,Fiber optic,Electronic check,0,No,No,No,Yes,No,No,No,No,Yes,Yes,83.35,1541.02,Yes
69,Two year,No,Mailed check,0,No,No,No,Yes,No internet service,No internet service,No internet service,No internet service,No internet service,No internet service,23.81,1641.1,No
72,Two year,No,Electronic check,0,Yes,No,Yes,Yes,No internet service,No internet service,No internet service,No internet service,No internet service,No internet service,18.0,1331.32,No
42,Two year,DSL,Credit card,0,Yes,Yes,No,Yes,No,No,Yes,No,No,No,51.25,2147.62,No
47,Two year,No,Mailed check,0,No,No,Yes,Yes,No internet service,No internet service,No internet service,No internet service,No internet service,No internet service,18.0,853.88,No
12,One year,DSL,Electronic check,0,Yes,Yes,Yes,No,No,Yes,No,No,Yes,No,53.82,640.3,Yes
24,Month-to-month,No,Electronic check,1,No,No,No,No,No internet service,No internet service,No internet service,No internet service,No internet service,No internet service,20.93,490.94,No
56,Two year,Fiber optic,Credit card,0,No,No,Yes,Yes,No,No,No,No,No,Yes,69.96,3776.38,No
58,One year,DSL,Bank transfer,0,Yes,No,No,Yes,Yes,Yes,No,Yes,No,Yes,72.13,4102.75,No
38,One year,Fiber optic,Mailed check,0,Yes,No,No,Yes,No,Yes,No,Yes,Yes,No,87.79,3502.6,No
17,Month-to-month,Fiber optic,Electronic check,0,No,Yes,No,No,No,No,No,No,No,No,64.98,1158.79,No
41,One year,DSL,Credit card,0,No,No,Yes,No,Yes,Yes,No,Yes,No,Yes,72.65,3012.76,No
14,Month-to-month,Fiber optic,Bank transfer,0,Yes,Yes,No,Yes,Yes,No,No,Yes,No,Yes,84.06,1193.48,No
44,One year,DSL,Bank transfer,0,No,Yes,Yes,Yes,Yes,No,Yes,No,Yes,Yes,64.38,2830.11,No
22,Month-to-month,DSL,Mailed check,0,Yes,No,No,No,No,Yes,No,Yes,No,Yes,63.61,1452.03,No
47,One year,Fiber optic,Credit card,1,Yes,No,Yes,Yes,No,No,Yes,No,No,No,70.47,3220.29,No
50,Two year,DSL,Bank transfer,1,No,No,No,No,No,Yes,Yes,No,Yes,Yes,75.42,3628.12,No
27,Month-to-month,DSL,Mailed check,0,Yes,Yes,No,Yes,No,No,No,Yes,Yes,Yes,64.13,1725.71,No
28,Month-to-month,No,Credit card,0,No,Yes,Yes,Yes,No internet service,No internet service,No internet service,No internet service,No internet service,No internet service,19.79,534.85,No
13,Month-to-month,Fiber optic,Credit card,0,No,No,Yes,Yes,Yes,Yes,Yes,No,No,Yes,88.85,1204.52,Yes
53,Two year,No,Bank transfer,0,No,No,Yes,Yes,No internet service,No internet service,No internet service,No internet service,No internet service,No internet service,20.85,1157.47,No
35,One year,No,Bank transfer,0,No,No,No,No,No internet service,No internet service,No internet service,No internet service,No internet service,No internet service,20.96,741.31,No
0,Month-to-month,DSL,Mailed check,0,No,No,No,Yes,No,No,No,No,No,Yes,48.83,48.62,Yes
10,Month-to-month,Fiber optic,Mailed check,0,No,No,Yes,Yes,No,No,No,No,No,Yes,66.21,693.93,Yes
30,Month-to-month,DSL,Electronic check,0,No,No,No,No,Yes,Yes,No,Yes,No,No,65.1,1875.19,No
32,Month-to-month,No,Bank transfer,0,No,No,No,Yes,No internet service,No internet service,No internet service,No internet service,No internet service,No internet service,18.83,592.86,No
59,Two year,Fiber optic,Mailed check,0,No,Yes,No,Yes,No,No,No,Yes,Yes,No,78.21,4685.76,No
22,One year,No,Mailed check,0,Yes,No,Yes,Yes,No internet service,No internet service,No internet service,No internet service,No internet service,No internet service,18.0,396.87,No
34,Month-to-month,No,Credit card,0,Yes,No,Yes,Yes,No internet service,No internet service,No internet service,No internet service,No internet service,No internet service,21.67,714.83,No
72,Two year,DSL,Electronic check,0,Yes,No,Yes,Yes,No,No,No,No,No,No,44.93,3217.36,No
27,Month-to-month,DSL,Credit card,0,No,Yes,No,Yes,No,No,No,Yes,Yes,Yes,59.88,1537.79,Yes
54,Two year,DSL,Electronic check,0,Yes,No,Yes,Yes,No,No,No,No,No,Yes,47.63,2644.68,No
4,Month-to-month,DSL,Electronic check,0,No,No,No,Yes,Yes,Yes,Yes,No,Yes,Yes,83.5,346.74,No
38,One year,No,Electronic check,0,Yes,No,No,No,No internet service,No internet service,No internet service,No internet service,No internet service,No internet service,20.53,813.44,No
46,Two year,Fiber optic,Mailed check,0,Yes,Yes,Yes,Yes,Yes,No,No,No,No,Yes,80.86,3792.57,No
15,Month-to-month,Fiber optic,Mailed check,1,No,No,Yes,Yes,No,No,No,Yes,No,No,72.99,1116.68,Yes
59,One year,Fiber optic,Electronic check,1,No,No,Yes,Yes,No,No,Yes,No,Yes,Yes,88.12,5355.23,Yes
68,Two year,No,Bank transfer,0,Yes,No,No,Yes,No internet service,No internet service,No internet service,No internet service,No internet service,No internet service,25.02,1693.54,No
13,Month-to-month,Fiber optic,Mailed check,0,No,Yes,Yes,Yes,No,No,No,Yes,Yes,No,81.04,1082.32,Yes
19,Month-to-month,No,Electronic check,0,Yes,Yes,Yes,Yes,No internet service,No internet service,No internet service,No internet service,No internet service,No internet service,18.0,340.55,Yes
38,One year,DSL,Mailed check,1,Yes,No,Yes,Yes,No,No,No,Yes,No,No,47.8,1855.78,No
11,Month-to-month,Fiber optic,Electronic check,0,Yes,No,Yes,Yes,No,No,Yes,Yes,No,Yes,83.81,942.77,Yes
0,Month-to-month,No,Electronic check,0,Yes,No,Yes,Yes,No internet service,No internet service,No internet service,No internet service,No internet service,No internet service,22.25,21.52,Yes
31,Month-to-month,DSL,Electronic check,0,Yes,Yes,Yes,Yes,Yes,No,No,No,No,No,53.88,1650.65,Yes
57,One year,Fiber optic,Bank transfer,0,Yes,No,No,Yes,Yes,No,No,Yes,No,Yes,84.9,4605.93,No
8,Month-to-month,Fiber optic,Bank transfer,0,No,No,Yes,Yes,No,No,No,Yes,Yes,Yes,84.37,697.8,No
8,Month-to-month,Fiber optic,Credit card,0,No,No,Yes,Yes,Yes,No,Yes,Yes,No,No,84.07,658.58,No
69,Two year,Fiber optic,Bank transfer,0,Yes,No,No,Yes,No,No,No,Yes,No,No,73.29,4947.37,No
7,Month-to-month,Fiber optic,Mailed check,0,No,Yes,Yes,Yes,Yes,Yes,Yes,Yes,Yes,No,90.99,649.41,No
32,Two year,DSL,Electronic check,0,No,No,Yes,Yes,No,Yes,No,No,Yes,Yes,63.84,2095.1,No
11,Month-to-month,Fiber optic,Electronic check,0,Yes,No,Yes,Yes,No,No,Yes,No,No,No,76.16,827.43,Yes
72,Two year,Fiber optic,Bank transfer,0,Yes,No,Yes,Yes,Yes,No,Yes,No,No,Yes,88.33,6112.82,No
30,One year,Fiber optic,Electronic check,0,Yes,Yes,No,Yes,Yes,No,No,Yes,Yes,No,87.64,2630.4,No
8,Month-to-month,Fiber optic,Electronic check,0,No,No,No,Yes,Yes,No,No,Yes,No,Yes,90.06,729.03,No
46,Two year,No,Credit card,0,No,No,No,Yes,No internet service,No internet service,No internet service,No internet service,No internet service,No internet service,18.79,906.08,No
0,Month-to-month,Fiber optic,Electronic check,0,Yes,No,No,Yes,No,Yes,No,No,Yes,No,76.35,73.84,No
0,Month-to-month,Fiber optic,Electronic check,0,Yes,No,No,Yes,Yes,Yes,No,No,Yes,No,85.15,88.75,No
14,Month-to-month,DSL,Credit card,0,Yes,No,Yes,Yes,No,Yes,Yes,No,Yes,No,65.89,922.01,No
16,One year,No,Electronic check,0,Yes,No,No,Yes,No internet service,No internet service,No internet service,No internet service,No internet service,No internet service,18.0,293.05,No
12,Month-to-month,No,Mailed check,0,No,Yes,No,Yes,No internet service,No internet service,No internet service,No internet service,No internet service,No internet service,19.21,227.33,No
22,Month-to-month,No,Electronic check,0,No,No,No,Yes,No internet service,No internet service,No internet service,No internet service,No internet service,No internet service,19.26,419.47,No
24,Month-to-month,No,Mailed check,0,Yes,No,Yes,Yes,No internet service,No internet service,No internet service,No internet service,No internet service,No internet service,21.52,527.21,No
16,Month-to-month,DSL,Credit card,0,Yes,No,No,No,No,Yes,No,No,No,Yes,59.18,962.54,No
0,Month-to-month,No,Bank transfer,0,Yes,No,Yes,Yes,No internet service,No internet service,No internet service,No internet service,No internet service,No internet service,18.38,17.95,Yes
11,Month-to-month,Fiber optic,Mailed check,0,Yes,No,No,No,Yes,Yes,No,No,Yes,No,82.45,921.14,Yes
24,Month-to-month,No,Electronic check,0,No,No,Yes,Yes,No internet service,No internet service,No internet service,No internet service,No internet service,No internet service,19.04,477.97,Yes
28,Month-to-month,No,Mailed check,0,No,Yes,No,Yes,No internet service,No internet service,No internet service,No internet service,No internet service,No internet service,18.0,487.95,No
34,One year,No,Bank transfer,0,No,No,Yes,Yes,No internet service,No internet service,No internet service,No internet service,No internet service,No internet service,18.97,644.43,No
7,Month-to-month,DSL,Electronic check,0,Yes,No,Yes,Yes,Yes,Yes,Yes,Yes,No,Yes,81.67,554.55,No
39,One year,No,Electronic check,0,No,Yes,Yes,No,No internet service,No internet service,No internet service,No internet service,No internet service,No internet service,18.0,684.04,No
12,Month-to-month,Fiber optic,Bank transfer,0,No,Yes,Yes,Yes,Yes,No,Yes,No,Yes,No,85.2,993.57,No
2,Month-to-month,DSL,Credit card,1,Yes,Yes,Yes,Yes,No,No,No,Yes,Yes,Yes,65.59,131.89,No
23,Month-to-month,Fiber optic,Credit card,0,No,No,No,Yes,No,No,No,No,No,Yes,68.97,1541.04,Yes
18,Month-to-month,DSL,Credit card,1,No,No,No,Yes,No,Yes,Yes,Yes,No,No,66.79,1194.83,No
0,Month-to-month,DSL,Mailed check,0,No,Yes,No,No,No,No,No,Yes,Yes,Yes,58.9,60.81,No
44,Two year,Fiber optic,Bank transfer,1,Yes,Yes,Yes,Yes,No,Yes,Yes,No,No,No,80.7,3697.56,No
15,Month-to-month,Fiber optic,Credit card,0,Yes,No,Yes,Yes,No,No,No,Yes,Yes,No,74.54,1128.55,Yes
0,Month-to-month,Fiber optic,Electronic check,0,No,No,No,Yes,No,Yes,No,No,Yes,Yes,84.18,82.86,Yes
26,One year,DSL,Mailed check,0,Yes,Yes,No,Yes,Yes,No,Yes,Yes,No,No,66.48,1717.15,No
28,Month-to-month,DSL,Electronic check,0,No,No,Yes,Yes,No,Yes,No,No,No,No,52.08,1414.66,No
10,Month-to-month,DSL,Credit card,0,Yes,Yes,Yes,Yes,Yes,Yes,Yes,No,No,No,63.98,619.99,No
5,Month-to-month,Fiber optic,Credit card,0,Yes,Yes,Yes,Yes,Yes,Yes,No,No,Yes,Yes,92.3,442.47,No
35,Month-to-month,No,Credit card,0,No,Yes,Yes,Yes,No internet service,No internet service,No internet service,No internet service,No internet service,No internet service,25.28,852.9,No
24,Month-to-month,DSL,Electronic check,0,No,Yes,No,Yes,No,Yes,No,No,No,No,55.53,1299.82,No
65,Two year,Fiber optic,Credit card,0,Yes,Yes,Yes,Yes,No,Yes,Yes,Yes,Yes,Yes,97.27,6342.13,No
41,Two year,Fiber optic,Electronic check,0,No,Yes,No,Yes,Yes,No,No,No,Yes,Yes,86.23,3457.42,No
13,Month-to-month,DSL,Electronic check,0,No,Yes,Yes,Yes,Yes,Yes,No,No,No,No,62.32,837.04,No
38,One year,Fiber optic,Bank transfer,0,No,No,Yes,Yes,Yes,No,Yes,No,No,No,76.43,2813.33,No
58,Two year,Fiber optic,Credit card,0,Yes,No,No,Yes,Yes,No,No,No,Yes,Yes,87.3,5292.07,No
55,Month-to-month,Fiber optic,Credit card,0,No,Yes,No,No,No,No,No,No,Yes,No,72.5,3909.12,No
55,Two year,Fiber optic,Electronic check,0,No,No,Yes,Yes,No,No,Yes,No,No,Yes,80.35,4498.91,No
55,One year,Fiber optic,Mailed check,0,No,Yes,Yes,Yes,No,Yes,No,Yes,No,Yes,89.26,5098.74,No
72,Two year,Fiber optic,Mailed check,0,No,No,Yes,Yes,No,Yes,No,No,No,Yes,74.13,5135.07,No
72,Two year,No,Electronic check,0,No,Yes,No,Yes,No internet service,No internet service,No internet service,No internet service,No internet service,No internet service,19.69,1358.47,No
21,Month-to-month,DSL,Credit card,0,Yes,Yes,No,No,Yes,No,No,Yes,Yes,Yes,69.82,1460.66,Yes
36,Month-to-month,Fiber optic,Electronic check,1,Yes,No,Yes,Yes,Yes,No,No,Yes,No,No,75.12,2582.12,Yes
20,Month-to-month,DSL,Electronic check,0,Yes,Yes,No,Yes,No,No,No,Yes,Yes,No,58.13,1156.89,No
17,Month-to-month,DSL,Mailed check,0,No,Yes,Yes,No,No,No,Yes,No,No,No,49.23,859.56,No
31,Month-to-month,Fiber optic,Bank transfer,1,No,No,Yes,Yes,Yes,No,Yes,No,No,No,82.19,2632.79,Yes
68,Two year,Fiber optic,Credit card,0,No,No,Yes,Yes,No,No,No,No,No,Yes,73.27,4970.05,No
26,Month-to-month,Fiber optic,Electronic check,0,No,Yes,No,Yes,No,Yes,No,No,Yes,Yes,91.02,2371.93,Yes
15,Month-to-month,DSL,Electronic check,0,No,Yes,No,Yes,Yes,No,Yes,Yes,Yes,No,68.25,976.71,No
46,Two year,DSL,Credit card,0,No,No,No,Yes,No,Yes,No,No,Yes,No,57.66,2620.66,No
0,Month-to-month,Fiber optic,Mailed check,1,Yes,Yes,Yes,Yes,No,No,Yes,No,Yes,Yes,81.7,77.96,Yes
21,Month-to-month,DSL,Mailed check,0,No,Yes,No,No,No,No,Yes,No,Yes,Yes,63.37,1360.69,No
58,Two year,No,Electronic check,0,Yes,No,No,Yes,No internet service,No internet service,No internet service,No internet service,No internet service,No internet service,18.61,1093.58,No
31,Month-to-month,Fiber optic,Credit card,0,Yes,Yes,No,Yes,No,No,Yes,Yes,Yes,Yes,92.52,2974.35,No
0,Month-to-month,DSL,Bank transfer,0,No,No,No,No,Yes,No,No,No,Yes,No,54.53,53.87,Yes
20,Month-to-month,DSL,Electronic check,0,No,Yes,Yes,Yes,Yes,No,Yes,No,Yes,No,65.16,1366.7,No
51,Two year,DSL,Electronic check,1,Yes,Yes,No,Yes,No,Yes,Yes,No,No,Yes,65.92,3421.32,No
17,Month-to-month,DSL,Electronic check,0,No,No,Yes,Yes,No,No,No,Yes,Yes,No,64.35,1081.88,Yes
38,Month-to-month,DSL,Electronic check,0,No,No,No,Yes,No,No,Yes,No,Yes,Yes,66.6,2568.5,Yes
39,Month-to-month,Fiber optic,Electronic check,0,Yes,No,Yes,Yes,No,No,Yes,No,No,No,70.9,2870.62,No
34,Month-to-month,DSL,Electronic check,0,No,Yes,Yes,Yes,No,Yes,Yes,No,No,No,55.49,1881.04,No
56,Two year,No,Electronic check,0,No,No,Yes,Yes,No internet service,No internet service,No internet service,No internet service,No internet service,No internet service,18.84,1003.5,No
15,Month-to-month,Fiber optic,Mailed check,0,No,No,Yes,Yes,No,Yes,No,No,Yes,No,79.11,1136.75,Yes
72,Two year,No,Mailed check,0,Yes,No,Yes,Yes,No internet service,No internet service,No internet service,No internet service,No internet service,No internet service,20.33,1504.53,No
45,Month-to-month,Fiber optic,Mailed check,0,Yes,No,Yes,Yes,No,No,Yes,Yes,Yes,No,92.13,4126.47,No
44,Month-to-month,DSL,Credit card,0,Yes,No,No,Yes,No,No,No,No,Yes,Yes,62.54,2872.73,No
62,Two year,DSL,Electronic check,0,Yes,No,No,Yes,No,Yes,Yes,Yes,Yes,Yes,85.35,5339.15,No
19,Month-to-month,Fiber optic,Credit card,0,No,Yes,No,Yes,No,Yes,No,No,Yes,No,79.19,1554.02,No
29,Month-to-month,No,Credit card,0,No,No,Yes,Yes,No internet service,No internet service,No internet service,No internet service,No internet service,No internet service,19.84,595.76,No
66,Two year,Fiber optic,Credit card,0,Yes,No,Yes,Yes,Yes,No,No,No,Yes,No,74.63,4905.69,No
12,Month-to-month,DSL,Electronic check,0,No,No,No,Yes,Yes,No,No,Yes,No,Yes,59.86,685.75,No
15,Month-to-month,DSL,Electronic check,1,No,No,No,Yes,Yes,Yes,No,No,No,No,57.18,823.36,No
72,Two year,No,Bank transfer,0,Yes,No,Yes,Yes,No internet service,No internet service,No internet service,No internet service,No internet service,No internet service,20.19,1460.55,No
12,Month-to-month,DSL,Electronic check,0,No,No,No,Yes,No,Yes,No,No,Yes,Yes,69.96,804.51,Yes
32,Month-to-month,No,Electronic check,0,No,No,Yes,Yes,No internet service,No internet service,No internet service,No internet service,No internet service,No internet service,19.56,644.42,No
10,Month-to-month,No,Electronic check,1,Yes,No,Yes,Yes,No internet service,No internet service,No internet service,No internet service,No internet service,No internet service,22.84,218.12,Yes
16,Month-to-month,Fiber optic,Bank transfer,0,Yes,No,No,Yes,No,No,Yes,No,Yes,No,82.01,1311.04,No
3,Month-to-month,No,Credit card,0,No,No,No,Yes,No internet service,No internet service,No internet service,No internet service,No internet service,No internet service,18.0,55.38,No
23,One year,No,Electronic check,0,Yes,No,No,Yes,No internet service,No internet service,No internet service,No internet service,No internet service,No internet service,20.58,494.23,No
28,Month-to-month,Fiber optic,Credit card,0,No,No,Yes,Yes,Yes,No,No,No,Yes,No,79.8,2288.25,No
46,One year,DSL,Credit card,0,No,Yes,Yes,Yes,No,Yes,No,Yes,Yes,No,61.65,2917.89,No
47,Month-to-month,Fiber optic,Electronic check,0,Yes,No,Yes,Yes,No,No,Yes,No,Yes,No,81.12,3847.51,Yes
18,Month-to-month,DSL,Mailed check,0,No,No,Yes,Yes,No,No,Yes,No,Yes,Yes,67.49,1222.9,No
20,Month-to-month,Fiber optic,Electronic check,0,No,No,Yes,Yes,Yes,No,Yes,Yes,No,Yes,93.79,1939.77,No
37,One year,DSL,Credit card,1,Yes,Yes,No,Yes,Yes,No,No,Yes,Yes,Yes,70.92,2656.72,No
2,Month-to-month,Fiber optic,Bank transfer,1,Yes,No,No,Yes,No,No,No,No,Yes,Yes,82.43,167.56,No
27,Month-to-month,DSL,Bank transfer,0,No,Yes,No,No,No,No,No,No,Yes,Yes,61.23,1697.99,No
51,Two year,Fiber optic,Bank transfer,0,Yes,No,No,Yes,No,No,Yes,No,No,Yes,76.06,4007.95,No
15,One year,DSL,Electronic check,1,No,No,Yes,Yes,No,Yes,No,Yes,No,No,60.14,857.55,No
36,Month-to-month,DSL,Credit card,0,Yes,No,Yes,Yes,Yes,No,Yes,No,Yes,Yes,75.92,2799.15,Yes
45,Two year,DSL,Credit card,0,Yes,No,No,Yes,No,No,No,No,No,No,41.92,1816.26,No
23,Month-to-month,Fiber optic,Bank transfer,0,No,No,Yes,Yes,No,No,No,Yes,Yes,Yes,89.15,1970.28,Yes
24,Month-to-month,Fiber optic,Mailed check,0,No,No,Yes,Yes,No,Yes,No,Yes,Yes,Yes,87.75,2076.99,Yes
21,Month-to-month,Fiber optic,Electronic check,0,No,No,Yes,Yes,No,Yes,No,No,Yes,No,77.18,1640.12,No
2,Month-to-month,No,Electronic check,0,Yes,No,No,Yes,No internet service,No internet service,No internet service,No internet service,No internet service,No internet service,19.84,40.58,No
40,Month-to-month,Fiber optic,Electronic check,1,No,Yes,No,No,No,Yes,No,Yes,No,No,77.44,3245.31,No
26,One year,DSL,Bank transfer,0,Yes,No,Yes,Yes,Yes,Yes,Yes,No,Yes,No,70.71,1886.82,Yes
0,Month-to-month,Fiber optic,Credit card,0,No,No,Yes,Yes,No,No,Yes,Yes,Yes,Yes,85.58,84.01,Yes
68,Two year,DSL,Credit card,0,Yes,No,No,Yes,No,Yes,Yes,No,No,No,57.66,4027.27,No
67,Two year,Fiber optic,Electronic check,1,No,No,No,Yes,No,No,No,No,Yes,No,73.81,5034.76,No
19,One year,DSL,Electronic check,0,No,No,Yes,Yes,No,No,No,Yes,No,No,48.33,951.01,Yes
38,One year,Fiber optic,Electronic check,0,Yes,No,No,Yes,No,No,No,No,Yes,Yes,79.67,3048.46,No
55,One year,Fiber optic,Credit card,0,No,Yes,No,Yes,Yes,No,No,No,No,Yes,75.0,4032.4,No
72,Two year,Fiber optic,Bank transfer,0,Yes,No,No,Yes,No,Yes,Yes,No,No,Yes,85.75,5873.2,No
28,Month-to-month,Fiber optic,Mailed check,0,No,No,Yes,Yes,No,No,Yes,Yes,Yes,Yes,92.21,2604.03,Yes
31,Month-to-month,DSL,Bank transfer,1,No,No,Yes,Yes,No,No,Yes,No,Yes,Yes,64.95,1996.01,No
29,Month-to-month,No,Mailed check,0,No,Yes,No,Yes,No internet service,No internet service,No internet service,No internet service,No internet service,No internet service,20.12,592.28,Yes
16,Month-to-month,DSL,Electronic check,1,Yes,Yes,No,Yes,Yes,Yes,No,No,Yes,No,63.39,977.59,Yes
1,Month-to-month,No,Electronic check,0,Yes,No,Yes,Yes,No internet service,No internet service,No internet service,No internet service,No internet service,No internet service,18.18,17.65,No
34,One year,DSL,Electronic check,0,Yes,No,Yes,Yes,No,No,No,Yes,No,Yes,53.88,1782.94,No
36,Month-to-month,Fiber optic,Electronic check,0,Yes,Yes,Yes,Yes,No,Yes,No,No,Yes,Yes,78.0,2711.39,Yes
72,Two year,Fiber optic,Mailed check,0,No,No,No,Yes,No,No,Yes,Yes,Yes,No,85.62,6323.57,No
21,Month-to-month,Fiber optic,Electronic check,1,Yes,No,Yes,Yes,No,Yes,No,Yes,Yes,Yes,91.28,1897.14,No
13,Month-to-month,Fiber optic,Bank transfer,0,Yes,Yes,Yes,Yes,No,Yes,Yes,Yes,No,Yes,95.15,1189.45,Yes
46,Month-to-month,No,Mailed check,1,Yes,Yes,No,Yes,No internet service,No internet service,No internet service,No internet service,No internet service,No internet service,19.51,857.41,No
20,Month-to-month,DSL,Mailed check,0,No,Yes,Yes,Yes,Yes,No,Yes,No,No,Yes,65.47,1332.84,Yes
28,Month-to-month,DSL,Credit card,1,No,Yes,No,Yes,No,Yes,No,No,No,No,48.58,1337.57,No
0,Month-to-month,DSL,Electronic check,0,Yes,No,Yes,No,Yes,No,No,Yes,Yes,Yes,76.76,78.41,Yes
17,Month-to-month,Fiber optic,Bank transfer,1,No,Yes,Yes,Yes,No,Yes,No,No,Yes,No,75.48,1268.66,No
35,Month-to-month,DSL,Electronic check,0,Yes,No,No,Yes,No,No,Yes,Yes,No,No,62.3,2193.4,No
0,Month-to-month,Fiber optic,Bank transfer,0,No,No,Yes,Yes,No,No,Yes,No,No,Yes,77.87,80.89,Yes
17,Month-to-month,Fiber optic,Mailed check,0,Yes,No,Yes,Yes,No,Yes,No,Yes,No,Yes,82.54,1429.7,Yes
25,Month-to-month,Fiber optic,Electronic check,0,No,No,Yes,Yes,No,No,No,Yes,No,No,71.29,1750.15,No
41,Month-to-month,Fiber optic,Electronic check,0,Yes,No,Yes,Yes,No,No,No,No,No,Yes,75.07,3181.81,No
34,Month-to-month,DSL,Bank transfer,1,No,No,Yes,Yes,No,Yes,No,Yes,No,No,57.31,1898.54,No
45,Month-to-month,Fiber optic,Bank transfer,1,No,No,No,Yes,No,No,No,Yes,No,No,72.58,3261.99,Yes
31,Month-to-month,Fiber optic,Bank transfer,0,No,No,No,Yes,No,No,No,No,No,No,66.83,2126.36,No
52,One year,No,Mailed check,0,No,No,Yes,Yes,No internet service,No internet service,No internet service,No internet service,No internet service,No internet service,19.46,1050.4,No
39,Two year,No,Bank transfer,0,Yes,No,Yes,Yes,No internet service,No internet service,No internet service,No internet service,No internet service,No internet service,19.41,763.04,No
38,Two year,DSL,Bank transfer,0,Yes,No,Yes,No,No,No,No,No,Yes,Yes,57.68,2091.24,No
45,Month-to-month,DSL,Electronic check,0,No,Yes,No,Yes,No,No,No,No,Yes,No,51.72,2256.2,No
11,Month-to-month,DSL,Mailed check,0,No,No,Yes,Yes,No,Yes,No,No,Yes,Yes,71.3,784.52,Yes
9,Month-to-month,Fiber optic,Mailed check,0,Yes,No,Yes,Yes,No,Yes,No,No,Yes,No,75.28,670.4,Yes
17,Two year,Fiber optic,Credit card,0,Yes,No,Yes,Yes,No,No,No,Yes,Yes,No,82.05,1385.92,No
71,Two year,Fiber optic,Mailed check,0,Yes,No,No,Yes,No,Yes,No,Yes,Yes,No,83.86,5848.86,No
36,Two year,Fiber optic,Mailed check,0,No,No,Yes,Yes,Yes,No,No,Yes,No,No,73.58,2550.92,No
41,Two year,No,Credit card,1,No,No,Yes,No,No internet service,No internet service,No internet service,No internet service,No internet service,No internet service,21.6,846.01,No
36,Month-to-month,DSL,Credit card,0,No,Yes,Yes,Yes,No,No,Yes,No,No,No,52.17,1858.36,No
19,Two year,No,Electronic check,1,Yes,No,No,Yes,No internet service,No internet service,No internet service,No internet service,No internet service,No internet service,18.0,329.83,No
72,Two year,DSL,Credit card,0,No,Yes,Yes,Yes,No,No,Yes,No,Yes,Yes,67.66,4899.57,No
5,Month-to-month,DSL,Electronic check,0,Yes,No,Yes,Yes,Yes,Yes,Yes,Yes,No,Yes,81.14,398.21,Yes
52,Two year,DSL,Credit card,0,Yes,Yes,Yes,Yes,No,Yes,No,No,No,Yes,53.53,2911.3,No
6,Month-to-month,DSL,Electronic check,0,No,No,Yes,No,No,Yes,No,Yes,Yes,Yes,68.86,431.86,Yes
33,Two year,DSL,Mailed check,1,No,No,Yes,Yes,No,Yes,Yes,No,Yes,No,63.66,2052.43,No
42,Two year,Fiber optic,Credit card,0,No,Yes,No,Yes,No,No,No,No,No,Yes,72.32,3046.58,No
5,Month-to-month,DSL,Electronic check,0,No,No,No,No,No,No,No,Yes,Yes,Yes,64.24,308.11,Yes
18,One year,Fiber optic,Credit card,0,Yes,No,Yes,No,Yes,No,No,Yes,Yes,No,84.39,1481.15,No
43,Month-to-month,DSL,Mailed check,0,Yes,No,Yes,Yes,No,No,Yes,No,Yes,Yes,61.98,2538.38,No
38,Two year,Fiber optic,Electronic check,0,Yes,No,Yes,Yes,Yes,Yes,Yes,No,Yes,No,94.04,3443.32,No
24,Two year,DSL,Credit card,0,Yes,No,Yes,Yes,No,No,Yes,Yes,No,No,54.72,1257.96,No
5,One year,Fiber optic,Mailed check,0,No,No,No,Yes,Yes,No,Yes,No,No,No,77.02,374.29,No
61,Two year,Fiber optic,Credit card,0,No,No,Yes,Yes,Yes,No,Yes,No,Yes,No,83.11,5233.01,No
0,Month-to-month,DSL,Credit card,0,Yes,No,No,Yes,No,No,No,No,Yes,Yes,53.97,56.04,No
15,Month-to-month,Fiber optic,Electronic check,0,No,Yes,No,Yes,Yes,Yes,No,No,No,No,75.6,1172.24,Yes
50,Month-to-month,No,Electronic check,0,Yes,No,No,Yes,No internet service,No internet service,No internet service,No internet service,No internet service,No internet service,18.0,906.59,No
21,Month-to-month,DSL,Electronic check,0,Yes,No,No,Yes,No,No,No,No,No,Yes,49.81,995.01,Yes
23,Month-to-month,Fiber optic,Mailed check,0,Yes,No,Yes,No,Yes,Yes,No,No,No,No,79.76,1751.02,No
10,Month-to-month,Fiber optic,Electronic check,0,No,No,Yes,Yes,No,No,Yes,No,Yes,No,75.44,755.56,Yes
18,Month-to-month,No,Mailed check,0,Yes,Yes,Yes,No,No internet service,No internet service,No internet service,No internet service,No internet service,No internet service,18.0,308.26,No
15,Month-to-month,DSL,Credit card,0,No,No,Yes,Yes,Yes,Yes,No,Yes,No,No,63.47,914.4,No
59,Two year,Fiber optic,Electronic check,0,No,Yes,Yes,Yes,No,No,Yes,Yes,No,No,76.23,4307.37,No
45,Month-to-month,Fiber optic,Bank transfer,0,No,No,No,Yes,Yes,No,No,No,Yes,No,74.94,3371.77,No
47,Two year,DSL,Mailed check,0,No,No,Yes,No,No,No,No,Yes,No,No,53.56,2612.87,No
5,Month-to-month,No,Electronic check,0,No,No,No,Yes,No internet service,No internet service,No internet service,No internet service,No internet service,No internet service,18.0,93.45,Yes
17,Month-to-month,Fiber optic,Electronic check,0,No,No,Yes,Yes,No,No,No,No,Yes,Yes,78.5,1369.6,Yes
33,Month-to-month,Fiber optic,Electronic check,0,No,No,Yes,Yes,No,No,Yes,No,Yes,No,75.53,2481.45,Yes
13,Month-to-month,Fiber optic,Bank transfer,1,Yes,No,Yes,Yes,Yes,No,Yes,No,Yes,Yes,88.52,1154.73,Yes
22,Month-to-month,Fiber optic,Electronic check,0,Yes,No,Yes,Yes,No,No,No,No,No,No,65.44,1453.58,Yes
26,Month-to-month,DSL,Credit card,1,No,No,Yes,Yes,No,Yes,No,Yes,Yes,No,65.75,1757.95,Yes
52,Month-to-month,No,Credit card,0,Yes,Yes,No,Yes,No internet service,No internet service,No internet service,No internet service,No internet service,No internet service,19.71,1069.77,No
33,Month-to-month,No,Electronic check,0,No,No,No,Yes,No internet service,No internet service,No internet service,No internet service,No internet service,No internet service,22.14,740.33,No
24,One year,No,Credit card,0,No,No,Yes,Yes,No internet service,No internet service,No internet service,No internet service,No internet service,No internet service,21.68,505.01,No
0,Month-to-month,Fiber optic,Credit card,0,Yes,No,Yes,Yes,No,No,No,No,No,Yes,71.77,71.36,Yes
56,Two year,No,Electronic check,0,Yes,No,No,Yes,No internet service,No internet service,No internet service,No internet service,No internet service,No internet service,19.53,1045.03,No
7,Month-to-month,Fiber optic,Credit card,0,Yes,No,Yes,Yes,Yes,No,Yes,Yes,Yes,Yes,97.94,716.08,No
46,Two year,Fiber optic,Electronic check,1,Yes,Yes,Yes,Yes,No,No,No,No,No,Yes,69.2,3253.64,No
38,Two year,DSL,Bank transfer,0,No,No,No,Yes,No,No,Yes,Yes,Yes,No,68.41,2678.41,No
46,Two year,Fiber optic,Electronic check,0,Yes,Yes,Yes,Yes,Yes,No,Yes,Yes,Yes,No,96.08,4584.52,No
46,Two year,No,Credit card,0,No,No,Yes,Yes,No internet service,No internet service,No internet service,No internet service,No internet service,No internet service,21.1,957.93,Yes
16,Month-to-month,No,Credit card,0,No,No,No,Yes,No internet service,No internet service,No internet service,No internet service,No internet service,No internet service,22.77,362.04,No
7,Month-to-month,DSL,Credit card,0,Yes,Yes,Yes,Yes,Yes,No,Yes,No,No,Yes,66.05,459.64,No
7,Month-to-month,No,Credit card,1,Yes,Yes,Yes,Yes,No internet service,No internet service,No internet service,No internet service,No internet service,No internet service,20.3,139.25,Yes
62,Two year,Fiber optic,Electronic check,0,Yes,No,Yes,Yes,No,No,No,Yes,Yes,No,78.93,5109.66,No
38,One year,Fiber optic,Bank transfer,0,No,No,No,Yes,Yes,No,No,Yes,Yes,Yes,95.59,3627.32,No
18,Month-to-month,No,Electronic check,0,Yes,No,No,Yes,No internet service,No internet service,No internet service,No internet service,No internet service,No internet service,23.11,422.29,No
53,Two year,DSL,Electronic check,0,Yes,No,Yes,Yes,No,No,Yes,Yes,No,Yes,67.81,3705.26,No
4,Month-to-month,No,Electronic check,0,Yes,No,Yes,Yes,No internet service,No internet service,No internet service,No internet service,No internet service,No internet service,18.0,72.04,Yes
61,One year,Fiber optic,Credit card,0,No,Yes,Yes,Yes,No,Yes,No,No,Yes,No,74.92,4535.58,Yes
71,One year,Fiber optic,Bank transfer,0,No,No,No,Yes,No,No,No,Yes,Yes,No,79.84,5631.79,No
38,Month-to-month,Fiber optic,Electronic check,0,Yes,Yes,Yes,Yes,Yes,Yes,No,No,Yes,Yes,88.41,3222.71,No
10,One year,DSL,Credit card,0,No,No,Yes,Yes,No,Yes,Yes,Yes,No,Yes,69.53,715.96,No
43,Two year,No,Credit card,0,No,No,No,Yes,No internet service,No internet service,No internet service,No internet service,No internet service,No internet service,21.22,952.94,No
29,Month-to-month,No,Electronic check,0,No,Yes,Yes,Yes,No internet service,No internet service,No internet service,No internet service,No internet service,No internet service,20.41,569.25,Yes
6,Month-to-month,Fiber optic,Mailed check,1,No,No,Yes,Yes,No,Yes,No,No,Yes,Yes,88.0,531.78,Yes
7,Month-to-month,DSL,Bank transfer,0,No,No,No,Yes,No,Yes,No,No,No,Yes,58.07,399.54,No
16,One year,Fiber optic,Bank transfer,0,Yes,No,No,Yes,No,No,Yes,No,Yes,Yes,83.55,1382.55,Yes
12,Month-to-month,Fiber optic,Mailed check,1,Yes,No,Yes,Yes,No,No,No,No,Yes,No,69.31,836.11,Yes
41,Two year,Fiber optic,Mailed check,0,No,No,Yes,Yes,No,Yes,No,No,No,Yes,75.2,3154.97,No
16,Two year,DSL,Electronic check,1,Yes,No,Yes,No,Yes,No,No,No,Yes,Yes,59.94,991.47,No
36,Month-to-month,DSL,Mailed check,0,Yes,No,No,Yes,No,No,Yes,No,No,Yes,56.63,2014.49,No
25,Month-to-month,Fiber optic,Mailed check,0,No,No,No,Yes,No,No,No,No,No,No,65.13,1602.71,Yes
17,One year,DSL,Electronic check,0,No,No,No,No,No,Yes,Yes,Yes,Yes,No,73.85,1276.29,No
52,One year,No,Electronic check,0,Yes,No,No,Yes,No internet service,No internet service,No internet service,No internet service,No internet service,No internet service,21.48,1096.4,No
20,Month-to-month,Fiber optic,Bank transfer,0,No,Yes,Yes,Yes,No,No,No,No,No,Yes,66.09,1342.87,No
37,Month-to-month,Fiber optic,Mailed check,0,Yes,No,Yes,Yes,Yes,No,No,No,No,Yes,76.97,2887.15,Yes
30,Month-to-month,DSL,Mailed check,0,No,No,No,Yes,No,Yes,No,No,Yes,No,54.51,1716.75,No
42,Two year,DSL,Electronic check,0,No,Yes,Yes,Yes,Yes,No,Yes,Yes,Yes,Yes,81.27,3377.67,No
29,Month-to-month,No,Credit card,0,No,Yes,Yes,No,No internet service,No internet service,No internet service,No internet service,No internet service,No internet service,18.24,537.26,No
65,Two year,Fiber optic,Electronic check,0,No,No,Yes,Yes,No,No,Yes,No,Yes,No,78.67,5129.51,No
35,Month-to-month,DSL,Mailed check,0,No,No,No,Yes,No,No,No,Yes,No,No,52.58,1810.27,No
70,Two year,No,Electronic check,0,No,No,No,Yes,No internet service,No internet service,No internet service,No internet service,No internet service,No internet service,18.82,1348.94,No
51,Month-to-month,Fiber optic,Bank transfer,0,No,No,No,Yes,No,No,No,No,Yes,No,74.26,3861.97,Yes
33,Month-to-month,Fiber optic,Mailed check,1,Yes,Yes,Yes,Yes,Yes,No,No,Yes,Yes,No,82.71,2673.88,No
41,Two year,No,Mailed check,0,Yes,Yes,No,Yes,No internet service,No internet service,No internet service,No internet service,No internet service,No internet service,18.0,769.77,No
57,Two year,Fiber optic,Credit card,1,Yes,Yes,Yes,Yes,No,Yes,Yes,No,Yes,Yes,88.3,5042.67,No
1,Month-to-month,DSL,Bank transfer,0,No,No,No,Yes,No,No,No,Yes,No,Yes,53.66,53.62,No
37,Month-to-month,No,Mailed check,0,Yes,No,Yes,Yes,No internet service,No internet service,No internet service,No internet service,No internet service,No internet service,20.28,769.11,No
4,Month-to-month,Fiber optic,Mailed check,0,No,Yes,Yes,No,Yes,No,No,No,No,Yes,77.56,321.53,No
54,Month-to-month,DSL,Credit card,0,Yes,Yes,No,Yes,No,Yes,No,No,No,No,52.69,2857.76,No
13,Month-to-month,DSL,Credit card,0,Yes,No,Yes,Yes,No,Yes,Yes,No,No,Yes,63.91,817.21,No
53,Two year,No,Bank transfer,0,Yes,Yes,Yes,Yes,No internet service,No internet service,No internet service,No internet service,No internet service,No internet service,21.16,1157.65,No
11,Month-to-month,No,Bank transfer,0,Yes,No,Yes,No,No internet service,No internet service,No internet service,No internet service,No internet service,No internet service,18.0,192.43,No
27,One year,No,Credit card,0,Yes,No,Yes,Yes,No internet service,No internet service,No internet service,No internet service,No internet service,No internet service,20.63,545.38,Yes
10,Month-to-month,Fiber optic,Credit card,0,No,Yes,No,Yes,No,No,Yes,Yes,Yes,Yes,93.46,902.63,No
22,Month-to-month,DSL,Electronic check,0,Yes,Yes,Yes,No,No,No,No,No,Yes,No,46.21,1026.35,Yes
38,One year,No,Credit card,0,No,No,Yes,Yes,No internet service,No internet service,No internet service,No internet service,No internet service,No internet service,22.34,848.78,No
11,Month-to-month,DSL,Bank transfer,0,Yes,No,Yes,Yes,No,No,No,No,Yes,No,50.74,541.39,Yes
43,One year,DSL,Bank transfer,0,No,No,No,Yes,Yes,No,No,Yes,No,Yes,64.37,2732.93,No
9,Month-to-month,Fiber optic,Mailed check,1,No,No,Yes,Yes,No,No,Yes,No,No,Yes,75.59,690.29,No
54,Two year,No,Electronic check,0,Yes,No,No,Yes,No internet service,No internet service,No internet service,No internet service,No internet service,No internet service,20.7,1109.39,No
66,One year,Fiber optic,Credit card,1,Yes,No,Yes,No,No,Yes,No,Yes,Yes,Yes,91.95,6201.69,No
45,Two year,Fiber optic,Bank transfer,0,No,No,Yes,Yes,No,No,Yes,Yes,No,Yes,82.5,3840.57,No
13,Month-to-month,No,Electronic check,0,No,No,No,Yes,No internet service,No internet service,No internet service,No internet service,No internet service,No internet service,23.25,295.77,No
0,Month-to-month,No,Bank transfer,1,Yes,No,Yes,Yes,No internet service,No internet service,No internet service,No internet service,No internet service,No internet service,18.0,17.63,Yes
13,Month-to-month,No,Electronic check,0,No,No,Yes,Yes,No internet service,No internet service,No internet service,No internet service,No internet service,No internet service,21.1,271.32,Yes
24,Month-to-month,DSL,Mailed check,1,Yes,No,No,Yes,Yes,No,No,Yes,No,Yes,66.76,1641.39,No
10,Month-to-month,Fiber optic,Bank transfer,0,Yes,No,Yes,Yes,Yes,Yes,No,No,No,Yes,85.42,851.67,Yes
0,Month-to-month,DSL,Bank transfer,0,Yes,No,Yes,Yes,No,Yes,No,No,No,Yes,63.76,62.64,No
24,Month-to-month,Fiber optic,Electronic check,0,No,Yes,Yes,Yes,No,No,Yes,Yes,Yes,Yes,91.11,2184.56,Yes
25,Month-to-month,No,Electronic check,0,Yes,No,Yes,Yes,No internet service,No internet service,No internet service,No internet service,No internet service,No internet service,19.93,484.68,No
28,Month-to-month,DSL,Electronic check,0,No,Yes,No,Yes,No,No,No,No,No,Yes,51.38,1383.86,No
0,Month-to-month,Fiber optic,Bank transfer,0,Yes,No,Yes,Yes,No,No,No,No,Yes,No,72.1,70.86,Yes
40,Month-to-month,Fiber optic,Credit card,0,Yes,Yes,No,No,No,No,No,No,Yes,No,67.85,2606.24,Yes
30,One year,Fiber optic,Bank transfer,1,Yes,No,Yes,Yes,No,No,Yes,No,Yes,No,83.85,2479.01,No
2,Month-to-month,No,Bank transfer,0,Yes,No,Yes,No,No internet service,No internet service,No internet service,No internet service,No internet service,No internet service,21.33,42.04,No
34,Month-to-month,DSL,Electronic check,0,No,Yes,Yes,Yes,Yes,No,No,Yes,Yes,No,64.99,2299.5,No
39,Month-to-month,Fiber optic,Electronic check,0,No,Yes,No,Yes,No,Yes,No,No,Yes,Yes,90.02,3669.65,Yes
49,Two year,Fiber optic,Credit card,0,Yes,No,Yes,Yes,No,No,Yes,No,No,No,70.77,3354.87,No
5,Month-to-month,Fiber optic,Mailed check,0,Yes,No,Yes,Yes,Yes,No,Yes,No,No,No,76.9,383.05,Yes
45,One year,Fiber optic,Electronic check,0,Yes,Yes,Yes,Yes,No,Yes,No,Yes,No,Yes,86.94,3842.64,No
33,Two year,No,Mailed check,0,No,Yes,Yes,Yes,No internet service,No internet service,No internet service,No internet service,No internet service,No internet service,20.37,657.09,No
59,Month-to-month,DSL,Bank transfer,1,No,Yes,Yes,Yes,No,No,No,No,No,Yes,52.53,3031.29,Yes
37,Two year,Fiber optic,Electronic check,0,No,Yes,No,Yes,No,No,Yes,Yes,No,No,73.57,2844.18,No
60,Two year,No,Electronic check,0,Yes,No,Yes,Yes,No internet service,No internet service,No internet service,No internet service,No internet service,No internet service,19.44,1183.87,No
15,Month-to-month,Fiber optic,Bank transfer,0,No,No,Yes,Yes,Yes,No,No,Yes,Yes,No,89.94,1400.27,Yes
3,Month-to-month,Fiber optic,Electronic check,0,No,No,Yes,Yes,Yes,No,No,No,Yes,Yes,86.09,255.24,Yes
23,One year,DSL,Mailed check,0,No,Yes,Yes,Yes,No,Yes,Yes,No,No,No,58.81,1323.68,No
72,Two year,Fiber optic,Credit card,0,Yes,No,No,Yes,No,No,No,No,No,No,62.64,4618.96,No
24,Month-to-month,DSL,Credit card,0,Yes,No,No,Yes,No,No,No,Yes,Yes,Yes,67.33,1583.42,No
7,Month-to-month,No,Mailed check,0,Yes,No,No,Yes,No internet service,No internet service,No internet service,No internet service,No internet service,No internet service,18.07,124.73,No
29,One year,No,Electronic check,0,No,No,No,Yes,No internet service,No internet service,No internet service,No internet service,No internet service,No internet service,22.87,691.21,No
5,Month-to-month,Fiber optic,Mailed check,0,Yes,No,No,Yes,No,No,Yes,No,No,Yes,78.94,408.99,Yes
52,One year,DSL,Electronic check,0,No,Yes,Yes,Yes,Yes,No,No,No,Yes,No,55.97,2814.36,No
33,Month-to-month,Fiber optic,Credit card,0,No,No,Yes,Yes,No,No,No,No,No,Yes,74.12,2418.02,Yes
46,One year,DSL,Bank transfer,0,No,No,No,Yes,Yes,No,No,Yes,No,Yes,68.29,3124.82,No
58,Two year,Fiber optic,Mailed check,0,No,No,No,Yes,No,No,Yes,No,No,No,73.78,4341.86,No
48,One year,DSL,Bank transfer,0,Yes,No,No,Yes,No,No,No,No,Yes,No,55.62,2551.37,No
12,One year,Fiber optic,Mailed check,0,No,No,No,Yes,No,Yes,Yes,Yes,Yes,Yes,95.84,1135.69,Yes
42,One year,No,Mailed check,1,No,No,Yes,Yes,No internet service,No internet service,No internet service,No internet service,No internet service,No internet service,19.55,786.34,No
71,Two year,No,Credit card,0,No,No,No,Yes,No internet service,No internet service,No internet service,No internet service,No internet service,No internet service,19.06,1372.29,No
58,Two year,Fiber optic,Electronic check,1,Yes,No,No,Yes,No,Yes,Yes,No,No,Yes,83.82,5005.27,No
19,Month-to-month,DSL,Electronic check,0,No,No,No,Yes,Yes,No,No,Yes,No,Yes,61.62,1180.26,No
28,One year,Fiber optic,Credit card,0,Yes,No,No,Yes,No,Yes,Yes,No,Yes,Yes,93.31,2609.73,No
9,Month-to-month,DSL,Mailed check,0,No,No,Yes,Yes,Yes,No,No,No,Yes,Yes,59.8,528.9,No
46,Two year,Fiber optic,Electronic check,0,Yes,No,No,Yes,Yes,No,Yes,No,Yes,Yes,95.47,4421.38,No
42,One year,Fiber optic,Electronic check,0,Yes,Yes,Yes,Yes,Yes,No,Yes,Yes,No,No,84.49,3543.0,No
10,Month-to-month,DSL,Mailed check,1,No,No,Yes,Yes,No,Yes,No,No,Yes,No,59.5,603.68,No
0,Month-to-month,DSL,Mailed check,1,No,Yes,No,Yes,No,Yes,Yes,Yes,Yes,Yes,79.27,77.21,Yes
31,Month-to-month,DSL,Mailed check,0,No,Yes,No,Yes,No,No,Yes,No,No,No,49.25,1514.96,No
46,One year,DSL,Electronic check,0,Yes,Yes,No,Yes,No,No,Yes,No,No,Yes,58.55,2702.78,No
24,Month-to-month,Fiber optic,Mailed check,0,No,No,Yes,Yes,No,No,Yes,No,No,No,70.98,1754.22,Yes
3,Month-to-month,Fiber optic,Bank transfer,0,Yes,Yes,Yes,Yes,Yes,No,No,Yes,No,No,79.94,251.77,No
46,Two year,DSL,Credit card,0,Yes,No,Yes,Yes,No,Yes,Yes,Yes,Yes,No,70.09,3195.7,No
62,Two year,DSL,Bank transfer,0,Yes,No,No,Yes,Yes,No,No,Yes,No,No,62.11,3910.88,No
18,Month-to-month,Fiber optic,Bank transfer,0,No,No,No,Yes,Yes,No,No,No,No,Yes,78.08,1376.64,Yes
7,Month-to-month,Fiber optic,Credit card,0,No,No,Yes,Yes,No,No,No,No,Yes,No,72.33,514.17,No
72,Two year,DSL,Electronic check,0,Yes,No,Yes,Yes,No,No,No,No,Yes,Yes,61.04,4238.28,No
24,One year,DSL,Electronic check,0,Yes,No,No,Yes,No,No,Yes,No,Yes,Yes,65.15,1525.08,Yes
0,One year,No,Electronic check,0,No,No,Yes,Yes,No internet service,No internet service,No internet service,No internet service,No internet service,No internet service,20.28,20.23,No
19,Month-to-month,Fiber optic,Mailed check,0,No,Yes,No,Yes,No,No,No,No,No,Yes,71.64,1334.76,Yes
20,Month-to-month,DSL,Credit card,0,No,No,No,Yes,No,No,No,Yes,No,Yes,56.93,1103.6,No
19,Month-to-month,DSL,Electronic check,1,No,No,Yes,Yes,No,Yes,No,No,Yes,Yes,66.79,1299.49,Yes
44,One year,Fiber optic,Credit card,0,Yes,Yes,Yes,Yes,No,No,No,No,No,Yes,70.76,3133.18,Yes
9,Month-to-month,Fiber optic,Electronic check,0,Yes,No,No,Yes,Yes,No,No,No,No,Yes,77.6,727.26,Yes
34,Month-to-month,Fiber optic,Mailed check,0,Yes,Yes,Yes,Yes,Yes,Yes,No,No,Yes,Yes,87.51,2828.94,No
16,One year,No,Mailed check,0,No,No,Yes,Yes,No internet service,No internet service,No internet service,No internet service,No internet service,No internet service,22.91,355.29,No
54,Two year,Fiber optic,Electronic check,0,No,No,No,Yes,No,Yes,Yes,Yes,No,No,79.21,4297.43,No
28,One year,DSL,Mailed check,0,Yes,No,Yes,Yes,No,Yes,Yes,Yes,Yes,No,74.91,2082.68,Yes
34,Month-to-month,DSL,Bank transfer,0,No,No,No,Yes,No,No,No,No,No,No,47.8,1705.93,Yes
5,Month-to-month,Fiber optic,Mailed check,1,No,No,Yes,Yes,No,No,No,No,No,Yes,70.47,354.9,Yes
19,Month-to-month,No,Credit card,0,Yes,Yes,Yes,Yes,No internet service,No internet service,No internet service,No internet service,No internet service,No internet service,18.33,334.04,No
19,Month-to-month,DSL,Credit card,0,Yes,No,Yes,Yes,No,Yes,Yes,No,No,Yes,68.61,1295.61,No
21,Month-to-month,Fiber optic,Mailed check,0,No,No,No,Yes,No,No,No,No,Yes,Yes,80.52,1636.01,No
6,Month-to-month,DSL,Credit card,0,No,Yes,No,Yes,No,Yes,Yes,No,Yes,No,62.18,361.93,No
44,One year,DSL,Electronic check,0,Yes,No,Yes,Yes,No,No,No,No,Yes,No,54.55,2353.03,No
54,Two year,Fiber optic,Electronic check,0,Yes,No,No,Yes,No,No,No,No,Yes,No,72.11,4000.65,No
59,Two year,DSL,Mailed check,0,Yes,No,No,Yes,No,Yes,No,Yes,No,No,62.02,3682.84,No
43,Month-to-month,DSL,Bank transfer,0,No,No,No,Yes,Yes,No,No,No,No,No,52.46,2288.83,No
20,Month-to-month,Fiber optic,Mailed check,0,Yes,Yes,No,Yes,Yes,No,No,No,No,Yes,81.11,1599.7,No
2,Month-to-month,No,Mailed check,1,Yes,No,No,Yes,No internet service,No internet service,No internet service,No internet service,No internet service,No internet service,19.24,39.31,No
49,Month-to-month,DSL,Credit card,0,Yes,No,No,No,No,No,Yes,No,No,Yes,55.93,2815.51,No
34,Month-to-month,DSL,Electronic check,0,No,Yes,No,Yes,Yes,No,No,No,Yes,No,59.59,2010.85,No
28,Month-to-month,Fiber optic,Credit card,0,Yes,Yes,No,Yes,Yes,No,Yes,Yes,Yes,No,90.99,2459.16,No
51,Two year,Fiber optic,Mailed check,0,Yes,Yes,Yes,Yes,Yes,No,No,No,Yes,Yes,83.87,4451.28,No
30,Month-to-month,DSL,Mailed check,0,Yes,No,Yes,Yes,No,No,Yes,Yes,No,No,59.59,1794.19,Yes
21,Two year,DSL,Electronic check,0,No,No,No,Yes,No,Yes,Yes,Yes,Yes,Yes,87.01,1797.22,No
43,Month-to-month,DSL,Electronic check,0,No,No,Yes,Yes,No,No,No,No,Yes,Yes,58.77,2527.53,No
32,Month-to-month,DSL,Mailed check,0,No,No,Yes,Yes,No,No,No,Yes,No,Yes,59.11,1932.03,No
15,Month-to-month,Fiber optic,Bank transfer,0,No,Yes,No,Yes,Yes,Yes,Yes,No,No,No,89.05,1370.56,No
32,Month-to-month,DSL,Mailed check,0,Yes,Yes,No,Yes,No,No,Yes,No,No,No,52.22,1603.22,No
28,Month-to-month,No,Electronic check,0,Yes,No,No,Yes,No internet service,No internet service,No internet service,No internet service,No internet service,No internet service,20.62,600.43,No
38,Two year,DSL,Bank transfer,0,No,No,Yes,Yes,Yes,Yes,No,No,Yes,No,64.77,2537.39,No
21,Month-to-month,DSL,Bank transfer,0,No,No,Yes,Yes,No,No,No,No,Yes,Yes,61.14,1328.23,Yes
24,Month-to-month,No,Credit card,0,Yes,Yes,Yes,Yes,No internet service,No internet service,No internet service,No internet service,No internet service,No internet service,18.35,447.69,No
36,One year,Fiber optic,Mailed check,0,No,No,No,Yes,No,No,No,No,Yes,Yes,77.39,2808.33,No
14,Month-to-month,DSL,Bank transfer,0,Yes,No,Yes,Yes,Yes,Yes,No,Yes,No,Yes,67.86,909.17,No
52,One year,No,Mailed check,1,No,No,No,No,No internet service,No internet service,No internet service,No internet service,No internet service,No internet service,18.0,953.36,No
21,Month-to-month,DSL,Bank transfer,0,Yes,No,Yes,Yes,No,No,No,No,No,Yes,48.82,1010.0,No
72,Two year,Fiber optic,Mailed check,1,Yes,No,Yes,Yes,No,Yes,No,No,No,No,70.53,5217.81,No
8,Month-to-month,No,Electronic check,0,Yes,No,No,Yes,No internet service,No internet service,No internet service,No internet service,No internet service,No internet service,21.04,173.9,No
25,Month-to-month,Fiber optic,Credit card,0,Yes,No,No,Yes,No,Yes,Yes,No,No,No,75.66,1918.14,Yes
23,One year,Fiber optic,Bank transfer,0,Yes,Yes,Yes,Yes,No,No,No,No,Yes,Yes,76.61,1786.07,Yes
65,Two year,Fiber optic,Bank transfer,0,No,Yes,Yes,Yes,Yes,Yes,No,No,Yes,No,87.76,5924.64,No
0,Month-to-month,DSL,Mailed check,0,No,No,Yes,Yes,No,No,Yes,Yes,No,No,58.6,60.88,No
43,One year,Fiber optic,Bank transfer,1,No,No,No,Yes,No,No,No,Yes,No,Yes,79.75,3309.9,Yes
37,Month-to-month,DSL,Electronic check,0,Yes,No,Yes,Yes,No,No,No,Yes,No,No,51.15,1843.78,Yes
19,Month-to-month,No,Electronic check,0,No,No,Yes,Yes,No internet service,No internet service,No internet service,No internet service,No internet service,No internet service,18.7,351.57,Yes
2,Month-to-month,DSL,Electronic check,0,No,Yes,Yes,Yes,No,Yes,Yes,Yes,Yes,No,81.18,169.13,Yes
53,One year,DSL,Electronic check,0,No,No,Yes,Yes,No,Yes,Yes,No,No,No,51.38,2815.78,No
24,Month-to-month,No,Electronic check,1,No,Yes,No,Yes,No internet service,No internet service,No internet service,No internet service,No internet service,No internet service,20.67,480.84,No
37,One year,No,Bank transfer,1,No,Yes,No,Yes,No internet service,No internet service,No internet service,No internet service,No internet service,No internet service,18.53,666.57,No
3,Month-to-month,Fiber optic,Electronic check,0,No,Yes,No,No,No,No,No,Yes,Yes,Yes,81.23,236.28,Yes
28,Two year,Fiber optic,Credit card,0,Yes,No,No,No,Yes,No,No,No,No,No,69.45,2006.17,No
72,Two year,DSL,Credit card,0,No,No,Yes,Yes,Yes,No,No,No,No,No,56.84,4020.14,No
9,Month-to-month,No,Electronic check,0,Yes,No,Yes,Yes,No internet service,No internet service,No internet service,No internet service,No internet service,No internet service,21.17,195.86,No
2,Month-to-month,DSL,Bank transfer,0,No,No,No,Yes,No,No,No,No,Yes,No,47.04,90.02,Yes
23,Month-to-month,Fiber optic,Mailed check,0,No,No,Yes,Yes,No,No,Yes,No,No,No,66.8,1601.73,No
38,Two year,DSL,Credit card,0,No,No,Yes,Yes,No,No,No,Yes,No,No,49.65,1827.79,No
26,Month-to-month,DSL,Mailed check,1,Yes,No,Yes,Yes,No,No,No,Yes,No,No,47.14,1185.36,Yes
40,Month-to-month,DSL,Mailed check,1,No,Yes,No,Yes,No,Yes,No,Yes,No,Yes,69.38,2763.14,No
1,Month-to-month,No,Electronic check,0,No,Yes,Yes,No,No internet service,No internet service,No internet service,No internet service,No internet service,No internet service,21.15,21.9,Yes
49,Two year,No,Credit card,0,No,Yes,Yes,No,No internet service,No internet service,No internet service,No internet service,No internet service,No internet service,19.09,940.94,No
25,Month-to-month,DSL,Electronic check,0,No,No,No,Yes,No,Yes,Yes,No,Yes,No,67.11,1664.7,No
0,Month-to-month,DSL,Credit card,0,Yes,Yes,No,Yes,Yes,Yes,Yes,No,Yes,No,72.84,72.24,No
39,Two year,DSL,Electronic check,0,No,No,Yes,No,No,No,Yes,No,Yes,No,55.13,2112.26,No
16,Month-to-month,DSL,Bank transfer,0,No,No,Yes,Yes,No,Yes,Yes,No,Yes,No,62.88,989.37,No
72,Two year,DSL,Mailed check,0,No,No,No,Yes,Yes,Yes,Yes,No,No,No,64.72,4736.32,No
4,Month-to-month,DSL,Electronic check,1,No,No,Yes,No,Yes,Yes,No,No,Yes,No,61.58,246.36,No
13,Month-to-month,DSL,Electronic check,0,No,No,Yes,Yes,No,No,Yes,No,Yes,No,54.73,741.91,No
72,Two year,DSL,Electronic check,0,Yes,No,Yes,Yes,Yes,No,No,No,Yes,No,60.93,4336.36,No
51,One year,Fiber optic,Bank transfer,1,Yes,Yes,No,Yes,No,No,No,No,No,Yes,71.54,3500.64,No
11,One year,DSL,Bank transfer,0,Yes,Yes,Yes,Yes,No,Yes,Yes,No,No,Yes,61.7,668.23,No
14,Month-to-month,DSL,Electronic check,0,No,No,No,Yes,No,No,Yes,Yes,No,No,59.97,829.16,No
27,Month-to-month,Fiber optic,Mailed check,0,No,No,Yes,Yes,No,No,Yes,No,Yes,No,77.35,2074.26,No
41,Month-to-month,Fiber optic,Electronic check,0,No,Yes,Yes,Yes,No,Yes,No,Yes,Yes,No,87.29,3673.07,No
40,Month-to-month,Fiber optic,Bank transfer,0,Yes,No,No,Yes,No,Yes,No,Yes,No,Yes,88.28,3497.46,No
27,Month-to-month,No,Credit card,0,No,No,Yes,Yes,No internet service,No internet service,No internet service,No internet service,No internet service,No internet service,21.86,582.63,No
29,Month-to-month,No,Credit card,0,No,No,Yes,Yes,No internet service,No internet service,No internet service,No internet service,No internet service,No internet service,19.34,565.23,No
0,Month-to-month,DSL,Credit card,0,Yes,No,No,Yes,Yes,No,Yes,Yes,No,Yes,74.09,76.12,Yes
7,Month-to-month,Fiber optic,Electronic check,0,No,No,No,Yes,No,No,Yes,No,No,No,73.37,526.61,Yes
0,Month-to-month,DSL,Electronic check,0,No,Yes,No,No,No,Yes,No,No,No,No,52.89,54.06,Yes
34,Month-to-month,DSL,Credit card,1,No,No,Yes,Yes,Yes,No,No,Yes,No,No,62.38,2193.01,No
60,Two year,No,Electronic check,0,No,Yes,No,Yes,No internet service,No internet service,No internet service,No internet service,No internet service,No internet service,21.93,1276.89,No
40,One year,Fiber optic,Electronic check,0,Yes,No,Yes,Yes,No,No,No,Yes,No,Yes,83.2,3220.91,No
43,Month-to-month,Fiber optic,Electronic check,0,Yes,No,Yes,No,No,No,Yes,Yes,No,Yes,80.3,3397.78,No
47,One year,DSL,Bank transfer,0,No,Yes,No,No,No,No,No,Yes,No,Yes,59.33,2898.12,No
72,Two year,Fiber optic,Bank transfer,1,No,No,No,Yes,No,No,No,Yes,Yes,Yes,82.98,5732.28,No
30,Month-to-month,DSL,Credit card,1,Yes,No,Yes,Yes,No,No,Yes,No,Yes,Yes,65.85,1896.36,No
32,Month-to-month,No,Mailed check,0,No,No,No,Yes,No internet service,No internet service,No internet service,No internet service,No internet service,No internet service,22.43,728.38,Yes
1,Month-to-month,Fiber optic,Electronic check,0,No,No,Yes,Yes,Yes,No,No,Yes,No,No,78.05,79.43,Yes
34,Month-to-month,DSL,Mailed check,0,Yes,Yes,Yes,Yes,No,No,Yes,No,No,Yes,56.01,1927.95,No
62,Two year,DSL,Bank transfer,0,Yes,No,Yes,Yes,Yes,Yes,No,Yes,Yes,No,71.05,4315.59,No
47,Two year,No,Electronic check,0,Yes,Yes,No,No,No internet service,No internet service,No internet service,No internet service,No internet service,No internet service,18.53,888.98,No
29,Month-to-month,DSL,Credit card,0,Yes,Yes,Yes,Yes,No,No,No,No,Yes,No,45.84,1378.44,No
59,One year,Fiber optic,Mailed check,0,Yes,Yes,Yes,Yes,Yes,Yes,Yes,No,Yes,No,95.79,5687.64,No
16,Month-to-month,DSL,Bank transfer,0,No,No,No,Yes,No,Yes,Yes,Yes,No,No,62.96,968.24,Yes
26,One year,DSL,Credit card,0,No,Yes,Yes,Yes,No,Yes,No,Yes,Yes,Yes,76.41,2029.94,No
27,One year,DSL,Mailed check,0,No,No,Yes,Yes,Yes,No,Yes,No,No,Yes,67.27,1846.21,No
0,Month-to-month,DSL,Bank transfer,0,No,No,No,Yes,Yes,No,Yes,No,No,Yes,65.0,63.76,Yes
15,Month-to-month,Fiber optic,Mailed check,0,Yes,Yes,No,Yes,No,Yes,Yes,No,Yes,No,89.41,1318.96,No
47,One year,DSL,Credit card,0,No,No,Yes,Yes,Yes,No,Yes,Yes,Yes,No,72.6,3578.93,No
72,Two year,DSL,Credit card,1,No,Yes,No,Yes,Yes,No,Yes,Yes,No,No,61.22,4363.13,No
5,Month-to-month,Fiber optic,Mailed check,0,No,Yes,Yes,Yes,No,No,No,No,No,No,67.29,323.28,Yes
24,Month-to-month,DSL,Electronic check,1,Yes,Yes,Yes,Yes,No,Yes,No,Yes,No,Yes,67.74,1589.61,No
18,Month-to-month,No,Credit card,0,No,Yes,Yes,Yes,No internet service,No internet service,No internet service,No internet service,No internet service,No internet service,18.0,321.32,No
38,One year,DSL,Credit card,0,No,No,No,Yes,Yes,No,No,Yes,No,No,50.03,1907.54,No
14,One year,Fiber optic,Bank transfer,0,Yes,Yes,Yes,Yes,Yes,No,Yes,Yes,No,Yes,90.53,1261.5,No
38,Two year,DSL,Credit card,0,Yes,No,No,Yes,No,No,Yes,No,No,Yes,59.76,2336.0,No
67,One year,Fiber optic,Mailed check,1,Yes,No,Yes,Yes,No,No,No,Yes,Yes,Yes,86.41,5992.25,No
70,Two year,DSL,Mailed check,0,No,No,Yes,Yes,Yes,No,No,No,No,Yes,59.64,4270.34,No
59,Two year,DSL,Mailed check,0,No,No,Yes,Yes,No,Yes,Yes,Yes,No,Yes,71.95,4194.39,No
25,Month-to-month,Fiber optic,Electronic check,1,Yes,No,Yes,Yes,Yes,No,No,No,Yes,Yes,87.52,2140.13,Yes
50,One year,Fiber optic,Mailed check,0,Yes,No,Yes,No,Yes,No,No,No,No,Yes,77.12,4009.94,No
11,Month-to-month,No,Bank transfer,0,Yes,No,Yes,Yes,No internet service,No internet service,No internet service,No internet service,No internet service,No internet service,22.97,253.18,No
11,Month-to-month,Fiber optic,Electronic check,0,No,No,No,Yes,No,No,Yes,No,Yes,No,75.94,813.17,Yes
44,Two year,No,Electronic check,1,No,Yes,No,Yes,No internet service,No internet service,No internet service,No internet service,No internet service,No internet service,22.52,948.94,No
41,One year,DSL,Bank transfer,0,Yes,No,No,No,No,No,No,Yes,No,No,49.04,1961.33,No
36,Two year,DSL,Credit card,1,No,No,Yes,Yes,No,No,No,No,No,Yes,53.21,1995.16,No
7,Month-to-month,Fiber optic,Credit card,0,No,No,No,Yes,No,No,No,No,No,Yes,69.44,505.55,Yes
26,Month-to-month,Fiber optic,Electronic check,0,Yes,No,Yes,Yes,No,No,No,No,Yes,No,69.08,1846.92,Yes
12,Month-to-month,Fiber optic,Credit card,0,No,Yes,Yes,Yes,Yes,No,Yes,No,Yes,No,84.25,1024.15,No
0,Month-to-month,DSL,Electronic check,1,Yes,No,Yes,Yes,No,Yes,No,No,No,Yes,59.41,59.23,Yes
12,Month-to-month,No,Electronic check,0,Yes,No,No,Yes,No internet service,No internet service,No internet service,No internet service,No internet service,No internet service,22.96,288.09,No
27,Month-to-month,No,Bank transfer,0,No,No,Yes,Yes,No internet service,No internet service,No internet service,No internet service,No internet service,No internet service,18.0,484.65,No
20,Month-to-month,Fiber optic,Mailed check,0,No,No,Yes,Yes,No,Yes,Yes,Yes,Yes,No,93.26,1925.12,No
27,Two year,Fiber optic,Credit card,0,Yes,No,Yes,Yes,No,No,Yes,Yes,No,No,78.87,2116.02,No
35,Month-to-month,Fiber optic,Electronic check,0,Yes,No,Yes,Yes,No,Yes,Yes,No,No,Yes,79.68,2913.77,No
14,Month-to-month,No,Electronic check,0,Yes,No,Yes,Yes,No internet service,No internet service,No internet service,No internet service,No internet service,No internet service,18.0,250.82,Yes
59,Two year,Fiber optic,Mailed check,1,No,Yes,No,Yes,Yes,Yes,No,No,No,No,82.55,4637.52,No
35,Month-to-month,Fiber optic,Electronic check,0,Yes,No,Yes,No,No,No,No,Yes,Yes,Yes,84.04,2918.54,Yes
52,Two year,DSL,Electronic check,0,No,No,Yes,Yes,No,Yes,Yes,No,No,Yes,66.91,3561.02,No
7,One year,DSL,Electronic check,0,Yes,No,Yes,Yes,No,No,No,Yes,Yes,Yes,61.99,429.25,No
46,Month-to-month,Fiber optic,Electronic check,1,No,Yes,Yes,Yes,No,No,No,No,No,Yes,68.45,3159.02,No
3,One year,DSL,Bank transfer,0,No,No,Yes,Yes,Yes,Yes,No,Yes,No,Yes,72.14,210.56,No
33,One year,Fiber optic,Electronic check,0,Yes,Yes,Yes,No,No,Yes,Yes,No,Yes,No,85.24,2728.56,No
59,One year,Fiber optic,Bank transfer,0,No,No,Yes,Yes,No,No,No,No,No,Yes,70.01,4244.86,No
43,Two year,Fiber optic,Bank transfer,0,No,No,Yes,Yes,No,No,Yes,No,No,Yes,72.81,3231.13,No
28,One year,Fiber optic,Mailed check,0,Yes,No,Yes,No,No,No,No,Yes,Yes,No,80.98,2194.18,No
35,One year,No,Mailed check,0,No,No,No,Yes,No internet service,No internet service,No internet service,No internet service,No internet service,No internet service,20.03,708.22,No
15,Month-to-month,DSL,Bank transfer,0,No,No,No,No,No,No,No,Yes,Yes,Yes,62.51,934.77,Yes
24,One year,DSL,Credit card,0,No,No,Yes,Yes,Yes,No,Yes,No,Yes,No,68.73,1572.85,Yes
44,Two year,Fiber optic,Electronic check,1,No,No,Yes,Yes,No,No,Yes,No,No,No,73.86,3130.41,No
55,One year,DSL,Credit card,0,Yes,No,No,Yes,Yes,Yes,Yes,No,No,Yes,75.96,4102.38,No
30,One year,No,Electronic check,0,Yes,No,Yes,Yes,No internet service,No internet service,No internet service,No internet service,No internet service,No internet service,22.99,695.92,No
26,Month-to-month,Fiber optic,Mailed check,0,Yes,No,No,Yes,Yes,Yes,No,No,No,Yes,79.57,2112.93,No
23,One year,No,Mailed check,0,No,Yes,No,Yes,No internet service,No internet service,No internet service,No internet service,No internet service,No internet service,18.73,429.89,Yes
72,Two year,DSL,Electronic check,0,No,No,Yes,Yes,No,Yes,Yes,Yes,No,No,60.12,4122.58,No
33,Month-to-month,DSL,Electronic check,1,Yes,No,Yes,Yes,No,No,No,Yes,No,No,51.28,1720.82,No
17,Month-to-month,Fiber optic,Electronic check,1,Yes,Yes,Yes,Yes,No,No,No,No,Yes,No,66.83,1187.4,Yes
28,Month-to-month,DSL,Electronic check,0,Yes,No,Yes,Yes,No,Yes,No,No,Yes,No,60.0,1678.21,No
42,Month-to-month,DSL,Bank transfer,0,No,No,Yes,Yes,No,No,No,Yes,Yes,No,59.97,2566.39,No
22,One year,No,Electronic check,0,Yes,Yes,No,Yes,No internet service,No internet service,No internet service,No internet service,No internet service,No internet service,20.2,436.91,No
1,Month-to-month,No,Credit card,0,No,No,No,Yes,No internet service,No internet service,No internet service,No internet service,No internet service,No internet service,21.71,21.95,No
24,Month-to-month,Fiber optic,Credit card,0,Yes,No,No,Yes,Yes,No,No,No,Yes,No,74.46,1837.99,No
17,One year,No,Electronic check,0,Yes,No,Yes,Yes,No internet service,No internet service,No internet service,No internet service,No internet service,No internet service,19.21,324.26,No
13,One year,No,Electronic check,0,Yes,Yes,No,Yes,No internet service,No internet service,No internet service,No internet service,No internet service,No internet service,21.54,286.15,No
12,One year,DSL,Mailed check,0,No,Yes,No,Yes,No,Yes,Yes,No,No,Yes,63.52,777.35,Yes
40,One year,Fiber optic,Credit card,0,Yes,Yes,Yes,Yes,No,No,Yes,No,Yes,No,81.76,3258.05,No
5,One year,Fiber optic,Mailed check,0,No,No,No,Yes,Yes,No,No,No,No,Yes,77.79,404.47,No
48,Two year,Fiber optic,Electronic check,0,No,No,No,Yes,No,No,No,Yes,No,No,74.49,3397.96,No
0,One year,Fiber optic,Credit card,0,Yes,No,Yes,Yes,No,Yes,No,No,Yes,No,80.36,82.78,Yes
25,Month-to-month,No,Mailed check,0,No,Yes,No,Yes,No internet service,No internet service,No internet service,No internet service,No internet service,No internet service,18.17,465.28,Yes
46,One year,Fiber optic,Mailed check,0,Yes,No,No,Yes,Yes,No,No,No,Yes,No,78.53,3482.51,Yes
15,Month-to-month,DSL,Credit card,0,No,No,No,Yes,No,No,Yes,No,Yes,Yes,67.87,1001.11,No
37,Month-to-month,DSL,Credit card,0,No,No,Yes,Yes,Yes,No,Yes,No,No,Yes,64.78,2352.54,No
31,Month-to-month,DSL,Mailed check,0,No,Yes,Yes,Yes,No,No,No,No,Yes,Yes,61.12,1978.16,Yes
41,Two year,Fiber optic,Electronic check,0,No,No,No,Yes,Yes,No,Yes,No,Yes,Yes,91.08,3769.3,No
24,One year,DSL,Mailed check,0,Yes,No,Yes,Yes,Yes,No,No,Yes,No,No,59.16,1354.76,No
32,Month-to-month,DSL,Electronic check,0,Yes,No,Yes,Yes,No,No,No,No,Yes,Yes,60.21,1992.87,Yes
49,One year,DSL,Mailed check,0,Yes,No,Yes,No,Yes,No,No,Yes,Yes,No,64.33,3196.84,No
14,Month-to-month,Fiber optic,Electronic check,0,Yes,Yes,Yes,Yes,No,No,No,No,Yes,No,70.03,937.48,No
10,One year,DSL,Bank transfer,0,Yes,Yes,Yes,Yes,No,No,Yes,No,Yes,Yes,60.81,618.42,No
69,Two year,Fiber optic,Bank transfer,0,Yes,No,Yes,No,No,No,No,No,No,Yes,72.91,4914.15,No
39,One year,DSL,Credit card,0,No,No,No,Yes,No,No,No,Yes,Yes,Yes,69.79,2759.68,Yes
37,One year,Fiber optic,Credit card,0,No,No,Yes,Yes,Yes,No,Yes,Yes,No,Yes,89.9,3405.41,No
0,Month-to-month,Fiber optic,Electronic check,1,Yes,No,No,No,No,Yes,Yes,No,Yes,No,80.51,82.08,No
27,Month-to-month,No,Electronic check,0,No,Yes,No,Yes,No internet service,No internet service,No internet service,No internet service,No internet service,No internet service,19.48,551.38,No
53,Two year,Fiber optic,Mailed check,1,No,No,Yes,Yes,Yes,No,Yes,Yes,No,Yes,86.93,4675.45,No
29,One year,No,Electronic check,0,Yes,No,Yes,Yes,No internet service,No internet service,No internet service,No internet service,No internet service,No internet service,18.0,498.43,No
5,Month-to-month,No,Electronic check,0,No,Yes,Yes,Yes,No internet service,No internet service,No internet service,No internet service,No internet service,No internet service,19.26,93.64,Yes
20,Month-to-month,Fiber optic,Bank transfer,0,No,No,No,Yes,No,No,Yes,Yes,No,Yes,84.12,1613.93,Yes
25,Month-to-month,Fiber optic,Mailed check,0,No,Yes,No,Yes,No,No,Yes,No,Yes,No,76.14,1955.61,Yes
12,Month-to-month,Fiber optic,Electronic check,0,No,No,No,Yes,No,No,No,Yes,Yes,Yes,85.21,1038.61,No
27,Month-to-month,No,Mailed check,0,Yes,No,No,Yes,No internet service,No internet service,No internet service,No internet service,No internet service,No internet service,21.01,560.16,No
0,Month-to-month,DSL,Credit card,0,No,No,Yes,Yes,No,No,No,Yes,No,No,52.53,50.14,Yes
44,Two year,Fiber optic,Bank transfer,0,No,No,No,Yes,No,No,No,No,No,No,63.12,2776.34,No
29,Month-to-month,DSL,Electronic check,0,No,No,No,Yes,Yes,No,No,No,No,Yes,54.7,1647.78,No
12,Month-to-month,Fiber optic,Mailed check,1,Yes,No,Yes,Yes,Yes,No,No,Yes,No,No,79.22,945.91,Yes
45,Month-to-month,DSL,Credit card,0,No,No,No,Yes,Yes,No,No,No,Yes,Yes,60.83,2847.48,No
22,Month-to-month,DSL,Electronic check,1,No,No,Yes,Yes,No,Yes,No,Yes,Yes,Yes,66.76,1524.22,No
35,Two year,Fiber optic,Bank transfer,1,No,Yes,Yes,Yes,No,No,Yes,No,Yes,No,80.89,2954.09,No
0,Month-to-month,No,Bank transfer,1,Yes,No,Yes,No,No internet service,No internet service,No internet service,No internet service,No internet service,No internet service,21.71,21.21,Yes
67,Two year,Fiber optic,Bank transfer,0,Yes,No,No,Yes,Yes,No,No,No,Yes,No,79.2,5204.2,No
44,Two year,DSL,Electronic check,0,Yes,Yes,No,Yes,No,No,No,No,Yes,Yes,61.36,2742.28,No
33,Month-to-month,DSL,Credit card,1,No,No,Yes,Yes,Yes,Yes,No,No,Yes,Yes,74.47,2482.35,No
29,One year,No,Electronic check,0,Yes,No,Yes,Yes,No internet service,No internet service,No internet service,No internet service,No internet service,No internet service,23.64,697.99,No
58,Two year,DSL,Electronic check,0,No,Yes,Yes,Yes,No,No,No,Yes,No,No,51.96,3073.41,No
13,Month-to-month,No,Electronic check,0,No,No,Yes,No,No internet service,No internet service,No internet service,No internet service,No internet service,No internet service,18.13,234.73,Yes
22,Month-to-month,Fiber optic,Mailed check,0,Yes,Yes,No,Yes,Yes,No,No,Yes,No,No,72.64,1610.32,No
66,Two year,No,Electronic check,0,No,No,No,Yes,No internet service,No internet service,No internet service,No internet service,No internet service,No internet service,21.84,1424.0,No
54,Two year,Fiber optic,Bank transfer,0,Yes,No,Yes,Yes,No,Yes,No,No,Yes,Yes,92.74,4994.08,No
29,Month-to-month,DSL,Credit card,0,Yes,No,Yes,Yes,Yes,No,Yes,No,Yes,No,60.49,1702.11,No
11,One year,Fiber optic,Electronic check,1,Yes,Yes,Yes,Yes,No,Yes,Yes,No,Yes,Yes,94.83,1009.95,Yes
25,Month-to-month,No,Credit card,0,No,Yes,No,Yes,No internet service,No internet service,No internet service,No internet service,No internet service,No internet service,20.87,510.04,No
54,Two year,No,Credit card,0,No,No,Yes,Yes,No internet service,No internet service,No internet service,No internet service,No internet service,No internet service,18.57,997.9,Yes
14,Month-to-month,DSL,Electronic check,0,Yes,Yes,Yes,Yes,Yes,No,No,Yes,Yes,Yes,74.67,1016.24,Yes
0,Month-to-month,DSL,Bank transfer,0,No,Yes,Yes,Yes,No,No,No,No,Yes,No,52.01,51.35,Yes
11,One year,DSL,Credit card,0,Yes,Yes,Yes,Yes,Yes,No,No,Yes,Yes,Yes,69.38,740.6,Yes
58,Two year,Fiber optic,Credit card,0,Yes,No,No,Yes,Yes,No,No,Yes,Yes,Yes,92.34,5228.71,No
60,Two year,DSL,Mailed check,1,No,No,Yes,Yes,No,No,No,Yes,No,No,48.45,2935.63,No
25,Month-to-month,DSL,Credit card,0,No,No,No,No,No,No,No,Yes,No,Yes,57.57,1399.15,Yes
18,Month-to-month,DSL,Bank transfer,0,No,Yes,Yes,Yes,No,No,Yes,No,Yes,Yes,63.62,1128.1,No
35,Two year,Fiber optic,Electronic check,0,No,No,Yes,Yes,No,No,Yes,No,No,No,68.8,2523.83,No
38,Two year,No,Electronic check,0,Yes,No,No,Yes,No internet service,No internet service,No internet service,No internet service,No internet service,No internet service,22.82,875.95,No
0,Month-to-month,Fiber optic,Mailed check,0,Yes,No,Yes,Yes,Yes,Yes,No,No,No,No,80.9,82.09,No
40,One year,DSL,Mailed check,0,Yes,No,Yes,Yes,No,No,No,No,Yes,Yes,56.38,2321.3,No
48,Month-to-month,Fiber optic,Electronic check,1,No,No,Yes,No,Yes,No,Yes,No,Yes,Yes,85.83,4207.8,Yes
17,Month-to-month,Fiber optic,Electronic check,0,No,Yes,No,Yes,No,No,Yes,Yes,No,Yes,90.32,1467.53,Yes
6,Month-to-month,Fiber optic,Credit card,1,Yes,No,Yes,Yes,No,No,No,Yes,Yes,No,73.18,422.05,No
18,Month-to-month,Fiber optic,Bank transfer,1,Yes,No,Yes,No,No,Yes,No,No,Yes,No,75.88,1355.99,Yes
16,Month-to-month,DSL,Electronic check,0,Yes,No,Yes,Yes,No,No,No,No,Yes,No,51.63,792.36,Yes
26,Two year,DSL,Electronic check,0,No,No,Yes,Yes,Yes,No,Yes,Yes,Yes,Yes,72.18,1809.93,Yes
22,Month-to-month,DSL,Electronic check,0,Yes,No,No,Yes,Yes,No,No,No,No,No,49.74,1135.95,No
16,Month-to-month,DSL,Electronic check,0,No,No,No,Yes,Yes,No,Yes,No,No,No,58.85,987.11,No
15,Month-to-month,Fiber optic,Bank transfer,1,Yes,No,Yes,Yes,No,Yes,Yes,No,Yes,No,85.12,1309.12,Yes
50,Month-to-month,Fiber optic,Electronic check,0,No,No,No,Yes,No,Yes,Yes,No,No,Yes,84.7,4051.05,No
16,Month-to-month,DSL,Credit card,0,Yes,No,Yes,Yes,No,Yes,No,No,Yes,No,55.17,847.97,No
67,One year,DSL,Electronic check,0,Yes,No,Yes,Yes,Yes,Yes,Yes,No,No,Yes,69.52,4774.0,No
5,Month-to-month,DSL,Electronic check,0,Yes,No,Yes,Yes,Yes,Yes,No,No,No,No,54.19,282.0,Yes
14,One year,Fiber optic,Credit card,1,Yes,No,No,Yes,Yes,Yes,No,Yes,No,No,82.06,1176.65,No
41,Two year,No,Mailed check,0,No,No,Yes,Yes,No internet service,No internet service,No internet service,No internet service,No internet service,No internet service,25.77,1070.04,No
37,Month-to-month,Fiber optic,Mailed check,0,No,No,Yes,Yes,No,Yes,Yes,No,Yes,Yes,93.13,3328.17,Yes
42,Two year,DSL,Electronic check,0,Yes,Yes,No,Yes,Yes,No,No,Yes,No,Yes,68.44,2920.35,No
31,Two year,Fiber optic,Bank transfer,0,No,No,No,Yes,No,Yes,No,No,Yes,No,81.46,2632.19,No
59,Two year,DSL,Mailed check,0,No,No,No,Yes,No,No,No,No,Yes,No,50.84,2934.13,No
32,One year,Fiber optic,Credit card,0,No,No,Yes,Yes,No,No,No,Yes,No,Yes,75.62,2478.58,No
47,One year,DSL,Bank transfer,0,Yes,No,No,No,Yes,No,No,Yes,No,Yes,63.91,2873.78,No
27,One year,Fiber optic,Credit card,1,Yes,No,Yes,Yes,No,No,No,No,Yes,No,70.42,1919.16,No
23,One year,DSL,Bank transfer,0,Yes,No,Yes,Yes,Yes,No,No,No,No,Yes,55.49,1315.05,Yes
45,Month-to-month,Fiber optic,Bank transfer,0,No,No,Yes,Yes,No,No,No,No,No,No,62.87,2747.62,No
41,Two year,DSL,Bank transfer,0,Yes,No,No,Yes,Yes,Yes,No,Yes,No,Yes,73.9,3143.35,No
25,One year,Fiber optic,Mailed check,0,No,No,Yes,Yes,Yes,Yes,Yes,No,Yes,No,90.0,2207.61,Yes
61,Two year,Fiber optic,Bank transfer,0,No,No,Yes,Yes,No,No,No,No,Yes,No,72.78,4287.97,No
0,Month-to-month,DSL,Bank transfer,0,Yes,Yes,Yes,Yes,No,No,Yes,Yes,No,No,54.01,52.15,No
30,Month-to-month,Fiber optic,Electronic check,0,Yes,No,Yes,Yes,No,No,No,Yes,Yes,No,77.4,2286.79,Yes
47,Month-to-month,Fiber optic,Bank transfer,0,Yes,Yes,No,Yes,No,No,Yes,Yes,No,No,80.51,3857.46,No
32,Month-to-month,No,Electronic check,0,No,No,Yes,Yes,No internet service,No internet service,No internet service,No internet service,No internet service,No internet service,18.78,578.89,No
1,Month-to-month,No,Mailed check,0,No,Yes,No,Yes,No internet service,No internet service,No internet service,No internet service,No internet service,No internet service,19.24,18.78,No
6,Month-to-month,No,Electronic check,0,Yes,No,Yes,Yes,No internet service,No internet service,No internet service,No internet service,No internet service,No internet service,21.38,134.11,Yes
19,Month-to-month,Fiber optic,Electronic check,0,Yes,No,Yes,Yes,No,No,No,No,Yes,No,70.57,1313.97,No
24,Month-to-month,DSL,Electronic check,1,No,No,Yes,Yes,No,No,Yes,No,Yes,No,52.92,1308.44,No
44,Month-to-month,DSL,Electronic check,0,No,No,Yes,Yes,No,No,Yes,No,Yes,No,55.86,2394.31,No
72,Two year,Fiber optic,Electronic check,0,Yes,Yes,No,Yes,Yes,No,No,Yes,Yes,No,83.6,5869.1,No
15,Month-to-month,DSL,Electronic check,0,No,Yes,No,Yes,No,No,No,Yes,No,No,50.97,797.62,No
9,Month-to-month,Fiber optic,Mailed check,0,Yes,No,Yes,Yes,Yes,No,Yes,Yes,Yes,Yes,90.96,806.47,Yes
5,Month-to-month,No,Mailed check,0,Yes,Yes,No,Yes,No internet service,No internet service,No internet service,No internet service,No internet service,No internet service,18.0,90.27,No
28,Month-to-month,DSL,Credit card,0,Yes,No,No,No,Yes,Yes,Yes,Yes,No,Yes,75.03,2102.88,Yes
35,Month-to-month,DSL,Credit card,1,No,No,Yes,Yes,Yes,No,Yes,Yes,No,Yes,67.49,2439.21,No
39,One year,DSL,Electronic check,0,No,No,No,Yes,Yes,No,No,No,Yes,No,59.24,2392.69,No
54,Two year,Fiber optic,Mailed check,0,No,Yes,No,Yes,Yes,Yes,Yes,No,No,No,84.68,4490.94,No
52,Month-to-month,Fiber optic,Mailed check,0,Yes,No,No,Yes,No,No,Yes,Yes,No,No,77.56,3941.42,No
49,One year,DSL,Mailed check,0,Yes,No,Yes,Yes,No,Yes,No,Yes,Yes,No,62.19,3027.7,No
0,Month-to-month,DSL,Mailed check,0,Yes,No,Yes,Yes,Yes,No,Yes,No,No,Yes,62.7,59.62,No
17,Month-to-month,DSL,Bank transfer,1,Yes,No,No,Yes,No,No,No,Yes,Yes,Yes,59.65,1059.47,No
21,Month-to-month,Fiber optic,Bank transfer,0,No,Yes,No,Yes,No,No,Yes,Yes,Yes,No,88.55,1803.38,No
14,Month-to-month,DSL,Mailed check,1,Yes,No,No,Yes,No,Yes,No,Yes,No,No,58.36,787.79,No
58,One year,Fiber optic,Bank transfer,0,Yes,Yes,No,No,No,Yes,Yes,No,Yes,Yes,91.19,5437.95,No
33,One year,Fiber optic,Electronic check,0,Yes,No,No,Yes,No,No,No,No,Yes,Yes,81.85,2808.75,No
22,One year,No,Credit card,0,Yes,Yes,Yes,Yes,No internet service,No internet service,No internet service,No internet service,No internet service,No internet service,19.44,420.32,No
7,Month-to-month,DSL,Credit card,0,No,No,Yes,Yes,No,Yes,Yes,Yes,No,Yes,71.63,518.27,Yes
49,One year,DSL,Electronic check,0,Yes,No,Yes,Yes,No,Yes,No,No,No,Yes,54.77,2802.24,No
0,Month-to-month,No,Bank transfer,0,No,Yes,Yes,No,No internet service,No internet service,No internet service,No internet service,No internet service,No internet service,19.2,18.81,No
10,Month-to-month,Fiber optic,Credit card,0,Yes,Yes,Yes,Yes,No,Yes,Yes,No,No,No,79.84,791.57,Yes
32,Month-to-month,No,Mailed check,0,Yes,No,Yes,Yes,No internet service,No internet service,No internet service,No internet service,No internet service,No internet service,23.56,747.61,No
16,One year,DSL,Electronic check,0,Yes,Yes,Yes,Yes,No,Yes,Yes,No,Yes,Yes,66.61,1111.57,Yes
37,Two year,DSL,Bank transfer,0,Yes,No,No,Yes,No,No,No,No,No,No,46.72,1704.3,Yes
0,Month-to-month,Fiber optic,Mailed check,0,No,No,Yes,Yes,No,No,No,No,Yes,No,71.15,67.71,Yes
24,One year,Fiber optic,Electronic check,0,Yes,No,Yes,Yes,No,No,Yes,No,No,Yes,75.15,1740.18,No
30,One year,Fiber optic,Bank transfer,0,Yes,No,Yes,No,No,No,No,No,Yes,Yes,76.06,2205.37,No
50,Two year,Fiber optic,Mailed check,0,Yes,No,Yes,Yes,No,Yes,Yes,Yes,No,Yes,88.52,4437.58,Yes
3,Month-to-month,Fiber optic,Electronic check,0,Yes,Yes,No,Yes,No,Yes,Yes,Yes,No,Yes,91.22,264.03,Yes
32,One year,DSL,Credit card,0,No,No,Yes,Yes,No,Yes,No,Yes,No,No,56.94,1733.67,No
54,One year,DSL,Electronic check,0,No,Yes,Yes,Yes,No,No,No,No,No,Yes,56.77,3160.87,No
59,Two year,Fiber optic,Mailed check,0,Yes,No,Yes,Yes,No,Yes,No,No,Yes,No,78.11,4554.64,No
52,Month-to-month,DSL,Bank transfer,0,Yes,No,Yes,Yes,No,No,Yes,No,Yes,Yes,63.69,3469.36,No
43,Two year,No,Electronic check,1,No,No,No,Yes,No internet service,No internet service,No internet service,No internet service,No internet service,No internet service,21.79,944.53,No
11,Month-to-month,DSL,Bank transfer,0,No,No,No,Yes,Yes,No,No,Yes,Yes,Yes,69.73,753.44,No
56,Two year,No,Bank transfer,0,Yes,No,Yes,Yes,No internet service,No internet service,No internet service,No internet service,No internet service,No internet service,18.86,1037.69,No
10,Month-to-month,DSL,Mailed check,0,Yes,No,Yes,Yes,No,No,No,No,No,No,44.81,470.38,No
18,Month-to-month,Fiber optic,Mailed check,0,Yes,No,No,No,No,No,Yes,No,Yes,No,77.56,1445.68,Yes
0,Month-to-month,Fiber optic,Credit card,1,Yes,No,No,Yes,Yes,Yes,No,No,Yes,Yes,95.71,93.13,No
12,Month-to-month,No,Credit card,0,Yes,No,Yes,Yes,No internet service,No internet service,No internet service,No internet service,No internet service,No internet service,23.05,285.04,No
32,Month-to-month,DSL,Electronic check,0,No,Yes,No,Yes,Yes,Yes,Yes,Yes,Yes,Yes,79.27,2593.25,No
48,Month-to-month,No,Mailed check,0,No,No,No,Yes,No internet service,No internet service,No internet service,No internet service,No internet service,No internet service,19.42,942.31,No
41,Month-to-month,No,Mailed check,1,Yes,No,Yes,No,No internet service,No internet service,No internet service,No internet service,No internet service,No internet service,21.96,896.54,No
20,Month-to-month,Fiber optic,Credit card,0,No,No,No,Yes,No,No,No,Yes,No,No,77.43,1518.74,No
62,Two year,Fiber optic,Credit card,0,Yes,No,No,Yes,Yes,Yes,No,No,Yes,No,86.06,5252.24,No
59,Two year,DSL,Mailed check,0,Yes,Yes,Yes,Yes,Yes,No,Yes,Yes,No,Yes,71.78,4071.26,No
29,One year,Fiber optic,Credit card,1,No,Yes,No,Yes,Yes,No,Yes,No,No,No,80.62,2405.88,No
3,Month-to-month,DSL,Mailed check,0,Yes,No,No,Yes,Yes,Yes,Yes,No,Yes,No,66.26,198.4,Yes
22,Month-to-month,No,Electronic check,0,No,Yes,No,Yes,No internet service,No internet service,No internet service,No internet service,No internet service,No internet service,22.16,484.66,Yes
52,Two year,DSL,Bank transfer,1,No,No,Yes,Yes,Yes,Yes,Yes,No,Yes,No,72.88,3644.83,No
31,Month-to-month,Fiber optic,Mailed check,0,Yes,No,No,Yes,No,No,No,No,No,Yes,70.91,2258.77,No
0,Month-to-month,DSL,Bank transfer,0,Yes,No,No,No,No,No,No,Yes,No,Yes,57.17,57.74,Yes
51,Two year,Fiber optic,Mailed check,0,Yes,No,Yes,Yes,No,No,No,No,No,No,64.0,3398.68,No
72,Two year,No,Credit card,0,No,No,Yes,No,No internet service,No internet service,No internet service,No internet service,No internet service,No internet service,22.39,1593.68,No
27,Month-to-month,Fiber optic,Credit card,0,Yes,No,Yes,Yes,No,Yes,No,No,No,Yes,81.51,2283.41,No
22,One year,No,Electronic check,0,No,Yes,Yes,Yes,No internet service,No internet service,No internet service,No internet service,No internet service,No internet service,20.63,437.27,No
0,Month-to-month,DSL,Mailed check,0,Yes,Yes,No,Yes,Yes,No,Yes,No,Yes,Yes,73.97,73.71,Yes
37,One year,Fiber optic,Bank transfer,0,No,No,No,Yes,No,No,Yes,No,Yes,Yes,84.63,2982.98,No
31,Month-to-month,DSL,Electronic check,0,Yes,No,Yes,Yes,No,No,No,Yes,No,Yes,55.81,1766.24,No
26,Month-to-month,Fiber optic,Credit card,0,No,No,No,Yes,No,No,No,No,Yes,No,72.34,1855.11,Yes
40,One year,DSL,Bank transfer,0,No,No,No,Yes,Yes,No,Yes,No,Yes,No,62.2,2502.03,No
28,Month-to-month,No,Electronic check,1,Yes,No,Yes,Yes,No internet service,No internet service,No internet service,No internet service,No internet service,No internet service,22.41,618.34,Yes
42,One year,No,Credit card,0,Yes,No,No,Yes,No internet service,No internet service,No internet service,No internet service,No internet service,No internet service,19.59,821.08,No
28,Month-to-month,Fiber optic,Mailed check,0,Yes,No,Yes,No,No,No,No,No,No,Yes,69.56,1892.35,Yes
69,Two year,DSL,Electronic check,0,No,No,Yes,Yes,No,No,No,Yes,No,Yes,53.64,3643.07,No
47,Two year,No,Electronic check,1,No,No,Yes,No,No internet service,No internet service,No internet service,No internet service,No internet service,No internet service,21.87,1046.39,No
4,Month-to-month,No,Bank transfer,1,Yes,Yes,No,Yes,No internet service,No internet service,No internet service,No internet service,No internet service,No internet service,22.33,87.39,No
66,Two year,Fiber optic,Credit card,0,No,No,No,Yes,No,No,No,No,Yes,Yes,81.59,5608.93,No
10,Month-to-month,Fiber optic,Mailed check,0,Yes,Yes,No,Yes,No,No,No,Yes,No,Yes,76.89,784.24,No
0,Month-to-month,No,Electronic check,0,No,No,Yes,Yes,No internet service,No internet service,No internet service,No internet service,No internet service,No internet service,18.06,17.54,Yes
41,Month-to-month,Fiber optic,Electronic check,0,No,No,No,Yes,Yes,Yes,Yes,Yes,No,Yes,97.72,4196.31,No
58,Two year,Fiber optic,Bank transfer,0,No,No,Yes,Yes,No,Yes,No,Yes,No,Yes,83.61,5075.31,No
57,Two year,DSL,Mailed check,0,No,Yes,Yes,Yes,Yes,Yes,Yes,Yes,No,Yes,75.5,4265.87,No
51,Two year,Fiber optic,Mailed check,0,Yes,Yes,Yes,Yes,Yes,No,Yes,No,No,No,72.74,3616.72,No
67,Two year,No,Electronic check,0,No,No,Yes,Yes,No internet service,No internet service,No internet service,No internet service,No internet service,No internet service,20.02,1362.35,No
33,Two year,Fiber optic,Mailed check,1,Yes,Yes,No,No,No,No,No,No,Yes,No,73.5,2451.49,No
18,Month-to-month,DSL,Bank transfer,0,Yes,No,No,No,No,No,No,Yes,No,No,48.95,919.78,Yes
59,Two year,No,Mailed check,1,No,No,No,Yes,No internet service,No internet service,No internet service,No internet service,No internet service,No internet service,20.08,1173.94,No
47,One year,No,Electronic check,0,No,Yes,No,Yes,No internet service,No internet service,No internet service,No internet service,No internet service,No internet service,22.22,1068.69,Yes
0,Month-to-month,No,Mailed check,0,No,No,No,Yes,No internet service,No internet service,No internet service,No internet service,No internet service,No internet service,18.0,18.63,Yes
48,One year,No,Mailed check,1,No,Yes,No,Yes,No internet service,No internet service,No internet service,No internet service,No internet service,No internet service,20.78,1016.55,No
11,Month-to-month,Fiber optic,Mailed check,0,No,No,No,Yes,No,No,No,Yes,Yes,Yes,79.73,869.69,No
8,Month-to-month,No,Electronic check,0,No,Yes,Yes,No,No internet service,No internet service,No internet service,No internet service,No internet service,No internet service,18.0,147.66,No
0,Month-to-month,No,Electronic check,0,No,Yes,Yes,Yes,No internet service,No internet service,No internet service,No internet service,No internet service,No internet service,23.4,24.53,No
54,Month-to-month,DSL,Mailed check,0,Yes,Yes,Yes,Yes,No,No,No,No,No,No,43.53,2300.28,No
16,Month-to-month,Fiber optic,Electronic check,0,Yes,No,Yes,Yes,No,Yes,Yes,No,Yes,No,85.04,1391.82,No
58,Two year,Fiber optic,Bank transfer,0,No,No,No,Yes,No,Yes,No,No,No,No,66.17,3916.97,No
21,One year,DSL,Mailed check,0,No,No,No,Yes,Yes,Yes,No,No,No,Yes,63.41,1313.97,No
0,Month-to-month,DSL,Electronic check,0,No,No,No,Yes,Yes,No,No,No,Yes,No,62.19,60.11,Yes
31,Month-to-month,Fiber optic,Bank transfer,0,No,No,Yes,Yes,Yes,No,No,Yes,No,Yes,88.16,2725.54,Yes
0,Month-to-month,Fiber optic,Mailed check,0,No,No,Yes,Yes,No,Yes,No,No,Yes,Yes,86.21,87.05,Yes
39,Month-to-month,DSL,Electronic check,0,No,No,No,Yes,Yes,No,No,No,No,No,51.03,1952.96,No
72,Two year,Fiber optic,Credit card,0,No,No,No,Yes,Yes,No,No,No,Yes,No,79.29,5706.31,No
6,Month-to-month,No,Mailed check,0,No,Yes,Yes,Yes,No internet service,No internet service,No internet service,No internet service,No internet service,No internet service,20.47,123.36,No
31,One year,Fiber optic,Credit card,1,No,No,No,Yes,No,No,Yes,Yes,Yes,Yes,89.7,2813.83,Yes
0,One year,Fiber optic,Electronic check,0,Yes,No,No,Yes,Yes,No,No,Yes,No,No,73.04,74.17,No
10,One year,Fiber optic,Credit card,0,No,Yes,Yes,Yes,No,No,No,No,Yes,No,67.13,695.36,No
64,Two year,No,Credit card,0,No,No,Yes,Yes,No internet service,No internet service,No internet service,No internet service,No internet service,No internet service,18.0,1098.36,No
38,Month-to-month,No,Electronic check,0,No,Yes,No,Yes,No internet service,No internet service,No internet service,No internet service,No internet service,No internet service,19.97,764.01,No
41,Two year,Fiber optic,Mailed check,0,Yes,No,No,Yes,No,Yes,Yes,Yes,No,Yes,90.25,3648.72,No
28,One year,Fiber optic,Bank transfer,0,No,No,No,Yes,No,Yes,No,No,No,Yes,78.47,2090.24,No
29,Two year,DSL,Mailed check,0,No,Yes,No,Yes,No,Yes,No,Yes,Yes,No,65.14,1889.49,No
20,One year,Fiber optic,Mailed check,0,No,Yes,No,No,No,No,No,No,Yes,No,67.08,1317.13,No
72,Two year,DSL,Credit card,0,No,No,Yes,Yes,No,No,Yes,No,No,Yes,57.97,4348.14,No
59,Two year,Fiber optic,Bank transfer,0,No,No,Yes,Yes,No,Yes,No,No,Yes,Yes,83.2,4690.8,No
0,Month-to-month,DSL,Credit card,0,No,No,No,Yes,Yes,Yes,No,Yes,Yes,Yes,76.87,73.81,Yes
63,Two year,Fiber optic,Credit card,0,Yes,No,Yes,Yes,No,Yes,No,No,Yes,Yes,89.52,5919.88,No
72,One year,DSL,Credit card,0,No,Yes,Yes,Yes,No,Yes,Yes,No,No,Yes,66.39,4653.37,No
12,Month-to-month,Fiber optic,Bank transfer,1,Yes,Yes,No,Yes,No,No,No,No,No,No,65.05,747.88,No
43,Two year,Fiber optic,Bank transfer,0,No,No,No,Yes,Yes,No,Yes,No,No,No,75.3,3104.82,No
27,Month-to-month,Fiber optic,Credit card,0,Yes,No,Yes,Yes,No,No,No,Yes,No,No,72.08,1895.71,Yes
54,One year,Fiber optic,Bank transfer,0,No,No,Yes,Yes,No,Yes,No,Yes,No,Yes,91.98,5213.35,No
31,Month-to-month,Fiber optic,Electronic check,1,No,No,No,Yes,No,No,Yes,Yes,Yes,No,78.91,2343.25,Yes
13,Month-to-month,No,Bank transfer,0,Yes,No,Yes,Yes,No internet service,No internet service,No internet service,No internet service,No internet service,No internet service,20.05,267.56,No
47,Two year,Fiber optic,Electronic check,0,No,Yes,Yes,Yes,No,No,Yes,Yes,Yes,Yes,89.95,4088.18,No
0,Month-to-month,Fiber optic,Credit card,0,No,Yes,No,Yes,No,Yes,Yes,Yes,No,No,89.76,87.12,Yes
0,Month-to-month,Fiber optic,Bank transfer,0,No,No,No,Yes,Yes,No,Yes,No,No,Yes,85.51,83.48,No
24,Month-to-month,DSL,Mailed check,0,No,No,Yes,Yes,No,No,No,Yes,Yes,Yes,62.65,1502.69,Yes
9,Month-to-month,No,Electronic check,0,No,Yes,No,Yes,No internet service,No internet service,No internet service,No internet service,No internet service,No internet service,24.3,207.95,Yes
58,Two year,No,Mailed check,0,Yes,No,Yes,Yes,No internet service,No internet service,No internet service,No internet service,No internet service,No internet service,21.71,1243.78,No
50,Two year,DSL,Mailed check,0,No,No,Yes,Yes,No,No,No,Yes,No,No,51.81,2550.33,No
19,Month-to-month,No,Bank transfer,0,No,No,No,Yes,No internet service,No internet service,No internet service,No internet service,No internet service,No internet service,19.85,371.5,No
38,One year,Fiber optic,Bank transfer,0,No,Yes,Yes,Yes,Yes,No,No,No,Yes,No,78.33,3009.5,No
30,Month-to-month,No,Mailed check,0,Yes,No,No,Yes,No internet service,No internet service,No internet service,No internet service,No internet service,No internet service,18.39,541.43,No
52,One year,No,Electronic check,0,No,No,Yes,Yes,No internet service,No internet service,No internet service,No internet service,No internet service,No internet service,21.76,1110.93,No
18,Month-to-month,Fiber optic,Mailed check,0,Yes,No,Yes,Yes,Yes,No,No,Yes,No,No,82.08,1447.39,No
15,Month-to-month,DSL,Mailed check,0,No,Yes,Yes,Yes,Yes,No,Yes,Yes,Yes,No,70.24,1024.48,No
17,Month-to-month,Fiber optic,Credit card,0,Yes,No,Yes,Yes,No,Yes,No,No,No,Yes,72.59,1199.87,No
25,One year,Fiber optic,Credit card,0,Yes,No,No,Yes,Yes,Yes,No,No,No,No,76.58,1859.26,Yes
35,Month-to-month,No,Bank transfer,0,Yes,Yes,No,No,No internet service,No internet service,No internet service,No internet service,No internet service,No internet service,21.36,726.57,No
9,Month-to-month,Fiber optic,Electronic check,0,No,No,No,No,No,No,Yes,No,No,Yes,77.37,709.82,Yes
51,Two year,DSL,Electronic check,0,No,Yes,Yes,Yes,Yes,Yes,No,No,Yes,No,69.54,3448.97,No
41,One year,No,Credit card,0,No,No,Yes,Yes,No internet service,No internet service,No internet service,No internet service,No internet service,No internet service,18.48,791.73,Yes
23,Month-to-month,DSL,Credit card,0,Yes,No,Yes,Yes,No,No,Yes,Yes,Yes,Yes,75.58,1759.88,No
58,Two year,Fiber optic,Electronic check,1,No,Yes,No,No,No,Yes,No,No,Yes,No,75.62,4585.23,No
52,Two year,DSL,Bank transfer,0,Yes,No,No,No,No,No,No,Yes,No,No,49.01,2494.87,No
44,Month-to-month,No,Mailed check,0,Yes,No,No,Yes,No internet service,No internet service,No internet service,No internet service,No internet service,No internet service,22.63,997.99,No
39,One year,Fiber optic,Electronic check,0,No,Yes,Yes,Yes,Yes,Yes,No,No,Yes,Yes,87.85,3589.32,No
14,Month-to-month,Fiber optic,Credit card,0,No,Yes,No,Yes,Yes,No,Yes,Yes,No,Yes,92.91,1346.17,Yes
67,One year,DSL,Credit card,0,No,Yes,Yes,Yes,Yes,Yes,Yes,No,Yes,No,69.95,4515.61,No
6,Month-to-month,No,Credit card,0,Yes,No,Yes,Yes,No internet service,No internet service,No internet service,No internet service,No internet service,No internet service,21.7,129.23,No
67,One year,Fiber optic,Electronic check,0,No,No,Yes,Yes,No,Yes,Yes,No,Yes,Yes,88.96,5786.28,No
0,Month-to-month,Fiber optic,Mailed check,0,Yes,No,Yes,Yes,Yes,Yes,No,Yes,Yes,No,90.81,93.59,No
12,Month-to-month,No,Credit card,0,No,Yes,Yes,Yes,No internet service,No internet service,No internet service,No internet service,No internet service,No internet service,24.35,290.48,No
27,Two year,Fiber optic,Bank transfer,0,Yes,No,Yes,Yes,No,No,No,Yes,Yes,No,76.42,2139.26,No
0,Month-to-month,Fiber optic,Mailed check,0,No,No,No,Yes,No,Yes,No,No,No,Yes,80.69,82.57,Yes
61,Two year,DSL,Mailed check,0,Yes,No,Yes,Yes,Yes,No,Yes,No,No,No,56.5,3417.82,No
59,Two year,Fiber optic,Electronic check,0,Yes,Yes,Yes,Yes,No,No,No,No,No,No,66.03,3834.03,No
44,Two year,Fiber optic,Bank transfer,0,Yes,Yes,Yes,Yes,No,Yes,No,No,No,No,73.58,3381.83,Yes
44,Month-to-month,DSL,Credit card,1,No,No,Yes,Yes,Yes,Yes,No,No,Yes,No,70.53,3143.78,No
72,Two year,DSL,Electronic check,0,Yes,No,Yes,Yes,Yes,No,No,No,Yes,Yes,65.4,4772.31,No
17,Month-to-month,DSL,Electronic check,0,No,Yes,Yes,Yes,Yes,Yes,Yes,Yes,No,No,72.53,1203.72,Yes
0,Month-to-month,Fiber optic,Mailed check,0,Yes,No,Yes,Yes,No,No,No,No,Yes,Yes,77.39,78.24,Yes
69,Two year,DSL,Mailed check,0,Yes,No,No,Yes,Yes,No,No,No,No,Yes,60.58,4207.68,No
30,One year,DSL,Mailed check,0,No,No,Yes,Yes,No,No,No,No,No,No,47.0,1360.13,No
23,Month-to-month,No,Electronic check,0,Yes,No,No,Yes,No internet service,No internet service,No internet service,No internet service,No internet service,No internet service,19.36,429.06,Yes
31,Month-to-month,No,Bank transfer,0,No,Yes,Yes,Yes,No internet service,No internet service,No internet service,No internet service,No internet service,No internet service,21.07,657.18,No
48,Two year,DSL,Electronic check,0,No,No,No,Yes,No,Yes,No,Yes,No,No,64.64,3203.64,No
58,One year,No,Bank transfer,0,No,Yes,Yes,Yes,No internet service,No internet service,No internet service,No internet service,No internet service,No internet service,20.67,1178.48,No
12,Month-to-month,No,Mailed check,0,No,Yes,No,Yes,No internet service,No internet service,No internet service,No internet service,No internet service,No internet service,19.76,237.8,No
63,Two year,Fiber optic,Mailed check,0,Yes,No,Yes,Yes,No,No,No,Yes,Yes,No,82.37,5115.35,No
30,Month-to-month,No,Bank transfer,0,Yes,No,No,No,No internet service,No internet service,No internet service,No internet service,No internet service,No internet service,19.87,597.26,No
33,Month-to-month,No,Bank transfer,0,Yes,Yes,Yes,Yes,No internet service,No internet service,No internet service,No internet service,No internet service,No internet service,20.77,713.43,Yes
66,One year,Fiber optic,Bank transfer,0,No,Yes,No,No,Yes,No,No,Yes,Yes,No,84.41,5752.7,No
41,Two year,Fiber optic,Mailed check,0,Yes,Yes,Yes,Yes,No,No,Yes,Yes,No,No,79.47,3388.62,No
0,Month-to-month,DSL,Mailed check,0,Yes,No,Yes,Yes,Yes,Yes,No,No,Yes,No,61.82,60.26,Yes
13,Month-to-month,Fiber optic,Mailed check,0,No,No,Yes,Yes,No,Yes,No,No,Yes,No,81.47,1063.44,No
67,Month-to-month,DSL,Mailed check,0,No,Yes,Yes,Yes,No,No,Yes,Yes,Yes,Yes,66.7,4269.79,No
72,Two year,DSL,Mailed check,1,No,No,Yes,Yes,No,No,No,Yes,Yes,No,52.62,3617.37,No
9,Month-to-month,Fiber optic,Mailed check,0,Yes,No,Yes,Yes,No,Yes,Yes,Yes,Yes,No,88.63,775.08,No
12,Month-to-month,Fiber optic,Electronic check,0,No,No,Yes,Yes,No,No,Yes,No,No,No,69.14,791.62,Yes
54,Two year,No,Bank transfer,0,No,Yes,No,Yes,No internet service,No internet service,No internet service,No internet service,No internet service,No internet service,21.39,1129.04,No
22,Month-to-month,Fiber optic,Electronic check,0,No,Yes,Yes,Yes,Yes,Yes,No,No,Yes,No,83.67,1857.69,Yes
48,One year,DSL,Credit card,0,Yes,No,No,Yes,No,No,No,No,No,Yes,52.41,2591.38,No
29,Month-to-month,Fiber optic,Bank transfer,0,Yes,No,No,No,No,No,Yes,No,No,No,74.1,2043.52,Yes
72,Two year,DSL,Electronic check,0,Yes,No,Yes,Yes,No,No,No,No,Yes,Yes,61.5,4243.41,No
50,Month-to-month,DSL,Bank transfer,0,No,Yes,No,Yes,No,No,Yes,No,No,Yes,62.62,3021.24,No
16,Month-to-month,Fiber optic,Mailed check,0,Yes,No,Yes,Yes,No,Yes,No,No,Yes,Yes,79.25,1319.09,Yes
15,Month-to-month,DSL,Credit card,0,Yes,No,Yes,Yes,No,No,No,No,Yes,Yes,59.65,866.72,No
32,One year,DSL,Credit card,0,Yes,No,No,No,No,No,Yes,No,Yes,Yes,57.18,1902.26,No
50,Two year,Fiber optic,Credit card,0,No,No,No,Yes,No,No,Yes,No,No,No,73.47,3789.49,No
24,Month-to-month,Fiber optic,Mailed check,0,Yes,Yes,Yes,Yes,No,Yes,No,Yes,No,Yes,84.72,1992.53,No
28,Month-to-month,DSL,Credit card,0,Yes,Yes,Yes,Yes,Yes,No,No,No,No,No,46.81,1336.9,No
72,Two year,DSL,Bank transfer,0,No,No,Yes,No,No,No,Yes,No,Yes,Yes,62.57,4598.87,No
7,Month-to-month,DSL,Credit card,1,No,No,Yes,Yes,No,No,No,No,No,Yes,47.88,345.65,Yes
24,Month-to-month,DSL,Electronic check,0,No,Yes,No,Yes,No,No,No,Yes,Yes,Yes,65.26,1515.67,Yes
25,One year,Fiber optic,Credit card,0,No,Yes,No,Yes,No,Yes,No,No,No,Yes,74.83,1817.36,Yes
24,Month-to-month,Fiber optic,Bank transfer,1,Yes,Yes,Yes,Yes,No,Yes,Yes,No,Yes,Yes,89.52,2120.29,No
61,Month-to-month,DSL,Electronic check,0,Yes,No,Yes,Yes,No,No,Yes,No,No,No,52.56,3244.12,No
16,Month-to-month,DSL,Credit card,1,Yes,No,Yes,Yes,Yes,No,No,No,No,No,51.07,830.17,Yes
57,Month-to-month,No,Bank transfer,0,Yes,No,No,Yes,No internet service,No internet service,No internet service,No internet service,No internet service,No internet service,20.5,1138.55,No
5,Month-to-month,Fiber optic,Credit card,0,Yes,No,Yes,Yes,No,No,Yes,No,No,Yes,77.22,381.23,Yes
31,One year,DSL,Electronic check,0,No,No,No,Yes,No,No,Yes,No,Yes,Yes,65.62,2093.37,No
33,One year,DSL,Mailed check,0,Yes,No,No,Yes,No,No,No,No,Yes,No,46.91,1540.5,No
21,Month-to-month,Fiber optic,Bank transfer,0,No,No,Yes,Yes,Yes,Yes,No,No,Yes,No,84.56,1793.88,Yes
52,Two year,DSL,Electronic check,0,Yes,No,Yes,Yes,No,No,No,No,Yes,No,52.33,2805.94,No
30,Month-to-month,DSL,Bank transfer,0,No,No,No,Yes,Yes,Yes,No,No,No,No,56.33,1640.07,No
10,Two year,Fiber optic,Bank transfer,1,No,No,No,Yes,Yes,No,Yes,Yes,Yes,Yes,98.78,956.94,No
2,Month-to-month,Fiber optic,Electronic check,0,Yes,Yes,Yes,Yes,Yes,No,No,Yes,No,No,73.83,146.9,No
72,Two year,Fiber optic,Bank transfer,0,Yes,Yes,Yes,Yes,Yes,No,Yes,No,No,No,81.19,5596.69,No
0,Month-to-month,No,Electronic check,1,No,Yes,Yes,Yes,No internet service,No internet service,No internet service,No internet service,No internet service,No internet service,18.0,18.05,No
12,Month-to-month,Fiber optic,Credit card,0,No,Yes,Yes,Yes,No,No,No,Yes,No,No,73.02,889.89,Yes
28,Month-to-month,Fiber optic,Credit card,0,Yes,No,No,Yes,No,Yes,No,No,No,No,71.6,2015.18,No
17,Month-to-month,Fiber optic,Mailed check,0,Yes,No,Yes,Yes,No,No,No,No,Yes,Yes,73.98,1301.71,Yes
4,Month-to-month,Fiber optic,Mailed check,1,No,Yes,No,Yes,No,Yes,No,No,No,No,71.31,278.51,No
45,One year,Fiber optic,Mailed check,0,No,No,Yes,Yes,No,No,No,Yes,Yes,Yes,82.95,3657.53,No
67,Two year,DSL,Mailed check,0,No,Yes,No,Yes,No,No,Yes,No,Yes,No,62.81,4033.92,No
8,Month-to-month,Fiber optic,Credit card,0,Yes,Yes,No,Yes,No,No,Yes,No,No,Yes,76.66,587.05,Yes
61,Two year,Fiber optic,Electronic check,0,No,Yes,Yes,Yes,Yes,No,No,Yes,Yes,Yes,82.71,5062.18,No
68,Two year,Fiber optic,Mailed check,0,No,No,No,Yes,No,No,No,Yes,Yes,Yes,89.2,5816.8,No
71,Two year,Fiber optic,Electronic check,0,Yes,No,No,Yes,No,Yes,Yes,No,Yes,Yes,86.61,6116.42,No
44,One year,Fiber optic,Bank transfer,0,No,Yes,No,Yes,No,No,Yes,No,Yes,No,76.87,3287.3,No
65,One year,DSL,Credit card,0,Yes,Yes,Yes,Yes,Yes,No,No,No,Yes,No,56.5,3738.49,No
19,Month-to-month,DSL,Electronic check,0,Yes,No,No,Yes,No,No,No,Yes,No,Yes,56.41,1068.36,No
22,One year,DSL,Electronic check,0,No,No,Yes,Yes,Yes,No,No,Yes,No,No,58.83,1290.93,Yes
51,Two year,Fiber optic,Electronic check,0,No,No,Yes,Yes,No,Yes,No,No,Yes,No,76.13,4043.08,No
37,Month-to-month,No,Electronic check,0,No,No,No,Yes,No internet service,No internet service,No internet service,No internet service,No internet service,No internet service,20.53,769.51,No
4,Month-to-month,DSL,Mailed check,0,No,No,No,No,No,No,No,Yes,No,Yes,58.36,230.2,No
0,Month-to-month,Fiber optic,Bank transfer,0,Yes,Yes,Yes,Yes,No,Yes,Yes,No,No,Yes,90.51,92.8,Yes
61,Two year,DSL,Mailed check,0,Yes,No,Yes,Yes,No,No,No,Yes,No,Yes,56.33,3497.98,No
11,Month-to-month,DSL,Electronic check,0,No,No,No,Yes,No,No,Yes,Yes,Yes,Yes,70.72,802.54,No
72,One year,Fiber optic,Bank transfer,1,Yes,No,Yes,No,Yes,No,No,Yes,No,Yes,83.72,6164.22,No
58,Two year,Fiber optic,Credit card,1,No,Yes,Yes,Yes,No,Yes,Yes,Yes,No,No,85.76,4846.22,No
72,Two year,DSL,Mailed check,0,Yes,Yes,Yes,No,No,Yes,No,Yes,Yes,Yes,72.59,5451.04,No
10,Month-to-month,Fiber optic,Electronic check,0,Yes,No,Yes,Yes,No,Yes,No,No,Yes,Yes,87.49,856.97,Yes
64,Two year,No,Bank transfer,0,Yes,No,Yes,Yes,No internet service,No internet service,No internet service,No internet service,No internet service,No internet service,19.22,1269.96,No
60,Two year,Fiber optic,Electronic check,0,No,No,No,Yes,No,No,No,No,Yes,Yes,75.28,4738.64,No
40,Month-to-month,Fiber optic,Credit card,0,Yes,No,Yes,Yes,No,No,Yes,Yes,Yes,Yes,90.04,3606.75,No
41,One year,Fiber optic,Credit card,1,No,No,No,Yes,No,No,No,Yes,No,Yes,78.1,3267.5,No
10,Month-to-month,Fiber optic,Credit card,1,Yes,No,Yes,Yes,No,No,No,Yes,No,No,74.45,777.8,No
55,One year,No,Electronic check,0,No,No,No,Yes,No internet service,No internet service,No internet service,No internet service,No internet service,No internet service,19.57,1092.99,No
7,Month-to-month,No,Electronic check,0,No,No,Yes,Yes,No internet service,No internet service,No internet service,No internet service,No internet service,No internet service,18.85,130.48,Yes
5,Month-to-month,No,Credit card,0,No,No,No,Yes,No internet service,No internet service,No internet service,No internet service,No internet service,No internet service,23.1,111.98,No
17,Month-to-month,DSL,Mailed check,0,No,No,No,Yes,No,Yes,No,Yes,Yes,No,68.02,1138.31,No
13,Month-to-month,DSL,Mailed check,1,No,No,No,Yes,No,No,Yes,Yes,No,Yes,66.0,851.61,No
18,Month-to-month,Fiber optic,Bank transfer,1,No,Yes,Yes,Yes,No,No,No,Yes,Yes,No,75.49,1320.67,Yes
27,One year,Fiber optic,Electronic check,1,Yes,No,No,Yes,No,Yes,No,Yes,Yes,Yes,87.06,2383.46,Yes
36,Month-to-month,No,Bank transfer,0,Yes,No,Yes,No,No internet service,No internet service,No internet service,No internet service,No internet service,No internet service,18.0,638.49,No
36,Month-to-month,DSL,Credit card,0,No,No,Yes,Yes,No,No,Yes,Yes,Yes,No,58.21,2071.28,Yes
51,One year,DSL,Bank transfer,0,No,No,No,Yes,No,No,No,No,Yes,Yes,55.1,2869.3,No
50,One year,DSL,Mailed check,1,No,No,Yes,Yes,No,No,Yes,Yes,No,Yes,67.11,3381.54,No
0,Month-to-month,No,Credit card,0,No,Yes,Yes,Yes,No internet service,No internet service,No internet service,No internet service,No internet service,No internet service,19.61,19.5,No
56,Two year,Fiber optic,Bank transfer,0,Yes,No,No,Yes,No,Yes,No,No,Yes,No,74.22,4047.67,No
32,Month-to-month,DSL,Electronic check,0,Yes,No,Yes,Yes,Yes,No,No,Yes,No,No,55.03,1793.51,Yes
72,Two year,DSL,Bank transfer,0,No,No,No,Yes,No,No,Yes,No,No,No,52.6,3825.69,No
15,Month-to-month,No,Electronic check,0,No,No,Yes,Yes,No internet service,No internet service,No internet service,No internet service,No internet service,No internet service,21.41,334.88,Yes
59,One year,Fiber optic,Electronic check,0,No,No,Yes,Yes,Yes,No,No,Yes,Yes,No,84.47,4960.82,Yes
59,Two year,Fiber optic,Bank transfer,0,No,Yes,Yes,Yes,No,Yes,No,Yes,No,No,74.99,4300.45,No
13,Two year,DSL,Electronic check,0,Yes,No,Yes,Yes,No,No,No,Yes,No,No,51.45,637.73,No
36,One year,No,Electronic check,0,Yes,No,No,Yes,No internet service,No internet service,No internet service,No internet service,No internet service,No internet service,23.5,864.96,No
25,One year,No,Bank transfer,0,Yes,Yes,No,Yes,No internet service,No internet service,No internet service,No internet service,No internet service,No internet service,20.44,492.63,No
8,Month-to-month,DSL,Electronic check,0,Yes,No,Yes,Yes,Yes,No,Yes,No,Yes,Yes,70.78,550.71,Yes
55,One year,Fiber optic,Mailed check,1,No,No,No,No,No,No,Yes,No,Yes,No,79.64,4553.59,No
59,Two year,Fiber optic,Electronic check,1,No,No,Yes,Yes,No,No,Yes,No,No,No,70.73,4224.44,No
46,Two year,DSL,Bank transfer,0,No,No,No,Yes,Yes,Yes,No,No,No,Yes,63.14,2912.91,No
7,Month-to-month,Fiber optic,Credit card,0,No,Yes,Yes,Yes,No,No,Yes,No,Yes,Yes,82.36,588.4,Yes
25,Month-to-month,DSL,Electronic check,0,Yes,No,Yes,Yes,Yes,Yes,No,No,No,No,57.82,1453.26,No
35,One year,No,Bank transfer,0,No,No,Yes,Yes,No internet service,No internet service,No internet service,No internet service,No internet service,No internet service,25.86,868.32,No
29,Month-to-month,Fiber optic,Electronic check,0,Yes,No,No,Yes,No,No,No,No,No,No,63.08,1828.16,Yes
5,Month-to-month,Fiber optic,Electronic check,0,Yes,Yes,Yes,Yes,No,No,Yes,Yes,Yes,Yes,92.0,464.52,Yes
12,Month-to-month,Fiber optic,Mailed check,0,No,Yes,Yes,Yes,No,Yes,No,No,No,No,71.68,850.02,Yes
20,One year,Fiber optic,Electronic check,0,Yes,No,No,Yes,No,Yes,No,No,Yes,Yes,83.16,1614.64,Yes
9,Month-to-month,DSL,Electronic check,0,Yes,Yes,Yes,Yes,No,No,No,No,No,Yes,49.01,446.47,Yes
53,Month-to-month,Fiber optic,Bank transfer,0,No,No,Yes,Yes,Yes,No,No,No,Yes,No,78.42,4017.7,No
6,Month-to-month,Fiber optic,Credit card,0,No,Yes,Yes,Yes,No,No,No,Yes,Yes,No,76.77,476.9,Yes
46,Two year,Fiber optic,Credit card,0,Yes,No,Yes,Yes,Yes,Yes,Yes,No,Yes,Yes,96.52,4317.82,No
25,One year,Fiber optic,Credit card,0,No,No,Yes,Yes,No,No,No,No,No,Yes,73.12,1865.96,Yes
15,Month-to-month,DSL,Mailed check,0,Yes,No,No,Yes,No,Yes,Yes,No,Yes,No,66.02,1025.25,No
17,Month-to-month,DSL,Electronic check,0,No,No,Yes,Yes,Yes,Yes,No,Yes,No,No,63.82,1121.23,No
57,One year,DSL,Electronic check,0,No,No,No,Yes,Yes,Yes,No,No,Yes,No,59.8,3455.01,No
12,Month-to-month,DSL,Mailed check,0,No,No,Yes,Yes,No,No,No,No,No,Yes,49.93,575.46,No
40,One year,Fiber optic,Credit card,0,No,No,No,Yes,Yes,No,No,Yes,Yes,Yes,87.23,3335.66,Yes
0,Month-to-month,DSL,Electronic check,0,Yes,No,Yes,Yes,No,Yes,Yes,No,No,No,61.29,63.13,No
40,Two year,Fiber optic,Electronic check,0,Yes,No,Yes,Yes,No,Yes,No,No,Yes,No,81.39,3201.85,No
35,Month-to-month,No,Mailed check,0,No,No,No,Yes,No internet service,No internet service,No internet service,No internet service,No internet service,No internet service,21.37,723.81,No
24,One year,Fiber optic,Credit card,0,Yes,No,Yes,Yes,No,Yes,No,Yes,No,Yes,82.81,1891.97,No
30,Month-to-month,Fiber optic,Mailed check,0,Yes,No,Yes,No,No,No,Yes,No,No,No,71.25,2175.03,No
39,Two year,Fiber optic,Bank transfer,0,Yes,Yes,No,Yes,No,Yes,Yes,No,No,Yes,81.89,3326.56,No
51,Two year,No,Mailed check,1,Yes,No,Yes,Yes,No internet service,No internet service,No internet service,No internet service,No internet service,No internet service,19.21,1007.0,No
65,One year,Fiber optic,Mailed check,0,Yes,No,Yes,Yes,Yes,No,No,Yes,Yes,No,87.58,5905.26,No
30,Month-to-month,No,Mailed check,0,No,Yes,No,Yes,No internet service,No internet service,No internet service,No internet service,No internet service,No internet service,18.6,532.38,No
0,Month-to-month,Fiber optic,Bank transfer,0,No,Yes,No,Yes,No,No,No,No,Yes,No,75.97,76.95,No
72,Two year,No,Bank transfer,0,No,No,No,Yes,No internet service,No internet service,No internet service,No internet service,No internet service,No internet service,18.82,1326.85,No
21,One year,DSL,Mailed check,0,No,Yes,No,Yes,No,No,Yes,No,No,Yes,63.48,1316.83,No
48,Month-to-month,Fiber optic,Electronic check,0,No,No,No,Yes,Yes,Yes,Yes,No,No,Yes,90.55,4138.36,No
11,Month-to-month,Fiber optic,Electronic check,0,No,No,Yes,Yes,No,No,No,No,No,Yes,71.66,811.77,Yes
0,Month-to-month,Fiber optic,Electronic check,0,No,No,Yes,Yes,No,Yes,No,Yes,Yes,No,81.27,78.33,No
47,Two year,No,Electronic check,0,No,Yes,No,Yes,No internet service,No internet service,No internet service,No internet service,No internet service,No internet service,21.02,974.65,No
28,One year,No,Electronic check,0,No,Yes,No,Yes,No internet service,No internet service,No internet service,No internet service,No internet service,No internet service,19.73,529.25,No
29,One year,Fiber optic,Bank transfer,0,No,No,No,Yes,No,No,Yes,No,No,Yes,76.03,2096.08,Yes
39,One year,Fiber optic,Credit card,0,No,No,No,Yes,No,Yes,No,Yes,No,Yes,85.94,3430.73,No
26,Month-to-month,Fiber optic,Bank transfer,0,Yes,No,Yes,Yes,Yes,Yes,Yes,No,No,Yes,88.83,2245.77,No
41,Month-to-month,Fiber optic,Bank transfer,0,No,No,Yes,Yes,No,Yes,No,No,No,No,68.65,2689.98,No
21,Month-to-month,DSL,Credit card,0,Yes,No,Yes,Yes,No,No,Yes,No,Yes,Yes,67.36,1392.28,No
55,Two year,Fiber optic,Credit card,0,Yes,No,No,Yes,Yes,No,Yes,Yes,Yes,No,85.37,4629.63,No
6,Month-to-month,Fiber optic,Electronic check,1,Yes,No,Yes,Yes,No,No,Yes,No,No,No,69.47,436.71,No
14,Month-to-month,No,Electronic check,0,No,Yes,Yes,Yes,No internet service,No internet service,No internet service,No internet service,No internet service,No internet service,21.83,318.99,No
10,Month-to-month,DSL,Electronic check,0,Yes,No,Yes,Yes,No,No,No,No,No,Yes,51.17,529.75,No
0,Month-to-month,DSL,Credit card,0,Yes,No,Yes,Yes,No,No,Yes,Yes,No,No,56.76,54.41,No
72,One year,Fiber optic,Electronic check,1,Yes,No,Yes,Yes,No,Yes,No,Yes,Yes,Yes,94.8,6784.94,No
22,Month-to-month,No,Mailed check,0,No,No,Yes,Yes,No internet service,No internet service,No internet service,No internet service,No internet service,No internet service,21.91,495.4,No
22,Month-to-month,DSL,Mailed check,1,Yes,Yes,Yes,Yes,No,No,Yes,Yes,No,No,61.06,1289.43,Yes
72,Two year,DSL,Bank transfer,0,No,No,Yes,Yes,Yes,Yes,Yes,Yes,No,Yes,81.93,6178.54,No
0,Month-to-month,Fiber optic,Bank transfer,0,No,No,Yes,No,No,No,Yes,Yes,Yes,No,77.05,78.6,Yes
54,Month-to-month,No,Bank transfer,1,No,No,Yes,Yes,No internet service,No internet service,No internet service,No internet service,No internet service,No internet service,23.24,1302.57,Yes
4,Month-to-month,DSL,Bank transfer,0,No,No,Yes,Yes,No,No,Yes,Yes,Yes,No,68.98,284.05,No
40,Two year,No,Credit card,0,Yes,No,No,Yes,No internet service,No internet service,No internet service,No internet service,No internet service,No internet service,24.96,1016.93,No
9,Month-to-month,DSL,Electronic check,0,No,Yes,Yes,No,No,No,No,Yes,Yes,Yes,69.53,602.59,Yes
54,One year,No,Credit card,1,No,No,Yes,Yes,No internet service,No internet service,No internet service,No internet service,No internet service,No internet service,18.28,1021.09,No
72,Two year,DSL,Bank transfer,0,Yes,No,No,Yes,No,No,No,No,Yes,Yes,58.71,4347.73,No
64,One year,No,Electronic check,0,Yes,No,Yes,Yes,No internet service,No internet service,No internet service,No internet service,No internet service,No internet service,21.69,1345.44,No
10,Month-to-month,Fiber optic,Credit card,0,No,No,Yes,Yes,No,No,Yes,No,Yes,Yes,81.08,839.28,Yes
9,One year,Fiber optic,Credit card,0,No,No,No,Yes,Yes,Yes,No,No,No,No,77.16,663.65,Yes
11,Month-to-month,DSL,Credit card,0,No,No,Yes,Yes,No,No,No,No,No,No,43.73,463.57,No
8,Month-to-month,DSL,Credit card,0,No,Yes,No,Yes,No,Yes,No,No,Yes,Yes,64.09,497.63,No
0,Month-to-month,DSL,Mailed check,0,No,No,Yes,No,No,Yes,No,Yes,Yes,No,62.15,62.46,No
27,Month-to-month,DSL,Electronic check,0,No,Yes,No,Yes,No,No,Yes,No,Yes,No,58.4,1607.87,No
18,Month-to-month,DSL,Electronic check,0,Yes,No,No,Yes,No,Yes,Yes,No,No,Yes,65.5,1120.1,No
26,Month-to-month,No,Credit card,0,Yes,No,No,Yes,No internet service,No internet service,No internet service,No internet service,No internet service,No internet service,18.39,465.6,No
30,Month-to-month,Fiber optic,Credit card,1,Yes,No,Yes,Yes,No,No,Yes,Yes,Yes,Yes,90.29,2692.44,Yes
29,Month-to-month,No,Credit card,0,Yes,No,Yes,Yes,No internet service,No internet service,No internet service,No internet service,No internet service,No internet service,18.0,509.73,No
37,One year,Fiber optic,Credit card,0,Yes,No,Yes,Yes,No,Yes,No,Yes,Yes,No,87.26,3171.14,No
72,Two year,DSL,Bank transfer,0,Yes,No,Yes,Yes,No,No,No,No,Yes,Yes,55.78,3983.56,No
10,Month-to-month,No,Electronic check,0,No,No,No,Yes,No internet service,No internet service,No internet service,No internet service,No internet service,No internet service,21.13,221.68,No
28,One year,Fiber optic,Electronic check,0,Yes,No,Yes,Yes,No,No,Yes,No,Yes,No,76.4,2168.72,Yes
14,Month-to-month,Fiber optic,Mailed check,0,No,Yes,Yes,Yes,No,No,No,No,No,Yes,68.13,908.28,No
27,Month-to-month,Fiber optic,Bank transfer,0,No,No,No,Yes,Yes,No,No,Yes,Yes,No,85.3,2221.81,No
29,Month-to-month,DSL,Electronic check,0,Yes,No,Yes,Yes,No,No,Yes,No,Yes,No,53.99,1612.69,No
13,Month-to-month,Fiber optic,Credit card,0,Yes,No,No,Yes,No,Yes,Yes,No,Yes,No,88.76,1099.7,No
13,Month-to-month,Fiber optic,Bank transfer,0,Yes,Yes,Yes,Yes,Yes,No,No,No,No,No,71.13,907.61,No
39,Month-to-month,No,Electronic check,0,No,No,No,Yes,No internet service,No internet service,No internet service,No internet service,No internet service,No internet service,18.72,705.45,No
0,Month-to-month,Fiber optic,Credit card,0,No,No,Yes,Yes,No,No,No,No,No,Yes,70.46,73.4,No
62,Month-to-month,DSL,Bank transfer,0,Yes,Yes,No,Yes,No,No,No,No,No,No,45.46,2846.92,No
13,Month-to-month,DSL,Bank transfer,0,No,No,Yes,Yes,No,No,No,No,No,No,43.23,584.83,Yes
15,Month-to-month,Fiber optic,Mailed check,0,No,Yes,No,Yes,No,No,No,Yes,No,No,70.41,1057.44,Yes
24,Month-to-month,Fiber optic,Mailed check,1,Yes,No,Yes,Yes,No,No,No,No,No,Yes,69.29,1702.22,Yes
27,Month-to-month,No,Electronic check,0,No,No,Yes,Yes,No internet service,No internet service,No internet service,No internet service,No internet service,No internet service,18.57,502.61,Yes
8,Month-to-month,DSL,Mailed check,1,No,Yes,No,Yes,No,No,No,No,Yes,No,44.36,354.52,No
23,Month-to-month,Fiber optic,Bank transfer,0,Yes,No,No,Yes,No,No,No,No,No,No,69.32,1561.78,Yes
3,Month-to-month,No,Credit card,0,No,No,Yes,Yes,No internet service,No internet service,No internet service,No internet service,No internet service,No internet service,19.04,56.61,Yes
8,Month-to-month,DSL,Credit card,1,Yes,No,No,Yes,Yes,No,No,No,No,No,52.11,402.15,No
28,Two year,Fiber optic,Electronic check,0,No,No,Yes,Yes,No,No,No,No,No,No,66.18,1860.1,No
20,Month-to-month,DSL,Credit card,0,No,No,No,Yes,No,No,Yes,Yes,No,No,60.18,1207.4,Yes
15,Month-to-month,DSL,Electronic check,0,Yes,No,No,Yes,Yes,No,No,Yes,No,Yes,64.79,977.86,Yes
0,Month-to-month,Fiber optic,Electronic check,0,No,No,No,Yes,No,Yes,No,No,No,Yes,75.87,75.46,Yes
43,Two year,No,Bank transfer,1,Yes,Yes,Yes,Yes,No internet service,No internet service,No internet service,No internet service,No internet service,No internet service,23.86,1009.02,No
38,One year,Fiber optic,Credit card,0,Yes,No,Yes,Yes,No,No,No,Yes,Yes,No,76.23,2833.51,No
52,One year,Fiber optic,Credit card,0,Yes,No,Yes,Yes,No,No,No,No,No,Yes,70.24,3550.75,Yes
33,Two year,Fiber optic,Credit card,0,No,No,Yes,Yes,No,No,No,Yes,Yes,No,81.07,2732.44,Yes
13,Month-to-month,DSL,Electronic check,0,No,Yes,No,No,No,No,Yes,Yes,No,No,55.82,759.12,Yes
36,Two year,DSL,Electronic check,0,Yes,No,No,Yes,No,No,No,Yes,Yes,Yes,70.8,2656.56,No
30,Month-to-month,No,Electronic check,0,Yes,No,No,Yes,No internet service,No internet service,No internet service,No internet service,No internet service,No internet service,18.23,554.48,Yes
27,One year,Fiber optic,Bank transfer,0,No,No,Yes,Yes,No,Yes,No,No,No,Yes,81.85,2190.43,No
26,Month-to-month,No,Mailed check,0,No,Yes,No,Yes,No internet service,No internet service,No internet service,No internet service,No internet service,No internet service,18.0,479.15,No
12,Month-to-month,DSL,Electronic check,0,Yes,Yes,Yes,Yes,Yes,No,Yes,Yes,Yes,No,68.58,843.07,No
27,Two year,Fiber optic,Mailed check,0,Yes,No,Yes,No,No,Yes,No,No,Yes,No,79.72,2245.22,No
17,Month-to-month,Fiber optic,Mailed check,0,Yes,No,Yes,Yes,Yes,No,No,No,Yes,Yes,85.74,1394.62,Yes
35,Two year,No,Bank transfer,0,Yes,No,Yes,Yes,No internet service,No internet service,No internet service,No internet service,No internet service,No internet service,22.57,792.28,No
36,Month-to-month,Fiber optic,Mailed check,0,No,No,Yes,No,Yes,Yes,No,Yes,No,No,87.91,3064.41,No
67,One year,DSL,Electronic check,0,No,No,No,Yes,No,No,Yes,Yes,No,No,59.57,3798.67,No
64,Two year,DSL,Bank transfer,0,No,Yes,Yes,Yes,No,No,No,Yes,No,Yes,60.11,3980.09,No
8,Month-to-month,Fiber optic,Bank transfer,0,Yes,No,Yes,Yes,No,Yes,Yes,No,No,Yes,81.31,668.05,No
54,Two year,No,Electronic check,0,No,No,Yes,Yes,No internet service,No internet service,No internet service,No internet service,No internet service,No internet service,19.31,1089.81,No
43,One year,No,Electronic check,1,No,No,Yes,No,No internet service,No internet service,No internet service,No internet service,No internet service,No internet service,20.25,907.36,No
55,One year,DSL,Credit card,0,No,No,Yes,Yes,No,No,No,No,Yes,No,53.06,2888.2,No
15,Month-to-month,DSL,Bank transfer,0,Yes,No,No,Yes,No,No,No,Yes,No,No,49.71,736.4,No
25,Month-to-month,DSL,Electronic check,0,Yes,No,Yes,Yes,No,Yes,No,No,No,Yes,54.51,1349.85,No
11,One year,DSL,Mailed check,0,Yes,Yes,Yes,Yes,Yes,No,Yes,Yes,No,No,61.84,713.49,No
22,Month-to-month,Fiber optic,Bank transfer,0,Yes,No,Yes,Yes,No,Yes,Yes,No,Yes,Yes,87.68,1846.97,Yes
4,Month-to-month,DSL,Electronic check,1,No,No,Yes,No,Yes,No,Yes,No,Yes,Yes,66.6,254.34,Yes
19,Month-to-month,Fiber optic,Electronic check,0,No,Yes,Yes,Yes,No,No,No,Yes,No,No,67.83,1306.99,Yes
37,Two year,DSL,Credit card,1,Yes,No,No,Yes,No,No,No,No,No,No,43.3,1581.58,No
25,Month-to-month,DSL,Mailed check,0,No,No,No,Yes,Yes,No,Yes,Yes,Yes,No,67.5,1693.37,No
48,One year,Fiber optic,Electronic check,0,No,Yes,No,Yes,No,No,No,No,Yes,No,72.48,3489.69,Yes
50,Two year,No,Credit card,0,No,Yes,Yes,Yes,No internet service,No internet service,No internet service,No internet service,No internet service,No internet service,19.52,934.37,No
4,Month-to-month,Fiber optic,Mailed check,0,No,No,Yes,Yes,No,No,No,No,No,Yes,73.99,291.25,Yes
27,Month-to-month,Fiber optic,Bank transfer,1,No,No,Yes,Yes,No,Yes,Yes,No,No,Yes,79.11,2103.61,No
63,One year,Fiber optic,Electronic check,0,No,No,No,Yes,Yes,Yes,No,No,No,No,78.48,4946.84,No
49,Month-to-month,DSL,Electronic check,0,Yes,Yes,Yes,Yes,No,Yes,No,No,Yes,No,58.04,2982.02,Yes
44,One year,Fiber optic,Electronic check,1,No,No,Yes,Yes,No,No,Yes,No,No,No,72.73,3081.4,Yes
42,One year,DSL,Credit card,0,Yes,No,No,No,Yes,No,Yes,Yes,No,No,65.49,2858.41,No
17,One year,DSL,Bank transfer,0,No,No,Yes,Yes,No,Yes,No,No,Yes,Yes,59.94,1010.09,No
39,Month-to-month,Fiber optic,Credit card,0,No,No,No,Yes,No,Yes,No,Yes,Yes,Yes,88.68,3568.14,No
1,One year,No,Electronic check,0,Yes,Yes,No,Yes,No internet service,No internet service,No internet service,No internet service,No internet service,No internet service,22.6,21.9,No
57,One year,Fiber optic,Bank transfer,1,Yes,No,Yes,No,No,Yes,Yes,No,No,No,70.08,3897.05,No
18,Month-to-month,DSL,Mailed check,0,Yes,No,Yes,Yes,No,No,Yes,Yes,No,Yes,68.61,1260.58,No
0,One year,Fiber optic,Bank transfer,0,No,No,No,Yes,No,No,No,No,No,Yes,72.42,73.9,No
59,Two year,DSL,Mailed check,0,Yes,No,Yes,Yes,Yes,No,No,No,Yes,No,59.86,3546.71,No
35,One year,No,Bank transfer,0,No,No,Yes,Yes,No internet service,No internet service,No internet service,No internet service,No internet service,No internet service,20.71,705.71,No
11,Month-to-month,Fiber optic,Electronic check,0,Yes,No,Yes,Yes,Yes,No,Yes,Yes,No,No,83.25,892.06,Yes
14,Month-to-month,Fiber optic,Electronic check,0,Yes,No,Yes,Yes,No,No,No,No,No,Yes,75.53,1015.77,No
18,Month-to-month,Fiber optic,Credit card,0,Yes,No,No,Yes,No,No,Yes,No,Yes,No,74.89,1391.48,No
18,Month-to-month,Fiber optic,Electronic check,0,No,No,Yes,No,Yes,Yes,Yes,Yes,No,No,94.61,1669.63,Yes
0,Month-to-month,No,Electronic check,0,Yes,No,No,Yes,No internet service,No internet service,No internet service,No internet service,No internet service,No internet service,18.47,19.21,Yes
60,Two year,DSL,Credit card,0,No,Yes,No,Yes,No,No,Yes,No,No,No,47.66,2729.69,No
12,Month-to-month,DSL,Electronic check,0,No,No,Yes,Yes,No,No,No,Yes,No,No,51.3,631.06,Yes
72,Two year,No,Bank transfer,0,No,Yes,No,Yes,No internet service,No internet service,No internet service,No internet service,No internet service,No internet service,19.54,1434.74,No
32,Month-to-month,No,Credit card,0,Yes,No,Yes,Yes,No internet service,No internet service,No internet service,No internet service,No internet service,No internet service,20.66,678.29,No
34,Month-to-month,No,Bank transfer,0,No,No,No,Yes,No internet service,No internet service,No internet service,No internet service,No internet service,No internet service,21.73,740.28,No
48,Month-to-month,Fiber optic,Electronic check,0,Yes,No,Yes,Yes,Yes,No,Yes,No,Yes,Yes,94.91,4386.68,Yes
30,Month-to-month,Fiber optic,Mailed check,0,Yes,No,No,Yes,No,No,Yes,Yes,Yes,No,84.87,2457.35,Yes
52,Two year,Fiber optic,Mailed check,0,No,Yes,No,Yes,Yes,No,No,Yes,No,Yes,84.67,4477.22,No
13,Two year,Fiber optic,Mailed check,0,Yes,No,No,Yes,No,No,Yes,Yes,No,No,76.1,1021.33,No
58,Two year,Fiber optic,Bank transfer,0,No,No,Yes,Yes,No,No,No,No,No,No,63.22,3843.27,No
46,Month-to-month,Fiber optic,Credit card,0,Yes,No,Yes,Yes,No,No,Yes,No,No,No,74.63,3547.64,Yes
68,Two year,Fiber optic,Electronic check,0,Yes,No,No,Yes,No,No,Yes,Yes,No,No,78.94,5499.78,No
10,Month-to-month,DSL,Electronic check,1,No,No,No,Yes,Yes,Yes,No,Yes,No,No,70.99,689.94,Yes
55,Two year,Fiber optic,Bank transfer,0,No,Yes,No,Yes,No,No,No,No,Yes,No,73.21,3997.6,No
9,Month-to-month,Fiber optic,Mailed check,0,Yes,Yes,Yes,Yes,No,No,Yes,No,Yes,No,78.31,713.57,No
23,Month-to-month,Fiber optic,Credit card,0,No,No,Yes,Yes,No,Yes,Yes,No,No,Yes,81.37,1941.49,No
10,Month-to-month,DSL,Electronic check,0,Yes,Yes,No,Yes,No,No,No,Yes,No,No,49.27,471.38,No
41,Month-to-month,DSL,Electronic check,0,No,No,Yes,Yes,No,No,No,Yes,Yes,No,55.32,2239.16,Yes
20,Month-to-month,DSL,Bank transfer,0,Yes,No,No,Yes,No,No,No,Yes,Yes,Yes,65.42,1324.16,No
58,Two year,Fiber optic,Credit card,0,Yes,No,Yes,Yes,No,No,No,No,Yes,Yes,79.74,4727.58,No
41,Two year,Fiber optic,Electronic check,0,No,Yes,No,Yes,Yes,Yes,Yes,No,Yes,Yes,102.58,4101.84,No
47,Two year,Fiber optic,Credit card,0,No,No,Yes,Yes,No,No,Yes,No,Yes,Yes,84.52,3987.72,No
0,Month-to-month,Fiber optic,Mailed check,1,No,Yes,Yes,Yes,Yes,No,Yes,Yes,No,No,84.55,80.96,Yes
61,One year,Fiber optic,Electronic check,0,Yes,No,Yes,No,Yes,No,Yes,No,No,Yes,86.09,5489.94,No
10,Month-to-month,No,Mailed check,0,Yes,Yes,No,Yes,No internet service,No internet service,No internet service,No internet service,No internet service,No internet service,23.0,236.56,No
21,Month-to-month,Fiber optic,Electronic check,0,No,Yes,No,Yes,Yes,No,No,No,No,No,71.79,1475.43,No
0,Month-to-month,Fiber optic,Bank transfer,1,Yes,No,No,Yes,No,No,No,Yes,Yes,No,78.07,78.82,Yes
0,Month-to-month,DSL,Electronic check,1,No,Yes,No,Yes,No,Yes,No,Yes,No,No,60.35,59.12,Yes
34,One year,DSL,Mailed check,0,Yes,Yes,Yes,Yes,No,Yes,No,No,Yes,No,59.49,2075.43,Yes
13,Month-to-month,Fiber optic,Electronic check,0,Yes,Yes,No,Yes,No,No,Yes,Yes,No,Yes,87.35,1165.07,Yes
22,Month-to-month,Fiber optic,Credit card,1,Yes,No,Yes,Yes,Yes,No,No,No,Yes,Yes,78.04,1706.67,No
70,One year,No,Credit card,0,Yes,No,Yes,Yes,No internet service,No internet service,No internet service,No internet service,No internet service,No internet service,20.88,1418.28,No
0,Month-to-month,Fiber optic,Mailed check,0,No,Yes,Yes,Yes,No,No,No,Yes,Yes,Yes,81.3,80.03,Yes
70,Two year,DSL,Mailed check,0,Yes,Yes,No,Yes,Yes,No,Yes,No,Yes,Yes,72.9,5268.15,No
26,Month-to-month,No,Credit card,0,No,No,No,Yes,No internet service,No internet service,No internet service,No internet service,No internet service,No internet service,18.4,482.97,No
44,Two year,Fiber optic,Electronic check,0,Yes,Yes,Yes,Yes,No,No,No,No,Yes,No,75.83,3489.57,No
31,One year,DSL,Credit card,0,Yes,Yes,No,Yes,No,Yes,No,No,Yes,No,58.99,1744.4,No
56,One year,Fiber optic,Mailed check,0,Yes,Yes,No,Yes,Yes,No,No,No,Yes,No,76.88,4495.23,No
37,One year,Fiber optic,Credit card,0,Yes,No,No,Yes,Yes,No,No,No,No,Yes,79.63,2800.75,No
49,Two year,Fiber optic,Electronic check,0,Yes,No,Yes,Yes,No,Yes,No,Yes,No,No,80.26,3910.6,No
21,One year,No,Electronic check,0,Yes,No,Yes,Yes,No internet service,No internet service,No internet service,No internet service,No internet service,No internet service,21.01,441.05,No
5,Month-to-month,Fiber optic,Electronic check,0,Yes,No,Yes,Yes,Yes,No,Yes,Yes,Yes,No,88.91,459.75,Yes
0,Month-to-month,Fiber optic,Electronic check,0,Yes,No,No,Yes,No,No,No,No,Yes,Yes,83.13,79.15,No
52,One year,No,Electronic check,0,Yes,No,Yes,Yes,No internet service,No internet service,No internet service,No internet service,No internet service,No internet service,18.0,954.34,No
5,Month-to-month,Fiber optic,Credit card,0,Yes,No,Yes,Yes,No,No,No,Yes,Yes,No,77.81,392.86,Yes
0,Month-to-month,No,Electronic check,0,Yes,No,Yes,Yes,No internet service,No internet service,No internet service,No internet service,No internet service,No internet service,20.14,21.05,Yes
21,Month-to-month,DSL,Electronic check,0,Yes,No,No,Yes,No,No,Yes,No,No,No,49.17,1001.66,No
5,Month-to-month,DSL,Electronic check,0,Yes,Yes,No,Yes,No,No,No,Yes,No,Yes,57.1,273.42,No
43,Month-to-month,DSL,Mailed check,0,No,No,Yes,Yes,Yes,No,Yes,No,No,Yes,66.46,2996.71,No
39,One year,DSL,Mailed check,0,Yes,No,Yes,Yes,Yes,No,No,No,Yes,Yes,65.19,2447.8,No
57,Two year,Fiber optic,Electronic check,0,No,Yes,Yes,Yes,No,Yes,No,No,No,No,75.06,4163.18,No
57,Two year,No,Credit card,0,Yes,Yes,Yes,Yes,No internet service,No internet service,No internet service,No internet service,No internet service,No internet service,21.02,1186.18,No
27,Month-to-month,No,Credit card,0,Yes,Yes,Yes,Yes,No internet service,No internet service,No internet service,No internet service,No internet service,No internet service,21.3,598.97,No
29,Month-to-month,No,Electronic check,0,No,Yes,Yes,Yes,No internet service,No internet service,No internet service,No internet service,No internet service,No internet service,19.19,547.49,Yes
38,One year,DSL,Credit card,1,Yes,No,Yes,No,No,No,Yes,Yes,Yes,Yes,68.35,2581.4,No
2,Month-to-month,DSL,Mailed check,0,Yes,Yes,Yes,Yes,Yes,No,No,No,Yes,No,58.55,114.65,No
36,One year,DSL,Mailed check,0,No,No,No,Yes,No,Yes,Yes,No,No,Yes,70.96,2669.7,No
19,Month-to-month,Fiber optic,Credit card,0,No,Yes,Yes,Yes,No,No,No,Yes,No,Yes,77.97,1495.04,Yes
28,Two year,DSL,Credit card,0,No,No,Yes,Yes,No,No,Yes,Yes,No,No,60.12,1759.87,Yes
0,Month-to-month,DSL,Mailed check,0,Yes,Yes,No,Yes,Yes,No,No,No,No,Yes,56.93,58.68,No
35,Two year,DSL,Mailed check,0,Yes,Yes,Yes,Yes,Yes,No,Yes,No,Yes,Yes,74.44,2723.41,No
7,One year,Fiber optic,Electronic check,1,Yes,No,No,Yes,No,No,Yes,No,No,Yes,80.51,558.15,Yes
10,Month-to-month,DSL,Mailed check,0,No,Yes,No,Yes,No,Yes,No,No,Yes,Yes,67.87,696.18,No
26,One year,DSL,Bank transfer,1,Yes,No,No,Yes,No,Yes,No,No,No,Yes,63.32,1703.5,No
19,Month-to-month,Fiber optic,Electronic check,0,No,No,Yes,Yes,No,Yes,No,No,Yes,No,83.54,1613.82,Yes
65,Two year,No,Credit card,0,No,No,Yes,Yes,No internet service,No internet service,No internet service,No internet service,No internet service,No internet service,20.78,1345.38,No
43,One year,DSL,Bank transfer,0,No,No,No,Yes,Yes,No,No,Yes,Yes,Yes,76.95,3410.14,No
25,Month-to-month,Fiber optic,Electronic check,0,Yes,No,No,Yes,No,Yes,No,Yes,Yes,Yes,91.84,2194.19,No
33,Month-to-month,Fiber optic,Credit card,0,No,No,No,Yes,No,No,No,No,No,No,65.02,2097.08,Yes
33,One year,DSL,Bank transfer,0,No,No,Yes,Yes,No,Yes,Yes,No,No,Yes,62.05,2127.95,No
0,Month-to-month,Fiber optic,Electronic check,1,No,No,Yes,Yes,No,No,Yes,No,Yes,Yes,86.4,84.3,Yes
26,Two year,No,Mailed check,0,No,No,No,Yes,No internet service,No internet service,No internet service,No internet service,No internet service,No internet service,18.0,489.14,No
62,Two year,Fiber optic,Credit card,1,No,No,Yes,Yes,No,No,No,No,Yes,No,70.77,4442.49,No
41,One year,Fiber optic,Credit card,0,No,No,No,Yes,No,Yes,No,No,Yes,No,81.49,3285.53,No
29,Month-to-month,Fiber optic,Electronic check,0,Yes,No,No,Yes,No,No,Yes,No,No,Yes,80.38,2350.27,Yes
72,One year,DSL,Bank transfer,0,No,Yes,Yes,Yes,No,No,Yes,No,No,Yes,57.65,4197.62,No
58,Two year,No,Credit card,0,No,No,Yes,Yes,No internet service,No internet service,No internet service,No internet service,No internet service,No internet service,21.49,1258.9,No
16,Month-to-month,No,Credit card,0,No,No,Yes,Yes,No internet service,No internet service,No internet service,No internet service,No internet service,No internet service,19.06,313.74,No
24,Month-to-month,DSL,Electronic check,0,No,No,Yes,Yes,No,No,No,No,Yes,Yes,57.11,1320.32,No
0,Month-to-month,No,Mailed check,0,Yes,Yes,Yes,Yes,No internet service,No internet service,No internet service,No internet service,No internet service,No internet service,18.86,18.6,Yes
30,Month-to-month,Fiber optic,Credit card,0,No,No,No,Yes,No,No,No,No,No,No,63.68,1962.14,Yes
35,One year,DSL,Electronic check,0,No,No,Yes,Yes,No,Yes,Yes,No,Yes,No,64.67,2183.27,No
45,Month-to-month,No,Mailed check,0,Yes,Yes,Yes,Yes,No internet service,No internet service,No internet service,No internet service,No internet service,No internet service,18.0,778.42,No
12,One year,Fiber optic,Bank transfer,1,No,No,Yes,Yes,No,No,Yes,Yes,Yes,Yes,90.72,1090.41,Yes
18,Month-to-month,No,Mailed check,1,No,No,Yes,Yes,No internet service,No internet service,No internet service,No internet service,No internet service,No internet service,22.32,401.74,No
8,Month-to-month,Fiber optic,Bank transfer,0,Yes,No,Yes,Yes,No,No,Yes,No,No,No,69.25,532.7,Yes
1,Month-to-month,Fiber optic,Electronic check,0,Yes,No,No,Yes,No,Yes,No,No,No,Yes,75.22,76.72,No
64,Two year,DSL,Bank transfer,0,No,No,Yes,Yes,No,No,No,No,Yes,No,55.32,3497.81,No
33,One year,No,Electronic check,0,No,Yes,No,Yes,No internet service,No internet service,No internet service,No internet service,No internet service,No internet service,20.08,642.36,No
39,Month-to-month,Fiber optic,Credit card,0,Yes,Yes,Yes,Yes,No,Yes,Yes,No,No,No,78.44,3004.41,No
46,Two year,No,Mailed check,0,No,Yes,No,Yes,No internet service,No internet service,No internet service,No internet service,No internet service,No internet service,18.0,807.5,No
12,Month-to-month,Fiber optic,Electronic check,0,No,Yes,Yes,Yes,Yes,No,No,No,Yes,Yes,87.88,1072.69,Yes
50,Month-to-month,DSL,Credit card,0,Yes,No,Yes,Yes,No,Yes,No,Yes,Yes,Yes,70.35,3557.67,No
0,Month-to-month,DSL,Bank transfer,0,Yes,Yes,Yes,Yes,No,Yes,No,No,No,No,46.57,48.64,Yes
41,Two year,Fiber optic,Mailed check,0,Yes,Yes,No,Yes,Yes,No,Yes,Yes,Yes,Yes,88.9,3573.58,No
0,One year,DSL,Electronic check,0,Yes,No,Yes,Yes,Yes,No,No,No,No,No,47.16,49.2,Yes
31,One year,DSL,Bank transfer,0,Yes,No,Yes,Yes,No,No,No,Yes,Yes,Yes,67.17,2074.26,No
29,Month-to-month,DSL,Credit card,1,Yes,No,Yes,Yes,No,No,No,No,No,Yes,48.12,1368.47,Yes
25,Month-to-month,Fiber optic,Electronic check,0,No,Yes,No,Yes,No,No,No,No,No,Yes,76.74,1915.32,No
40,One year,Fiber optic,Credit card,0,No,No,Yes,Yes,No,No,Yes,No,Yes,Yes,90.79,3806.5,No
4,Month-to-month,No,Electronic check,0,No,No,Yes,Yes,No internet service,No internet service,No internet service,No internet service,No internet service,No internet service,20.56,78.7,No
51,Two year,DSL,Bank transfer,0,No,Yes,No,Yes,No,No,No,Yes,Yes,Yes,69.34,3365.16,No
48,Two year,No,Mailed check,0,No,No,Yes,Yes,No internet service,No internet service,No internet service,No internet service,No internet service,No internet service,18.0,835.19,No
18,Month-to-month,DSL,Electronic check,0,No,No,Yes,Yes,Yes,No,Yes,Yes,Yes,Yes,82.85,1536.34,No
41,One year,No,Credit card,0,Yes,No,Yes,Yes,No internet service,No internet service,No internet service,No internet service,No internet service,No internet service,18.15,722.76,No
48,Two year,Fiber optic,Electronic check,0,No,No,No,No,No,No,Yes,No,Yes,No,80.4,3757.63,No
18,Month-to-month,DSL,Credit card,0,No,No,No,Yes,No,No,No,Yes,Yes,Yes,64.69,1112.16,Yes
36,One year,DSL,Electronic check,0,No,No,No,Yes,No,Yes,No,Yes,No,No,59.98,2069.17,Yes
43,Two year,Fiber optic,Electronic check,0,Yes,Yes,No,Yes,No,No,Yes,No,Yes,No,78.68,3478.01,No
19,Month-to-month,Fiber optic,Credit card,1,No,No,No,No,No,No,No,No,No,No,66.16,1268.11,Yes
34,Two year,DSL,Bank transfer,0,No,Yes,Yes,Yes,No,No,Yes,No,No,No,51.31,1695.93,No
21,Month-to-month,No,Electronic check,1,Yes,No,No,Yes,No internet service,No internet service,No internet service,No internet service,No internet service,No internet service,23.91,504.77,No
20,One year,DSL,Bank transfer,0,Yes,Yes,Yes,No,Yes,Yes,Yes,Yes,No,Yes,79.1,1534.88,No
54,Two year,Fiber optic,Electronic check,0,Yes,No,No,Yes,No,No,No,Yes,No,No,74.0,4160.63,No
45,One year,No,Credit card,1,Yes,No,Yes,Yes,No internet service,No internet service,No internet service,No internet service,No internet service,No internet service,18.0,779.77,No
3,Month-to-month,Fiber optic,Electronic check,0,Yes,No,No,Yes,Yes,Yes,No,No,No,No,77.67,239.75,No
55,One year,Fiber optic,Mailed check,0,Yes,No,No,Yes,No,No,No,No,No,No,63.12,3459.61,No
47,Month-to-month,No,Electronic check,1,No,No,No,No,No internet service,No internet service,No internet service,No internet service,No internet service,No internet service,19.73,949.22,No
8,Month-to-month,DSL,Bank transfer,0,No,No,No,Yes,Yes,No,No,Yes,Yes,No,57.49,440.81,No
16,Month-to-month,No,Credit card,1,No,No,No,Yes,No internet service,No internet service,No internet service,No internet service,No internet service,No internet service,18.59,286.08,Yes
57,One year,No,Credit card,0,No,No,Yes,Yes,No internet service,No internet service,No internet service,No internet service,No internet service,No internet service,19.52,1145.03,No
0,Month-to-month,DSL,Mailed check,0,No,No,Yes,Yes,No,No,Yes,No,No,No,50.72,52.09,Yes
19,Month-to-month,Fiber optic,Electronic check,0,No,Yes,Yes,Yes,No,Yes,No,No,Yes,Yes,86.97,1714.93,Yes
49,Two year,Fiber optic,Electronic check,0,Yes,No,Yes,Yes,No,No,Yes,Yes,Yes,No,83.31,4156.69,No
32,Month-to-month,No,Credit card,1,Yes,Yes,Yes,Yes,No internet service,No internet service,No internet service,No internet service,No internet service,No internet service,18.6,609.03,No
14,Month-to-month,No,Electronic check,0,Yes,No,Yes,Yes,No internet service,No internet service,No internet service,No internet service,No internet service,No internet service,19.51,272.74,Yes
25,Month-to-month,Fiber optic,Bank transfer,0,No,Yes,No,Yes,No,No,Yes,No,No,No,66.79,1588.21,No
5,Month-to-month,Fiber optic,Mailed check,1,Yes,No,No,Yes,Yes,No,No,Yes,Yes,No,83.7,405.35,Yes
53,One year,Fiber optic,Credit card,1,No,Yes,Yes,Yes,No,No,Yes,No,Yes,No,78.88,3992.06,No
0,Month-to-month,Fiber optic,Mailed check,0,Yes,No,No,Yes,Yes,No,Yes,Yes,No,No,85.27,84.8,Yes
32,Month-to-month,No,Mailed check,0,Yes,No,No,Yes,No internet service,No internet service,No internet service,No internet service,No internet service,No internet service,20.52,632.74,No
55,Two year,Fiber optic,Credit card,1,Yes,Yes,No,Yes,Yes,Yes,Yes,No,Yes,Yes,106.61,5856.76,No
16,Two year,Fiber optic,Credit card,0,Yes,No,Yes,Yes,Yes,No,No,No,No,Yes,77.18,1229.45,Yes
39,One year,No,Bank transfer,0,No,No,No,Yes,No internet service,No internet service,No internet service,No internet service,No internet service,No internet service,19.71,800.81,Yes
64,Two year,DSL,Credit card,0,No,No,Yes,Yes,No,No,Yes,Yes,No,Yes,65.66,4129.67,No
34,Two year,DSL,Bank transfer,0,Yes,No,No,Yes,Yes,No,Yes,No,No,No,62.98,2171.32,No
4,Month-to-month,Fiber optic,Mailed check,1,No,No,No,Yes,Yes,Yes,Yes,No,Yes,No,93.0,379.92,Yes
39,One year,Fiber optic,Electronic check,0,Yes,No,Yes,Yes,Yes,Yes,Yes,No,Yes,Yes,93.92,3805.68,No
30,One year,Fiber optic,Bank transfer,0,Yes,No,Yes,Yes,Yes,Yes,No,Yes,No,No,90.47,2582.92,No
23,Month-to-month,Fiber optic,Bank transfer,0,Yes,Yes,Yes,Yes,Yes,No,Yes,Yes,Yes,No,88.15,2066.67,No
15,Month-to-month,Fiber optic,Electronic check,0,Yes,No,Yes,Yes,No,No,No,No,Yes,No,75.33,1178.47,Yes
0,Month-to-month,Fiber optic,Electronic check,0,No,No,Yes,Yes,No,No,Yes,Yes,Yes,No,85.54,87.31,Yes
72,One year,Fiber optic,Bank transfer,1,No,No,No,No,No,No,Yes,No,No,No,73.59,5296.75,No
49,Two year,Fiber optic,Electronic check,0,Yes,No,Yes,Yes,No,No,Yes,No,No,Yes,81.54,3970.17,No
56,Two year,No,Bank transfer,0,No,Yes,Yes,Yes,No internet service,No internet service,No internet service,No internet service,No internet service,No internet service,19.51,1136.07,No
46,Month-to-month,Fiber optic,Bank transfer,0,No,Yes,No,Yes,Yes,Yes,Yes,Yes,No,Yes,94.33,4201.75,No
32,Month-to-month,Fiber optic,Mailed check,0,Yes,Yes,No,Yes,No,No,Yes,Yes,Yes,No,80.67,2508.91,No
27,Month-to-month,No,Electronic check,0,No,Yes,Yes,Yes,No internet service,No internet service,No internet service,No internet service,No internet service,No internet service,20.12,524.56,Yes
35,Month-to-month,Fiber optic,Mailed check,0,Yes,Yes,No,Yes,No,Yes,No,Yes,Yes,No,82.41,2941.22,Yes
63,Two year,DSL,Mailed check,0,Yes,No,No,Yes,No,No,Yes,Yes,No,Yes,66.74,4045.35,No
63,Two year,No,Bank transfer,0,Yes,No,Yes,Yes,No internet service,No internet service,No internet service,No internet service,No internet service,No internet service,20.86,1252.76,No
63,Two year,DSL,Bank transfer,0,Yes,No,Yes,Yes,Yes,Yes,No,No,Yes,Yes,71.41,4526.48,No
51,Two year,Fiber optic,Credit card,0,No,No,No,Yes,No,No,Yes,No,No,No,70.65,3750.01,No
71,Two year,DSL,Electronic check,0,No,Yes,Yes,Yes,Yes,No,Yes,Yes,No,No,66.59,4645.66,No
29,Month-to-month,DSL,Bank transfer,0,Yes,No,Yes,Yes,No,Yes,Yes,No,Yes,No,62.01,1788.26,Yes
0,Month-to-month,Fiber optic,Electronic check,0,No,Yes,Yes,Yes,No,Yes,Yes,No,Yes,No,84.5,87.97,No
32,Month-to-month,Fiber optic,Credit card,0,Yes,No,No,No,Yes,No,No,Yes,Yes,No,83.07,2756.39,No
5,Month-to-month,Fiber optic,Electronic check,0,Yes,No,No,Yes,No,No,No,Yes,Yes,No,76.82,383.92,Yes
22,Month-to-month,No,Mailed check,0,No,Yes,No,Yes,No internet service,No internet service,No internet service,No internet service,No internet service,No internet service,22.88,498.8,No
0,Month-to-month,Fiber optic,Mailed check,0,No,No,Yes,Yes,No,Yes,Yes,No,Yes,No,79.66,75.98,No
45,Two year,Fiber optic,Electronic check,0,No,No,No,Yes,No,No,Yes,Yes,No,Yes,87.85,4005.95,No
12,Month-to-month,DSL,Credit card,0,Yes,Yes,Yes,Yes,No,Yes,Yes,Yes,No,No,60.86,702.34,Yes
63,Two year,No,Electronic check,0,Yes,Yes,No,Yes,No internet service,No internet service,No internet service,No internet service,No internet service,No internet service,19.18,1228.42,No
45,Two year,Fiber optic,Electronic check,0,No,Yes,Yes,Yes,No,Yes,Yes,No,No,Yes,81.15,3589.94,No
3,One year,Fiber optic,Bank transfer,0,No,No,No,Yes,Yes,No,No,No,Yes,No,82.59,255.54,No
30,One year,Fiber optic,Mailed check,0,No,No,No,Yes,No,Yes,No,No,Yes,Yes,84.55,2655.85,No
12,Month-to-month,DSL,Electronic check,0,No,No,No,Yes,Yes,Yes,No,No,No,No,60.72,711.36,No
48,One year,DSL,Electronic check,0,Yes,Yes,Yes,No,Yes,Yes,Yes,No,Yes,Yes,80.53,3778.36,No
20,Month-to-month,No,Electronic check,1,No,No,Yes,Yes,No internet service,No internet service,No internet service,No internet service,No internet service,No internet service,23.5,482.28,No
42,Two year,Fiber optic,Credit card,0,No,No,No,Yes,Yes,No,Yes,Yes,Yes,Yes,102.6,4356.8,Yes
22,Month-to-month,Fiber optic,Mailed check,0,No,Yes,Yes,Yes,No,No,No,Yes,No,No,72.71,1589.33,No
47,Month-to-month,Fiber optic,Electronic check,1,Yes,No,Yes,Yes,Yes,No,No,No,Yes,Yes,85.86,4028.63,Yes
57,One year,Fiber optic,Mailed check,0,No,Yes,Yes,Yes,No,Yes,Yes,Yes,No,No,84.33,4821.68,Yes
7,One year,DSL,Credit card,0,No,Yes,Yes,Yes,No,No,Yes,Yes,Yes,No,63.09,440.39,Yes
58,Month-to-month,No,Credit card,0,Yes,No,No,Yes,No internet service,No internet service,No internet service,No internet service,No internet service,No internet service,19.18,1109.88,No
57,One year,Fiber optic,Electronic check,0,Yes,Yes,Yes,Yes,No,No,No,Yes,Yes,Yes,85.98,5054.72,No
43,Month-to-month,DSL,Bank transfer,0,No,No,Yes,Yes,No,No,No,No,No,Yes,48.29,1982.46,No
14,One year,Fiber optic,Electronic check,0,No,No,Yes,Yes,Yes,No,No,No,No,No,75.59,1062.13,Yes
11,Month-to-month,DSL,Electronic check,0,No,No,No,Yes,No,No,No,Yes,No,No,51.28,546.13,Yes
27,Month-to-month,Fiber optic,Credit card,0,No,No,Yes,Yes,No,No,Yes,Yes,Yes,Yes,89.62,2426.63,Yes
0,Month-to-month,DSL,Credit card,0,Yes,No,No,Yes,Yes,No,No,No,No,Yes,61.27,62.83,Yes
26,Month-to-month,Fiber optic,Electronic check,0,Yes,No,No,Yes,No,No,Yes,Yes,No,Yes,87.75,2212.31,Yes
44,Month-to-month,No,Credit card,0,No,No,Yes,Yes,No internet service,No internet service,No internet service,No internet service,No internet service,No internet service,19.45,856.26,No
13,Month-to-month,No,Bank transfer,0,Yes,No,No,Yes,No internet service,No internet service,No internet service,No internet service,No internet service,No internet service,20.8,263.39,No
45,Month-to-month,No,Bank transfer,0,Yes,No,Yes,Yes,No internet service,No internet service,No internet service,No internet service,No internet service,No internet service,20.75,951.81,No
29,Month-to-month,No,Credit card,0,No,No,Yes,No,No internet service,No internet service,No internet service,No internet service,No internet service,No internet service,20.83,602.61,Yes
0,Month-to-month,Fiber optic,Mailed check,0,Yes,No,Yes,Yes,No,No,No,Yes,No,Yes,77.71,75.59,Yes
4,Month-to-month,DSL,Credit card,0,Yes,No,Yes,Yes,No,Yes,No,Yes,Yes,Yes,71.39,272.38,No
56,One year,Fiber optic,Electronic check,1,Yes,No,No,Yes,Yes,No,No,No,Yes,No,81.64,4797.46,Yes
37,Two year,No,Mailed check,0,Yes,No,Yes,Yes,No internet service,No internet service,No internet service,No internet service,No internet service,No internet service,21.21,781.88,No
35,Month-to-month,Fiber optic,Electronic check,0,Yes,No,Yes,Yes,Yes,No,Yes,No,Yes,No,84.96,2995.39,No
64,Two year,Fiber optic,Credit card,0,Yes,No,No,Yes,No,No,No,No,No,No,65.22,4343.74,No
23,Month-to-month,DSL,Electronic check,1,No,No,Yes,Yes,Yes,No,No,Yes,Yes,Yes,70.18,1547.83,Yes
9,Month-to-month,Fiber optic,Mailed check,0,No,No,Yes,Yes,No,Yes,Yes,Yes,No,No,87.57,798.56,No
43,One year,DSL,Bank transfer,0,No,No,Yes,Yes,Yes,Yes,No,No,Yes,No,61.69,2531.62,Yes
72,Two year,Fiber optic,Electronic check,1,Yes,No,No,No,No,Yes,No,No,Yes,No,80.22,5951.39,No
48,Two year,DSL,Electronic check,0,Yes,Yes,Yes,Yes,No,No,No,Yes,Yes,Yes,60.96,2885.43,No
28,Month-to-month,No,Electronic check,0,No,No,Yes,Yes,No internet service,No internet service,No internet service,No internet service,No internet service,No internet service,20.61,588.48,Yes
72,Two year,DSL,Bank transfer,0,No,No,Yes,Yes,No,Yes,Yes,No,Yes,Yes,73.22,5512.64,No
22,Month-to-month,Fiber optic,Electronic check,0,No,No,Yes,Yes,No,Yes,Yes,No,No,Yes,85.56,1802.77,No
10,Month-to-month,Fiber optic,Mailed check,0,Yes,No,Yes,Yes,No,No,Yes,No,No,Yes,77.8,745.29,No
10,Month-to-month,Fiber optic,Mailed check,1,No,Yes,Yes,Yes,Yes,No,Yes,No,Yes,No,79.82,808.2,Yes
21,Two year,Fiber optic,Credit card,0,No,No,No,Yes,Yes,No,No,No,No,Yes,71.53,1445.71,No
0,Month-to-month,DSL,Credit card,0,Yes,Yes,Yes,Yes,No,Yes,Yes,Yes,No,Yes,80.0,82.45,Yes
59,Two year,Fiber optic,Electronic check,0,No,Yes,Yes,Yes,No,Yes,Yes,No,No,No,75.89,4674.49,No
54,One year,Fiber optic,Credit card,0,Yes,No,No,Yes,No,No,Yes,Yes,Yes,No,84.73,4638.86,Yes
31,One year,Fiber optic,Credit card,0,Yes,No,Yes,Yes,Yes,Yes,No,No,No,Yes,83.15,2534.73,No
53,One year,No,Bank transfer,1,Yes,No,Yes,Yes,No internet service,No internet service,No internet service,No internet service,No internet service,No internet service,18.0,993.2,No
68,Two year,Fiber optic,Mailed check,0,No,No,Yes,No,Yes,Yes,Yes,Yes,No,No,90.37,6011.73,No
6,Month-to-month,Fiber optic,Electronic check,1,No,Yes,Yes,Yes,No,No,No,No,Yes,No,69.04,429.57,Yes
8,Month-to-month,DSL,Bank transfer,0,Yes,No,No,Yes,No,Yes,No,Yes,Yes,No,63.68,509.05,Yes
16,One year,Fiber optic,Mailed check,0,No,No,No,Yes,No,No,No,No,Yes,Yes,82.38,1356.88,No
30,Month-to-month,No,Electronic check,0,Yes,No,Yes,Yes,No internet service,No internet service,No internet service,No internet service,No internet service,No internet service,21.17,647.87,Yes
18,Month-to-month,Fiber optic,Electronic check,0,No,Yes,Yes,Yes,Yes,No,Yes,Yes,Yes,No,93.82,1704.12,No
32,Month-to-month,DSL,Electronic check,0,No,No,Yes,Yes,No,No,No,Yes,Yes,No,59.99,1925.75,No
17,Month-to-month,DSL,Bank transfer,0,No,Yes,No,Yes,No,Yes,No,No,Yes,No,59.59,1045.06,No
3,Month-to-month,No,Electronic check,0,No,No,No,Yes,No internet service,No internet service,No internet service,No internet service,No internet service,No internet service,19.42,56.34,No
30,Month-to-month,DSL,Bank transfer,0,No,No,No,Yes,No,No,Yes,No,No,No,52.24,1644.69,Yes
22,Two year,DSL,Credit card,0,Yes,No,Yes,Yes,Yes,No,No,No,No,No,54.65,1227.18,No
13,Month-to-month,Fiber optic,Electronic check,1,No,Yes,Yes,Yes,Yes,No,No,No,No,No,75.3,1018.07,No
42,Two year,DSL,Electronic check,0,No,No,Yes,Yes,No,Yes,No,Yes,Yes,Yes,72.24,3093.28,No
72,Two year,DSL,Electronic check,0,No,No,Yes,Yes,No,No,No,No,Yes,No,53.43,3840.88,No
46,Month-to-month,DSL,Mailed check,0,No,No,No,Yes,No,No,Yes,No,Yes,No,58.94,2790.45,No
45,One year,DSL,Credit card,0,Yes,Yes,Yes,No,Yes,No,Yes,No,No,Yes,67.33,2996.28,No
29,One year,Fiber optic,Bank transfer,0,Yes,No,No,Yes,No,Yes,No,No,No,Yes,79.29,2219.39,No
66,One year,Fiber optic,Credit card,0,Yes,No,Yes,No,No,No,No,No,Yes,Yes,80.8,5192.29,Yes
7,Month-to-month,Fiber optic,Credit card,0,No,No,Yes,Yes,Yes,No,Yes,No,Yes,No,92.6,622.0,Yes
0,Month-to-month,Fiber optic,Electronic check,0,No,No,No,Yes,Yes,No,No,Yes,Yes,Yes,91.48,93.89,No
0,Month-to-month,Fiber optic,Bank transfer,0,No,Yes,Yes,Yes,No,No,No,No,Yes,No,74.61,74.31,Yes
40,One year,Fiber optic,Mailed check,0,No,No,Yes,Yes,Yes,Yes,Yes,No,No,No,85.57,3343.76,No
27,Two year,DSL,Mailed check,0,Yes,Yes,Yes,Yes,Yes,Yes,No,Yes,Yes,No,72.05,1937.66,No
61,One year,DSL,Electronic check,0,Yes,No,Yes,Yes,No,No,Yes,No,Yes,Yes,63.17,3997.55,No
29,One year,DSL,Mailed check,0,Yes,Yes,Yes,Yes,Yes,Yes,Yes,Yes,No,No,65.11,1968.51,No
33,Two year,DSL,Bank transfer,0,Yes,No,No,Yes,No,No,Yes,No,Yes,Yes,72.51,2343.0,No
56,One year,Fiber optic,Bank transfer,0,No,No,No,Yes,No,No,Yes,No,Yes,No,79.02,4413.8,No
32,Month-to-month,Fiber optic,Electronic check,0,No,No,No,Yes,Yes,No,No,Yes,No,Yes,85.66,2688.44,Yes
72,Two year,DSL,Electronic check,0,No,No,Yes,Yes,Yes,No,Yes,No,No,No,60.31,4363.87,No
0,Month-to-month,No,Bank transfer,0,Yes,Yes,Yes,Yes,No internet service,No internet service,No internet service,No internet service,No internet service,No internet service,21.72,20.76,No
0,Month-to-month,DSL,Bank transfer,1,No,Yes,No,Yes,Yes,Yes,No,No,No,Yes,66.21,66.25,No
43,Month-to-month,DSL,Mailed check,1,No,Yes,Yes,Yes,No,Yes,No,No,Yes,Yes,56.45,2444.89,No
9,Two year,DSL,Electronic check,0,Yes,No,Yes,No,Yes,No,No,No,No,No,48.81,452.22,No
0,Month-to-month,DSL,Electronic check,0,No,No,Yes,Yes,No,No,No,No,Yes,No,49.39,49.41,No
19,Month-to-month,DSL,Bank transfer,1,No,No,Yes,Yes,No,No,No,Yes,Yes,No,53.57,1001.93,Yes
0,Month-to-month,DSL,Bank transfer,0,Yes,No,Yes,Yes,Yes,Yes,No,No,Yes,No,63.0,65.82,No
21,Month-to-month,Fiber optic,Electronic check,0,No,Yes,Yes,Yes,Yes,Yes,No,No,Yes,Yes,91.94,1864.64,No
0,Month-to-month,Fiber optic,Mailed check,0,Yes,No,No,Yes,No,No,Yes,Yes,Yes,Yes,91.41,93.3,Yes
59,One year,Fiber optic,Mailed check,1,Yes,Yes,Yes,Yes,No,No,Yes,No,Yes,No,76.62,4402.22,Yes
65,Two year,DSL,Bank transfer,0,Yes,Yes,Yes,Yes,Yes,No,Yes,Yes,Yes,No,67.6,4175.99,No
22,Month-to-month,DSL,Electronic check,0,Yes,No,Yes,Yes,Yes,No,No,Yes,Yes,No,65.59,1378.89,No
12,Month-to-month,Fiber optic,Bank transfer,0,No,No,No,Yes,No,No,No,No,Yes,Yes,79.65,979.65,Yes
1,Month-to-month,Fiber optic,Credit card,0,Yes,No,Yes,No,Yes,Yes,No,Yes,Yes,No,94.9,97.24,No
16,Month-to-month,No,Mailed check,0,No,No,No,Yes,No internet service,No internet service,No internet service,No internet service,No internet service,No internet service,18.96,316.42,No
18,One year,Fiber optic,Electronic check,0,No,No,Yes,Yes,No,Yes,Yes,No,No,Yes,87.39,1550.94,Yes
69,One year,No,Electronic check,0,No,No,Yes,Yes,No internet service,No internet service,No internet service,No internet service,No internet service,No internet service,18.28,1319.59,No
43,One year,Fiber optic,Electronic check,0,Yes,No,No,No,Yes,No,No,No,Yes,No,76.04,3107.57,No
4,Month-to-month,Fiber optic,Credit card,0,Yes,No,Yes,Yes,No,No,No,No,No,Yes,73.63,288.29,Yes
63,One year,Fiber optic,Credit card,0,Yes,No,Yes,Yes,Yes,No,Yes,Yes,No,Yes,83.94,5489.56,No
17,Month-to-month,Fiber optic,Electronic check,0,Yes,No,Yes,Yes,Yes,Yes,No,No,No,Yes,83.84,1398.51,No
40,Month-to-month,Fiber optic,Credit card,1,Yes,No,Yes,Yes,No,No,Yes,No,Yes,Yes,84.03,3445.19,No
72,Two year,Fiber optic,Electronic check,0,No,Yes,Yes,Yes,No,No,No,Yes,Yes,Yes,78.52,5537.39,No
61,Two year,Fiber optic,Mailed check,0,No,No,Yes,Yes,Yes,No,No,No,No,Yes,75.37,4438.58,No
34,Two year,Fiber optic,Bank transfer,0,Yes,Yes,Yes,Yes,Yes,Yes,Yes,Yes,No,Yes,91.42,3035.84,No
45,Two year,No,Mailed check,1,Yes,No,No,Yes,No internet service,No internet service,No internet service,No internet service,No internet service,No internet service,22.73,1051.22,No
72,One year,Fiber optic,Mailed check,1,No,No,No,No,No,Yes,Yes,No,No,Yes,83.53,6041.16,No
45,Two year,Fiber optic,Bank transfer,0,No,Yes,Yes,Yes,No,No,No,No,No,Yes,69.73,3073.75,No
14,Month-to-month,Fiber optic,Electronic check,0,No,No,No,Yes,No,No,No,No,No,Yes,71.94,1039.41,Yes
10,Month-to-month,No,Credit card,0,No,Yes,Yes,Yes,No internet service,No internet service,No internet service,No internet service,No internet service,No internet service,21.73,211.12,No
3,Month-to-month,No,Electronic check,0,No,No,No,Yes,No internet service,No internet service,No internet service,No internet service,No internet service,No internet service,20.76,63.42,No
29,Month-to-month,No,Electronic check,0,Yes,No,No,Yes,No internet service,No internet service,No internet service,No internet service,No internet service,No internet service,23.56,659.67,No
0,Month-to-month,No,Credit card,1,No,No,Yes,Yes,No internet service,No internet service,No internet service,No internet service,No internet service,No internet service,20.82,20.44,No
5,Month-to-month,Fiber optic,Mailed check,0,Yes,Yes,Yes,Yes,Yes,No,Yes,Yes,No,Yes,88.96,435.02,Yes
43,One year,DSL,Mailed check,1,No,No,No,Yes,No,Yes,No,No,Yes,No,59.94,2558.21,No
50,Two year,Fiber optic,Electronic check,0,Yes,No,Yes,No,No,No,Yes,No,Yes,No,77.46,3857.06,No
41,One year,No,Electronic check,1,No,No,Yes,Yes,No internet service,No internet service,No internet service,No internet service,No internet service,No internet service,18.0,759.44,No
18,Month-to-month,Fiber optic,Electronic check,1,No,No,No,No,Yes,No,No,Yes,Yes,Yes,92.14,1652.36,Yes
19,One year,Fiber optic,Mailed check,0,No,Yes,Yes,Yes,No,No,No,Yes,No,Yes,79.51,1565.26,No
41,Month-to-month,No,Mailed check,0,Yes,No,Yes,Yes,No internet service,No internet service,No internet service,No internet service,No internet service,No internet service,19.49,832.39,No
36,Month-to-month,No,Mailed check,0,No,No,Yes,Yes,No internet service,No internet service,No internet service,No internet service,No internet service,No internet service,18.15,659.39,No
3,Month-to-month,No,Credit card,1,No,No,No,Yes,No internet service,No internet service,No internet service,No internet service,No internet service,No internet service,21.74,64.89,No
26,Month-to-month,Fiber optic,Credit card,0,No,No,Yes,Yes,Yes,Yes,No,No,Yes,No,79.3,2036.43,Yes
10,Month-to-month,Fiber optic,Electronic check,0,No,No,No,Yes,Yes,No,Yes,No,No,Yes,80.64,820.64,Yes
71,Two year,Fiber optic,Credit card,0,No,Yes,Yes,Yes,No,No,Yes,Yes,Yes,Yes,96.21,6691.01,No
52,One year,Fiber optic,Credit card,0,No,No,No,Yes,Yes,No,Yes,Yes,Yes,No,88.85,4616.52,Yes
58,One year,DSL,Credit card,0,Yes,No,Yes,Yes,No,No,No,No,No,Yes,49.59,2944.35,No
3,Month-to-month,Fiber optic,Bank transfer,0,No,Yes,Yes,Yes,Yes,Yes,No,No,Yes,No,83.64,243.15,Yes
32,Two year,No,Electronic check,1,Yes,Yes,Yes,Yes,No internet service,No internet service,No internet service,No internet service,No internet service,No internet service,18.17,555.95,No
8,One year,Fiber optic,Electronic check,0,No,No,Yes,Yes,Yes,No,No,No,Yes,Yes,82.57,660.1,No
61,Month-to-month,DSL,Credit card,1,Yes,No,Yes,Yes,Yes,Yes,No,No,No,Yes,68.98,4197.29,No
52,One year,No,Mailed check,0,No,Yes,No,Yes,No internet service,No internet service,No internet service,No internet service,No internet service,No internet service,18.2,983.71,No
38,Month-to-month,DSL,Credit card,1,Yes,No,Yes,Yes,No,No,No,Yes,Yes,No,58.38,2184.28,No
0,Month-to-month,Fiber optic,Bank transfer,0,Yes,No,No,Yes,No,No,No,No,Yes,Yes,76.45,73.09,No
28,Month-to-month,Fiber optic,Electronic check,0,Yes,No,No,Yes,No,No,Yes,No,Yes,No,75.73,2113.49,No
0,Month-to-month,Fiber optic,Mailed check,1,No,No,No,Yes,No,Yes,No,Yes,No,No,79.03,78.81,No
25,Month-to-month,DSL,Credit card,0,Yes,Yes,No,Yes,No,No,Yes,No,No,No,50.34,1307.33,No
18,Month-to-month,DSL,Electronic check,0,No,No,Yes,Yes,No,No,No,Yes,No,No,53.47,1004.27,No
13,Month-to-month,Fiber optic,Bank transfer,0,Yes,No,No,No,No,No,Yes,No,No,No,70.39,955.09,No
45,Two year,No,Credit card,0,No,Yes,No,Yes,No internet service,No internet service,No internet service,No internet service,No internet service,No internet service,18.0,779.28,No
37,Month-to-month,DSL,Electronic check,0,Yes,Yes,Yes,Yes,No,No,Yes,Yes,No,Yes,66.16,2359.18,No
10,Month-to-month,No,Electronic check,0,No,No,No,Yes,No internet service,No internet service,No internet service,No internet service,No internet service,No internet service,21.25,220.87,Yes
40,Month-to-month,Fiber optic,Mailed check,1,Yes,Yes,No,Yes,Yes,Yes,Yes,No,Yes,Yes,100.36,3831.56,Yes
53,Two year,No,Credit card,0,Yes,Yes,No,Yes,No internet service,No internet service,No internet service,No internet service,No internet service,No internet service,21.99,1124.51,No
44,One year,Fiber optic,Mailed check,0,Yes,No,Yes,Yes,No,Yes,Yes,No,No,No,81.3,3745.16,No
63,Two year,Fiber optic,Electronic check,0,No,No,Yes,Yes,Yes,Yes,No,No,No,No,80.51,4924.01,No
25,Month-to-month,No,Electronic check,0,Yes,No,No,Yes,No internet service,No internet service,No internet service,No internet service,No internet service,No internet service,23.29,604.69,No
22,Month-to-month,No,Mailed check,0,No,Yes,No,No,No internet service,No internet service,No internet service,No internet service,No internet service,No internet service,19.67,441.98,No
72,One year,DSL,Electronic check,1,Yes,No,Yes,Yes,No,No,Yes,No,No,Yes,57.42,4040.89,No
36,Month-to-month,Fiber optic,Electronic check,0,No,No,Yes,Yes,Yes,No,No,No,No,No,70.34,2494.26,No
13,Two year,Fiber optic,Credit card,0,Yes,No,Yes,Yes,No,No,Yes,No,No,No,71.02,897.83,No
51,Two year,DSL,Electronic check,0,Yes,No,No,Yes,No,No,No,Yes,No,No,53.14,2825.9,No
42,Month-to-month,No,Credit card,0,No,No,Yes,Yes,No internet service,No internet service,No internet service,No internet service,No internet service,No internet service,22.63,940.49,No
41,Two year,Fiber optic,Credit card,0,No,Yes,No,No,No,No,No,No,No,No,70.51,2990.71,No
38,One year,Fiber optic,Bank transfer,0,No,Yes,Yes,Yes,No,No,No,Yes,Yes,Yes,86.67,3280.0,Yes
19,Month-to-month,DSL,Bank transfer,0,No,No,Yes,Yes,Yes,No,No,No,Yes,Yes,60.01,1152.4,Yes
43,Month-to-month,DSL,Electronic check,0,Yes,No,Yes,Yes,No,No,Yes,No,Yes,No,53.98,2424.16,No
1,Month-to-month,Fiber optic,Mailed check,0,No,No,Yes,Yes,No,No,No,No,Yes,No,71.58,70.14,Yes
40,Two year,DSL,Mailed check,0,Yes,No,Yes,Yes,No,No,Yes,No,No,No,52.11,2095.41,No
26,Month-to-month,No,Electronic check,0,No,No,No,Yes,No internet service,No internet service,No internet service,No internet service,No internet service,No internet service,18.0,489.99,Yes
24,Month-to-month,Fiber optic,Bank transfer,0,No,No,Yes,Yes,No,Yes,Yes,Yes,Yes,Yes,89.75,2088.82,Yes
46,One year,DSL,Electronic check,0,Yes,No,Yes,Yes,No,No,Yes,Yes,Yes,Yes,73.88,3281.46,No
23,Month-to-month,DSL,Electronic check,0,No,No,Yes,Yes,No,No,No,No,Yes,No,50.41,1123.48,Yes
16,Month-to-month,DSL,Bank transfer,0,No,Yes,Yes,Yes,No,No,No,Yes,No,No,50.72,842.53,Yes
47,One year,No,Mailed check,0,Yes,Yes,Yes,Yes,No internet service,No internet service,No internet service,No internet service,No internet service,No internet service,24.73,1133.82,No
21,Month-to-month,DSL,Electronic check,0,Yes,Yes,Yes,Yes,Yes,No,No,No,Yes,Yes,66.05,1373.72,No
14,Month-to-month,DSL,Electronic check,0,No,No,No,Yes,Yes,No,Yes,No,Yes,No,66.26,967.04,No
17,Month-to-month,Fiber optic,Electronic check,1,Yes,No,Yes,Yes,No,No,No,Yes,Yes,No,75.4,1302.51,Yes
9,Month-to-month,DSL,Mailed check,0,Yes,No,No,No,Yes,No,No,Yes,Yes,No,67.54,596.56,No
7,Month-to-month,Fiber optic,Mailed check,0,No,No,Yes,No,No,No,Yes,No,Yes,No,75.41,504.78,Yes
63,Two year,Fiber optic,Electronic check,0,No,Yes,Yes,Yes,No,No,Yes,Yes,No,Yes,78.82,4759.1,No
33,Two year,DSL,Bank transfer,0,No,Yes,Yes,No,No,Yes,No,No,No,No,53.72,1796.92,No
29,Month-to-month,DSL,Credit card,0,No,Yes,Yes,Yes,No,No,Yes,No,Yes,Yes,66.05,1863.0,Yes
50,Two year,No,Bank transfer,0,Yes,Yes,Yes,Yes,No internet service,No internet service,No internet service,No internet service,No internet service,No internet service,18.0,899.95,No
36,One year,DSL,Mailed check,1,Yes,No,No,Yes,No,No,Yes,No,No,No,53.04,1968.55,No
35,One year,No,Bank transfer,0,Yes,Yes,Yes,Yes,No internet service,No internet service,No internet service,No internet service,No internet service,No internet service,20.7,725.85,No
46,One year,Fiber optic,Credit card,0,Yes,No,Yes,Yes,Yes,No,No,No,Yes,No,71.83,3186.36,Yes
62,One year,DSL,Credit card,0,No,No,No,No,No,Yes,No,Yes,No,No,61.91,3982.97,No
72,Two year,No,Electronic check,0,Yes,Yes,Yes,Yes,No internet service,No internet service,No internet service,No internet service,No internet service,No internet service,18.0,1271.65,No
35,Month-to-month,Fiber optic,Electronic check,0,Yes,No,No,Yes,Yes,No,Yes,Yes,No,No,85.57,3101.26,No
19,Month-to-month,No,Electronic check,0,No,No,No,Yes,No internet service,No internet service,No internet service,No internet service,No internet service,No internet service,18.0,357.21,Yes
31,Month-to-month,DSL,Bank transfer,0,No,No,Yes,Yes,Yes,No,Yes,No,No,Yes,64.07,1917.74,No
0,Month-to-month,Fiber optic,Electronic check,0,No,Yes,Yes,Yes,Yes,No,No,No,Yes,Yes,88.52,92.64,No
48,One year,DSL,Credit card,1,No,No,No,Yes,No,No,No,No,Yes,No,50.18,2526.41,No
24,Month-to-month,Fiber optic,Electronic check,0,No,No,Yes,Yes,No,No,No,Yes,Yes,Yes,83.02,1923.71,Yes
0,Month-to-month,Fiber optic,Bank transfer,0,No,No,Yes,Yes,Yes,No,No,Yes,Yes,No,88.12,92.38,Yes
9,Month-to-month,Fiber optic,Electronic check,0,No,Yes,Yes,Yes,No,No,No,No,No,No,63.73,597.74,Yes
22,Month-to-month,Fiber optic,Mailed check,0,No,No,Yes,Yes,No,Yes,No,Yes,No,Yes,82.39,1860.75,No
44,One year,Fiber optic,Mailed check,0,No,Yes,No,Yes,No,Yes,No,No,No,No,70.47,2974.45,No
53,One year,No,Bank transfer,0,Yes,No,No,Yes,No internet service,No internet service,No internet service,No internet service,No internet service,No internet service,21.45,1193.67,Yes
45,Month-to-month,Fiber optic,Mailed check,1,No,Yes,No,Yes,No,No,No,Yes,No,Yes,77.39,3358.76,No
16,Month-to-month,No,Mailed check,0,Yes,No,Yes,Yes,No internet service,No internet service,No internet service,No internet service,No internet service,No internet service,18.69,297.32,No
0,Month-to-month,DSL,Bank transfer,0,Yes,Yes,No,Yes,No,No,Yes,Yes,Yes,No,66.28,66.11,Yes
31,Month-to-month,Fiber optic,Credit card,0,No,No,No,Yes,No,Yes,No,No,Yes,Yes,86.95,2774.73,No
59,One year,Fiber optic,Credit card,1,Yes,No,No,Yes,No,No,Yes,No,Yes,No,82.98,4963.26,No
58,One year,No,Bank transfer,1,No,No,No,Yes,No internet service,No internet service,No internet service,No internet service,No internet service,No internet service,22.37,1342.59,No
26,Month-to-month,DSL,Mailed check,0,No,Yes,No,Yes,Yes,No,Yes,No,No,Yes,62.97,1679.91,No
50,Month-to-month,No,Credit card,0,Yes,No,Yes,Yes,No internet service,No internet service,No internet service,No internet service,No internet service,No internet service,18.14,871.56,No
50,Two year,Fiber optic,Mailed check,0,No,No,Yes,No,No,Yes,Yes,Yes,Yes,Yes,97.73,4888.98,No
64,One year,DSL,Credit card,0,No,No,Yes,No,No,Yes,No,No,Yes,No,64.99,4212.88,No
0,Month-to-month,DSL,Credit card,0,No,No,Yes,No,No,No,No,No,No,No,43.05,43.09,Yes
0,Month-to-month,No,Electronic check,0,Yes,Yes,Yes,Yes,No internet service,No internet service,No internet service,No internet service,No internet service,No internet service,23.19,23.17,No
0,Month-to-month,Fiber optic,Electronic check,1,No,No,Yes,Yes,Yes,Yes,No,Yes,Yes,Yes,100.13,103.24,No
45,Two year,No,Bank transfer,0,Yes,No,Yes,Yes,No internet service,No internet service,No internet service,No internet service,No internet service,No internet service,18.12,849.3,No
18,Month-to-month,Fiber optic,Bank transfer,0,No,Yes,No,Yes,No,No,No,Yes,No,No,73.41,1348.56,Yes
3,Month-to-month,No,Bank transfer,0,Yes,Yes,No,Yes,No internet service,No internet service,No internet service,No internet service,No internet service,No internet service,20.02,62.65,No
56,Two year,DSL,Credit card,0,Yes,No,Yes,Yes,Yes,No,No,No,No,No,54.31,2928.97,No
48,One year,DSL,Mailed check,0,Yes,No,Yes,Yes,No,No,Yes,No,No,Yes,56.47,2839.76,No
24,Month-to-month,Fiber optic,Mailed check,0,No,No,No,Yes,No,No,Yes,No,Yes,Yes,79.45,1824.87,No
16,Month-to-month,No,Mailed check,1,No,No,Yes,Yes,No internet service,No internet service,No internet service,No internet service,No internet service,No internet service,18.34,293.97,Yes
37,Month-to-month,Fiber optic,Electronic check,0,No,No,No,Yes,No,No,Yes,No,No,Yes,76.31,2915.44,No
25,One year,DSL,Bank transfer,0,No,No,Yes,Yes,No,No,Yes,Yes,Yes,No,68.74,1767.04,No
14,Month-to-month,DSL,Credit card,0,Yes,No,No,Yes,No,No,No,No,No,No,44.09,640.03,No
45,Two year,DSL,Electronic check,0,No,No,Yes,Yes,Yes,No,Yes,Yes,Yes,No,70.26,3243.45,No
64,Two year,DSL,Credit card,0,Yes,Yes,No,Yes,No,No,Yes,No,No,Yes,57.96,3725.85,No
11,Month-to-month,DSL,Credit card,0,No,No,Yes,No,No,Yes,Yes,No,Yes,Yes,71.92,819.64,No
44,One year,DSL,Electronic check,0,No,No,Yes,Yes,No,Yes,Yes,Yes,No,No,71.57,3275.34,No
31,Month-to-month,DSL,Credit card,0,Yes,Yes,Yes,Yes,No,No,No,Yes,No,Yes,53.74,1691.19,No
10,Month-to-month,DSL,Bank transfer,0,Yes,Yes,Yes,Yes,Yes,No,Yes,Yes,Yes,No,68.97,711.37,No
12,One year,DSL,Mailed check,0,No,Yes,Yes,Yes,Yes,No,No,Yes,Yes,Yes,70.13,869.1,No
14,Month-to-month,No,Electronic check,0,No,No,Yes,Yes,No internet service,No internet service,No internet service,No internet service,No internet service,No internet service,21.34,285.33,No
5,Month-to-month,DSL,Electronic check,1,No,Yes,Yes,Yes,No,No,No,Yes,Yes,No,62.08,321.82,No
8,Month-to-month,Fiber optic,Bank transfer,0,No,No,Yes,Yes,Yes,No,No,Yes,No,Yes,83.65,665.0,No
0,Month-to-month,DSL,Electronic check,1,No,No,Yes,Yes,Yes,Yes,No,No,Yes,Yes,71.73,68.65,Yes
0,Month-to-month,Fiber optic,Electronic check,1,Yes,No,Yes,Yes,No,Yes,No,No,Yes,Yes,86.76,84.09,Yes
51,One year,Fiber optic,Credit card,0,No,No,Yes,Yes,No,No,No,Yes,Yes,No,76.09,3786.73,No
39,Two year,No,Bank transfer,0,No,No,Yes,Yes,No internet service,No internet service,No internet service,No internet service,No internet service,No internet service,22.0,837.33,No
56,One year,Fiber optic,Bank transfer,0,Yes,No,No,Yes,No,No,Yes,Yes,No,No,79.73,4639.11,No
43,Two year,DSL,Credit card,0,No,No,Yes,Yes,Yes,Yes,Yes,Yes,No,No,69.59,3124.24,No
26,Month-to-month,No,Electronic check,1,Yes,No,Yes,Yes,No internet service,No internet service,No internet service,No internet service,No internet service,No internet service,21.7,577.14,Yes
50,Two year,Fiber optic,Electronic check,0,No,No,Yes,Yes,No,No,No,No,No,No,67.16,3466.3,No
28,Month-to-month,Fiber optic,Bank transfer,0,No,No,Yes,Yes,Yes,No,No,No,Yes,Yes,78.93,2153.88,Yes
14,Month-to-month,Fiber optic,Mailed check,0,No,No,Yes,Yes,Yes,Yes,No,No,Yes,Yes,89.7,1221.08,Yes
57,Two year,Fiber optic,Electronic check,0,No,No,No,Yes,No,No,Yes,No,Yes,No,76.73,4212.78,No
38,Month-to-month,DSL,Bank transfer,0,No,No,No,Yes,No,Yes,Yes,No,No,Yes,66.5,2515.61,Yes
26,Month-to-month,DSL,Electronic check,0,Yes,No,Yes,Yes,Yes,Yes,Yes,Yes,No,No,68.14,1789.04,No
7,Month-to-month,DSL,Mailed check,0,No,No,Yes,Yes,No,No,No,Yes,Yes,Yes,62.63,430.77,Yes
0,Month-to-month,Fiber optic,Mailed check,0,Yes,Yes,Yes,Yes,Yes,No,Yes,No,No,Yes,84.43,82.89,Yes
16,Month-to-month,DSL,Bank transfer,0,No,No,Yes,Yes,Yes,No,No,No,No,No,54.2,869.83,No
25,Month-to-month,Fiber optic,Electronic check,0,No,No,No,Yes,Yes,No,No,No,No,No,70.93,1828.77,Yes
56,Two year,DSL,Electronic check,0,Yes,No,No,Yes,Yes,Yes,No,No,No,Yes,61.96,3303.77,No
4,Month-to-month,DSL,Credit card,1,Yes,No,Yes,Yes,Yes,No,No,Yes,Yes,Yes,69.89,280.6,No
20,Month-to-month,Fiber optic,Credit card,0,Yes,No,No,Yes,Yes,Yes,Yes,Yes,No,No,91.88,1861.31,No
29,Month-to-month,No,Mailed check,0,No,Yes,No,No,No internet service,No internet service,No internet service,No internet service,No internet service,No internet service,21.67,638.44,No
72,Two year,DSL,Electronic check,0,Yes,No,No,Yes,Yes,No,No,No,Yes,No,58.41,4116.16,No
14,Month-to-month,Fiber optic,Bank transfer,1,Yes,No,Yes,Yes,No,Yes,Yes,No,No,No,76.55,1076.54,No
57,Month-to-month,DSL,Electronic check,0,Yes,Yes,No,Yes,Yes,No,Yes,Yes,Yes,No,68.31,3951.13,No
41,Month-to-month,DSL,Electronic check,0,Yes,Yes,Yes,Yes,Yes,No,Yes,No,Yes,Yes,70.34,2756.86,No
41,One year,Fiber optic,Electronic check,0,Yes,No,Yes,Yes,No,No,Yes,No,No,Yes,78.95,3106.7,No
58,Two year,Fiber optic,Electronic check,0,No,No,Yes,Yes,No,No,Yes,No,No,Yes,77.42,4278.39,Yes
60,One year,DSL,Electronic check,0,No,Yes,Yes,No,No,No,No,No,Yes,Yes,53.18,3094.89,No
39,Two year,No,Electronic check,0,No,No,Yes,Yes,No internet service,No internet service,No internet service,No internet service,No internet service,No internet service,21.63,807.57,No
5,Month-to-month,DSL,Credit card,0,Yes,Yes,Yes,Yes,No,Yes,Yes,No,No,Yes,64.18,317.71,No
0,Month-to-month,DSL,Mailed check,0,No,No,No,Yes,Yes,Yes,No,Yes,No,No,62.11,61.77,No
14,Month-to-month,DSL,Mailed check,1,No,Yes,Yes,No,No,Yes,No,No,Yes,Yes,62.47,893.69,No
4,Month-to-month,DSL,Electronic check,0,No,No,No,Yes,No,No,No,No,No,Yes,51.43,212.81,Yes
12,Month-to-month,Fiber optic,Credit card,0,No,No,Yes,Yes,No,No,Yes,No,Yes,No,74.41,889.81,Yes
17,Month-to-month,Fiber optic,Electronic check,0,Yes,No,Yes,Yes,Yes,Yes,No,Yes,No,No,86.75,1443.43,Yes
0,Month-to-month,No,Electronic check,0,No,Yes,Yes,Yes,No internet service,No internet service,No internet service,No internet service,No internet service,No internet service,21.39,22.19,Yes
60,One year,No,Bank transfer,0,Yes,No,No,Yes,No internet service,No internet service,No internet service,No internet service,No internet service,No internet service,18.25,1143.91,No
37,Month-to-month,No,Bank transfer,1,No,No,Yes,Yes,No internet service,No internet service,No internet service,No internet service,No internet service,No internet service,19.45,722.71,No
31,One year,Fiber optic,Credit card,0,No,No,No,Yes,Yes,Yes,Yes,Yes,No,No,88.75,2725.77,No
62,One year,DSL,Mailed check,1,Yes,No,Yes,Yes,No,Yes,No,Yes,No,Yes,67.1,4278.32,No
24,Month-to-month,DSL,Mailed check,0,Yes,No,No,Yes,Yes,No,No,Yes,No,No,55.68,1345.2,No
36,Month-to-month,Fiber optic,Electronic check,0,No,Yes,Yes,Yes,No,Yes,No,Yes,No,Yes,86.04,3035.54,Yes
16,One year,Fiber optic,Mailed check,0,Yes,Yes,No,Yes,Yes,No,Yes,No,No,No,80.91,1263.65,No
33,One year,No,Mailed check,0,Yes,No,No,Yes,No internet service,No internet service,No internet service,No internet service,No internet service,No internet service,22.08,744.8,No
28,Month-to-month,DSL,Electronic check,0,No,No,No,No,No,No,No,Yes,Yes,No,59.95,1691.97,No
15,Month-to-month,DSL,Electronic check,0,Yes,No,Yes,Yes,No,No,No,Yes,No,Yes,58.81,924.08,Yes
35,One year,Fiber optic,Credit card,0,Yes,Yes,Yes,Yes,No,No,No,Yes,Yes,No,77.76,2812.57,No
36,One year,DSL,Electronic check,0,Yes,Yes,Yes,Yes,Yes,Yes,Yes,No,Yes,No,71.59,2487.24,No
24,Month-to-month,Fiber optic,Electronic check,0,No,No,No,Yes,No,Yes,No,Yes,Yes,Yes,88.94,2235.2,Yes
20,Month-to-month,Fiber optic,Credit card,0,No,No,Yes,No,No,No,No,No,No,No,65.82,1375.44,Yes
72,Two year,DSL,Bank transfer,0,No,No,Yes,Yes,Yes,No,No,Yes,Yes,Yes,68.85,5109.68,No
2,Month-to-month,Fiber optic,Bank transfer,0,No,No,Yes,Yes,No,No,No,No,Yes,No,74.24,145.52,No
56,Two year,No,Bank transfer,0,Yes,No,Yes,Yes,No internet service,No internet service,No internet service,No internet service,No internet service,No internet service,18.0,991.19,No
29,Month-to-month,DSL,Electronic check,0,Yes,No,No,Yes,Yes,No,Yes,Yes,No,Yes,71.37,1974.75,No
0,Month-to-month,Fiber optic,Credit card,1,Yes,No,No,Yes,No,Yes,Yes,No,Yes,No,83.87,80.94,Yes
13,Month-to-month,Fiber optic,Electronic check,0,Yes,No,Yes,Yes,No,No,Yes,Yes,Yes,No,83.42,1079.99,Yes
21,Month-to-month,DSL,Credit card,1,Yes,Yes,No,Yes,Yes,No,No,Yes,No,Yes,62.55,1267.93,No
72,Two year,Fiber optic,Electronic check,0,Yes,Yes,No,Yes,No,Yes,Yes,Yes,Yes,No,93.84,6558.54,No
20,Month-to-month,Fiber optic,Bank transfer,0,No,No,No,Yes,Yes,Yes,Yes,No,Yes,Yes,105.53,2093.77,No
66,Two year,Fiber optic,Mailed check,0,Yes,No,No,No,No,Yes,Yes,Yes,No,No,86.09,5747.05,No
31,Month-to-month,Fiber optic,Electronic check,0,No,Yes,No,Yes,Yes,No,Yes,No,Yes,No,84.19,2700.25,Yes
10,Two year,DSL,Mailed check,0,No,No,No,Yes,No,No,No,No,Yes,Yes,54.92,527.07,No
55,Two year,DSL,Bank transfer,0,No,No,No,Yes,No,No,No,No,No,No,46.56,2458.76,No
31,One year,Fiber optic,Electronic check,1,No,Yes,No,Yes,Yes,Yes,Yes,No,Yes,No,89.92,2710.91,Yes
42,Month-to-month,No,Credit card,0,No,No,Yes,Yes,No internet service,No internet service,No internet service,No internet service,No internet service,No internet service,19.82,839.9,No
49,One year,Fiber optic,Electronic check,0,Yes,Yes,Yes,Yes,No,No,Yes,Yes,No,Yes,82.33,4118.07,No
32,Month-to-month,DSL,Bank transfer,0,No,Yes,Yes,Yes,No,Yes,No,No,Yes,No,60.27,2001.9,No
62,Two year,Fiber optic,Bank transfer,1,Yes,Yes,Yes,Yes,No,No,Yes,No,Yes,No,80.15,5044.83,No
20,Month-to-month,DSL,Mailed check,0,No,No,No,Yes,Yes,Yes,No,No,No,Yes,66.61,1355.19,No
31,Month-to-month,Fiber optic,Bank transfer,0,No,No,No,Yes,No,No,No,No,No,No,64.78,2090.74,Yes
18,Month-to-month,DSL,Bank transfer,1,No,No,Yes,No,No,No,No,No,Yes,Yes,59.33,1092.53,Yes
59,One year,Fiber optic,Bank transfer,0,Yes,No,Yes,Yes,No,Yes,No,Yes,No,Yes,80.24,4563.04,No
37,Two year,No,Mailed check,0,No,Yes,No,Yes,No internet service,No internet service,No internet service,No internet service,No internet service,No internet service,18.0,695.98,No
35,Month-to-month,Fiber optic,Bank transfer,0,No,No,Yes,Yes,No,Yes,Yes,No,No,No,74.98,2696.46,No
32,One year,No,Mailed check,1,Yes,No,Yes,Yes,No internet service,No internet service,No internet service,No internet service,No internet service,No internet service,19.56,606.1,Yes
65,Two year,No,Electronic check,0,Yes,No,No,Yes,No internet service,No internet service,No internet service,No internet service,No internet service,No internet service,19.67,1299.44,No
0,Month-to-month,Fiber optic,Electronic check,0,Yes,No,Yes,Yes,No,Yes,No,No,No,Yes,77.55,76.04,Yes
22,Month-to-month,Fiber optic,Bank transfer,0,No,No,No,Yes,No,Yes,Yes,No,Yes,Yes,86.95,1951.05,No
36,One year,Fiber optic,Credit card,0,No,No,No,Yes,No,No,No,No,No,No,61.84,2312.3,No
37,One year,No,Electronic check,0,Yes,No,No,Yes,No internet service,No internet service,No internet service,No internet service,No internet service,No internet service,18.0,644.58,No
0,Month-to-month,DSL,Mailed check,1,No,No,Yes,Yes,No,No,No,No,Yes,Yes,58.07,57.48,Yes
55,Two year,DSL,Electronic check,0,No,No,Yes,Yes,No,Yes,Yes,No,No,No,62.55,3420.55,No
20,Month-to-month,Fiber optic,Mailed check,0,Yes,Yes,Yes,Yes,No,Yes,No,Yes,Yes,No,89.46,1752.62,No
25,Two year,No,Bank transfer,0,No,Yes,Yes,Yes,No internet service,No internet service,No internet service,No internet service,No internet service,No internet service,22.1,564.84,No
36,Two year,Fiber optic,Bank transfer,1,No,No,Yes,Yes,Yes,Yes,No,Yes,No,Yes,86.49,2961.43,No
57,Two year,Fiber optic,Bank transfer,0,Yes,No,No,Yes,No,No,Yes,No,Yes,No,74.14,4024.4,No
25,Month-to-month,Fiber optic,Bank transfer,0,No,No,Yes,Yes,No,No,No,No,Yes,No,74.42,1950.91,No
17,Month-to-month,DSL,Electronic check,0,Yes,Yes,No,Yes,No,No,No,Yes,Yes,Yes,65.09,1116.83,Yes
19,Month-to-month,No,Mailed check,0,Yes,No,No,Yes,No internet service,No internet service,No internet service,No internet service,No internet service,No internet service,19.64,358.65,No
18,Month-to-month,No,Electronic check,0,Yes,Yes,Yes,Yes,No internet service,No internet service,No internet service,No internet service,No internet service,No internet service,18.34,325.22,No
29,One year,Fiber optic,Credit card,0,Yes,No,Yes,Yes,Yes,Yes,No,No,No,No,73.66,2113.54,No
15,Month-to-month,Fiber optic,Bank transfer,0,No,Yes,Yes,Yes,No,Yes,No,No,Yes,No,81.4,1277.35,No
0,Month-to-month,No,Electronic check,0,Yes,No,No,No,No internet service,No internet service,No internet service,No internet service,No internet service,No internet service,23.55,22.59,Yes
9,Month-to-month,DSL,Electronic check,0,Yes,Yes,Yes,Yes,Yes,No,Yes,Yes,No,Yes,67.64,580.06,No
17,Month-to-month,Fiber optic,Mailed check,0,No,No,Yes,Yes,No,Yes,Yes,No,Yes,Yes,91.46,1607.24,Yes
38,Month-to-month,Fiber optic,Credit card,0,Yes,Yes,No,Yes,No,No,No,Yes,Yes,Yes,85.11,3222.36,Yes
36,One year,DSL,Electronic check,0,Yes,Yes,Yes,Yes,Yes,Yes,No,No,Yes,Yes,70.77,2460.78,Yes
72,Two year,No,Mailed check,0,Yes,No,Yes,No,No internet service,No internet service,No internet service,No internet service,No internet service,No internet service,22.43,1576.34,No
49,Month-to-month,DSL,Mailed check,0,No,Yes,Yes,Yes,Yes,No,Yes,No,No,No,58.56,2737.18,No
55,Two year,Fiber optic,Bank transfer,0,Yes,No,Yes,Yes,No,No,No,No,No,Yes,71.95,3920.53,No
47,Two year,DSL,Bank transfer,1,Yes,Yes,No,Yes,No,No,Yes,Yes,No,No,54.58,2598.83,No
54,Month-to-month,Fiber optic,Electronic check,0,No,No,No,Yes,No,No,No,Yes,No,No,68.94,3832.93,No
50,One year,No,Bank transfer,0,Yes,No,Yes,Yes,No internet service,No internet service,No internet service,No internet service,No internet service,No internet service,19.19,911.89,No
25,Month-to-month,Fiber optic,Electronic check,1,No,No,No,Yes,Yes,Yes,No,Yes,Yes,Yes,103.0,2526.06,No
6,Month-to-month,Fiber optic,Credit card,0,No,Yes,Yes,Yes,Yes,Yes,No,Yes,Yes,Yes,96.34,579.77,No
11,Month-to-month,DSL,Electronic check,1,No,No,Yes,Yes,No,No,Yes,Yes,Yes,Yes,68.18,778.92,Yes
2,Month-to-month,Fiber optic,Bank transfer,0,Yes,Yes,No,Yes,Yes,Yes,No,No,Yes,No,83.2,158.16,Yes
72,Two year,Fiber optic,Mailed check,0,No,No,Yes,Yes,Yes,Yes,Yes,Yes,Yes,No,98.38,6777.29,No
62,Two year,DSL,Bank transfer,0,Yes,No,No,Yes,No,Yes,No,Yes,Yes,No,62.98,3728.39,No
49,Two year,DSL,Electronic check,1,Yes,Yes,Yes,Yes,Yes,No,Yes,Yes,No,No,63.44,3184.28,No
30,One year,No,Mailed check,0,No,Yes,Yes,Yes,No internet service,No internet service,No internet service,No internet service,No internet service,No internet service,22.17,672.73,No
22,One year,Fiber optic,Electronic check,0,Yes,No,Yes,Yes,No,No,No,Yes,No,Yes,75.51,1593.05,Yes
53,Two year,Fiber optic,Mailed check,0,Yes,No,No,Yes,No,Yes,Yes,Yes,No,No,80.89,4264.72,No
21,Month-to-month,DSL,Credit card,0,No,Yes,Yes,No,Yes,No,No,No,No,No,54.0,1124.2,No
0,Month-to-month,Fiber optic,Mailed check,1,Yes,No,No,Yes,Yes,No,No,No,No,No,69.52,69.29,Yes
23,One year,Fiber optic,Mailed check,0,Yes,Yes,Yes,Yes,No,Yes,No,No,No,No,69.53,1573.49,No
7,Month-to-month,No,Bank transfer,0,No,No,Yes,Yes,No internet service,No internet service,No internet service,No internet service,No internet service,No internet service,20.39,139.68,No
35,Month-to-month,No,Mailed check,0,Yes,Yes,No,No,No internet service,No internet service,No internet service,No internet service,No internet service,No internet service,22.11,748.68,No
9,Month-to-month,Fiber optic,Credit card,0,No,No,Yes,Yes,No,No,Yes,Yes,No,No,76.94,695.45,Yes
9,One year,No,Mailed check,0,No,No,Yes,Yes,No internet service,No internet service,No internet service,No internet service,No internet service,No internet service,18.0,164.03,No
0,Month-to-month,DSL,Credit card,0,Yes,Yes,Yes,No,No,No,No,No,Yes,Yes,53.9,55.12,No
46,Month-to-month,Fiber optic,Credit card,0,Yes,No,Yes,Yes,No,Yes,Yes,No,No,Yes,84.66,3825.35,No
12,Month-to-month,DSL,Mailed check,0,Yes,Yes,No,Yes,No,No,No,No,No,Yes,51.41,616.38,Yes
1,Month-to-month,Fiber optic,Mailed check,1,Yes,No,No,Yes,No,No,No,No,No,No,67.67,67.72,Yes
27,Two year,Fiber optic,Bank transfer,0,Yes,No,Yes,Yes,Yes,No,Yes,No,No,Yes,88.47,2344.01,No
18,Month-to-month,No,Bank transfer,0,No,Yes,No,Yes,No internet service,No internet service,No internet service,No internet service,No internet service,No internet service,20.52,385.93,Yes
40,One year,DSL,Electronic check,0,Yes,No,Yes,Yes,Yes,No,No,Yes,No,No,54.3,2219.09,No
45,One year,Fiber optic,Electronic check,0,No,Yes,No,Yes,Yes,No,No,No,Yes,Yes,84.76,3889.3,No
62,Month-to-month,DSL,Electronic check,0,Yes,No,No,Yes,No,No,No,No,Yes,No,48.58,2938.91,No
34,Two year,No,Bank transfer,0,Yes,No,No,Yes,No internet service,No internet service,No internet service,No internet service,No internet service,No internet service,18.0,620.96,No
32,One year,Fiber optic,Bank transfer,0,Yes,No,No,Yes,Yes,Yes,No,No,No,Yes,90.34,2979.69,No
43,One year,No,Electronic check,0,Yes,No,No,Yes,No internet service,No internet service,No internet service,No internet service,No internet service,No internet service,20.94,933.76,No
11,Month-to-month,No,Mailed check,0,No,No,No,Yes,No internet service,No internet service,No internet service,No internet service,No internet service,No internet service,19.4,203.71,No
0,Month-to-month,Fiber optic,Bank transfer,0,No,No,No,Yes,Yes,No,Yes,No,Yes,Yes,96.65,97.82,No
62,Two year,DSL,Credit card,0,No,No,No,No,Yes,Yes,Yes,Yes,No,No,69.43,4398.87,No
44,Two year,DSL,Electronic check,0,Yes,Yes,Yes,Yes,No,Yes,Yes,Yes,No,Yes,76.34,3253.87,No
37,Two year,DSL,Electronic check,1,Yes,No,No,Yes,Yes,No,Yes,No,Yes,No,63.95,2406.35,No
40,Two year,Fiber optic,Mailed check,0,No,No,No,Yes,No,Yes,Yes,No,No,No,78.59,3141.16,No
43,Month-to-month,Fiber optic,Bank transfer,0,No,No,No,Yes,No,Yes,Yes,No,Yes,Yes,89.79,3992.04,Yes
72,Two year,Fiber optic,Electronic check,0,Yes,No,No,No,No,No,No,No,Yes,Yes,77.31,5311.07,No
1,Month-to-month,DSL,Electronic check,0,Yes,No,Yes,Yes,No,No,Yes,Yes,Yes,No,61.52,61.6,Yes
26,Two year,DSL,Bank transfer,0,Yes,Yes,Yes,Yes,No,Yes,No,No,Yes,Yes,61.82,1566.86,No
32,Month-to-month,DSL,Mailed check,0,Yes,No,Yes,Yes,Yes,Yes,Yes,Yes,No,No,73.52,2456.66,No
51,Month-to-month,DSL,Electronic check,0,No,Yes,Yes,Yes,No,Yes,No,No,No,No,51.91,2760.78,No
72,One year,Fiber optic,Mailed check,1,Yes,No,No,Yes,No,Yes,Yes,No,Yes,No,83.89,5982.99,No
31,Two year,Fiber optic,Electronic check,0,No,No,Yes,Yes,No,Yes,No,Yes,No,No,75.53,2421.17,No
60,One year,No,Mailed check,0,No,No,Yes,Yes,No internet service,No internet service,No internet service,No internet service,No internet service,No internet service,18.91,1120.31,No
18,Month-to-month,DSL,Mailed check,0,No,No,Yes,Yes,No,No,Yes,Yes,Yes,No,61.34,1133.32,No
0,Month-to-month,No,Electronic check,0,Yes,Yes,No,No,No internet service,No internet service,No internet service,No internet service,No internet service,No internet service,21.78,21.14,Yes
40,Two year,Fiber optic,Electronic check,0,No,No,Yes,Yes,Yes,Yes,Yes,No,No,Yes,91.13,3675.09,No
5,Month-to-month,Fiber optic,Credit card,0,No,No,Yes,Yes,Yes,No,No,No,No,Yes,80.72,418.3,Yes
26,Month-to-month,No,Credit card,0,Yes,Yes,Yes,Yes,No internet service,No internet service,No internet service,No internet service,No internet service,No internet service,22.75,586.97,No
16,One year,Fiber optic,Electronic check,0,No,No,Yes,Yes,No,No,Yes,Yes,No,No,77.42,1278.28,Yes
33,Month-to-month,Fiber optic,Bank transfer,0,Yes,Yes,No,Yes,No,Yes,Yes,No,No,No,77.66,2534.56,No
46,One year,DSL,Electronic check,0,Yes,No,No,Yes,No,No,Yes,No,No,No,50.8,2278.76,No
34,Month-to-month,DSL,Credit card,0,No,Yes,Yes,Yes,Yes,Yes,Yes,Yes,Yes,Yes,82.96,2934.44,No
43,Two year,No,Credit card,0,No,Yes,No,Yes,No internet service,No internet service,No internet service,No internet service,No internet service,No internet service,18.0,758.18,No
60,Two year,No,Bank transfer,0,No,No,No,Yes,No internet service,No internet service,No internet service,No internet service,No internet service,No internet service,19.94,1165.1,No
37,Two year,DSL,Bank transfer,0,Yes,No,Yes,Yes,No,No,Yes,No,Yes,No,57.46,2201.83,No
49,One year,Fiber optic,Mailed check,0,No,No,Yes,No,No,Yes,Yes,No,Yes,No,79.41,4058.74,No
14,Month-to-month,DSL,Electronic check,0,No,Yes,Yes,Yes,No,No,Yes,Yes,No,No,58.71,834.64,No
36,One year,No,Mailed check,0,Yes,No,Yes,Yes,No internet service,No internet service,No internet service,No internet service,No internet service,No internet service,23.85,891.71,No
53,Two year,Fiber optic,Electronic check,0,No,Yes,Yes,Yes,No,No,Yes,No,No,No,72.71,3773.39,No
10,One year,No,Bank transfer,0,Yes,Yes,No,Yes,No internet service,No internet service,No internet service,No internet service,No internet service,No internet service,23.73,234.84,No
57,One year,DSL,Mailed check,0,Yes,No,Yes,Yes,No,No,No,Yes,Yes,Yes,65.05,3871.24,No
39,One year,Fiber optic,Electronic check,1,No,No,No,Yes,No,Yes,No,No,No,Yes,78.26,3196.58,No
57,One year,DSL,Bank transfer,0,Yes,No,Yes,Yes,No,Yes,No,Yes,Yes,Yes,72.13,4032.22,Yes
56,One year,DSL,Credit card,0,Yes,No,Yes,Yes,No,Yes,Yes,Yes,No,Yes,73.24,3911.4,No
5,Month-to-month,Fiber optic,Bank transfer,0,Yes,No,No,Yes,Yes,Yes,No,No,Yes,No,85.19,417.64,No
14,Month-to-month,Fiber optic,Mailed check,0,No,No,No,Yes,No,No,No,No,Yes,Yes,78.17,1121.99,Yes
13,One year,DSL,Credit card,0,Yes,Yes,No,Yes,No,No,No,Yes,No,Yes,56.32,735.38,Yes
38,Month-to-month,Fiber optic,Electronic check,0,Yes,Yes,Yes,Yes,Yes,No,No,No,No,No,70.25,2688.63,Yes
59,Two year,Fiber optic,Bank transfer,0,Yes,No,Yes,Yes,No,No,Yes,No,Yes,No,78.8,4461.76,No
41,One year,DSL,Mailed check,0,Yes,No,Yes,Yes,Yes,No,No,No,No,Yes,56.16,2292.68,No
14,Month-to-month,DSL,Electronic check,0,Yes,No,Yes,Yes,No,Yes,Yes,No,No,Yes,66.31,963.09,Yes
38,Two year,DSL,Credit card,0,No,No,Yes,No,No,No,Yes,No,Yes,Yes,62.8,2340.83,No
59,One year,No,Mailed check,0,No,No,No,No,No internet service,No internet service,No internet service,No internet service,No internet service,No internet service,20.73,1170.17,No
70,One year,No,Electronic check,0,No,No,Yes,Yes,No internet service,No internet service,No internet service,No internet service,No internet service,No internet service,21.03,1447.49,Yes
39,Month-to-month,DSL,Electronic check,0,No,No,No,No,No,No,Yes,Yes,Yes,Yes,70.15,2662.45,No
51,Two year,Fiber optic,Credit card,0,Yes,No,No,Yes,No,Yes,Yes,Yes,No,No,79.29,4196.72,No
24,Month-to-month,DSL,Credit card,0,Yes,No,Yes,Yes,No,Yes,No,Yes,Yes,No,60.19,1478.89,No
55,One year,Fiber optic,Electronic check,0,No,Yes,Yes,Yes,No,No,No,No,Yes,Yes,78.44,4284.99,No
20,Month-to-month,No,Mailed check,1,Yes,No,No,No,No internet service,No internet service,No internet service,No internet service,No internet service,No internet service,18.0,360.26,No
69,One year,DSL,Electronic check,0,No,No,Yes,Yes,No,No,No,Yes,No,Yes,56.41,3764.51,No
58,One year,Fiber optic,Bank transfer,1,Yes,No,Yes,No,Yes,No,No,No,Yes,No,77.96,4419.91,Yes
72,One year,DSL,Mailed check,0,No,No,Yes,Yes,Yes,No,Yes,No,Yes,Yes,76.02,5229.55,No
21,Month-to-month,DSL,Electronic check,0,Yes,Yes,Yes,Yes,Yes,No,No,Yes,No,No,61.57,1292.16,No
15,Two year,No,Mailed check,0,Yes,Yes,Yes,Yes,No internet service,No internet service,No internet service,No internet service,No internet service,No internet service,22.93,356.33,No
39,One year,Fiber optic,Credit card,0,No,No,Yes,Yes,No,No,Yes,Yes,Yes,No,83.99,3326.2,No
12,Month-to-month,No,Mailed check,1,Yes,No,Yes,Yes,No internet service,No internet service,No internet service,No internet service,No internet service,No internet service,18.0,210.04,No
57,Two year,Fiber optic,Electronic check,0,Yes,No,No,Yes,Yes,No,Yes,No,Yes,No,84.58,4756.82,No
67,One year,DSL,Credit card,0,Yes,No,No,Yes,No,No,No,Yes,No,No,50.95,3431.96,No
45,Two year,No,Electronic check,1,Yes,Yes,Yes,No,No internet service,No internet service,No internet service,No internet service,No internet service,No internet service,18.21,812.01,No
41,Two year,Fiber optic,Mailed check,0,No,Yes,Yes,Yes,No,No,No,Yes,No,No,70.06,2976.77,No
44,Two year,Fiber optic,Mailed check,0,No,Yes,Yes,Yes,No,Yes,Yes,No,No,Yes,82.24,3592.4,No
72,One year,No,Electronic check,0,No,No,Yes,No,No internet service,No internet service,No internet service,No internet service,No internet service,No internet service,22.18,1579.68,No
31,One year,No,Electronic check,1,No,Yes,Yes,No,No internet service,No internet service,No internet service,No internet service,No internet service,No internet service,18.0,545.17,No
22,Month-to-month,Fiber optic,Electronic check,0,No,No,No,Yes,No,Yes,No,No,No,No,70.55,1521.43,No
48,Month-to-month,DSL,Electronic check,0,Yes,No,Yes,Yes,Yes,No,No,No,Yes,No,57.28,2850.37,No
65,Two year,No,Mailed check,0,No,Yes,No,Yes,No internet service,No internet service,No internet service,No internet service,No internet service,No internet service,20.57,1390.52,No
0,Month-to-month,Fiber optic,Credit card,1,No,No,Yes,Yes,Yes,Yes,Yes,Yes,Yes,No,101.33,104.97,No
46,Two year,DSL,Electronic check,1,Yes,Yes,Yes,Yes,Yes,Yes,No,No,Yes,Yes,71.39,3158.0,No
8,Month-to-month,Fiber optic,Bank transfer,0,No,No,No,Yes,Yes,No,No,Yes,Yes,Yes,90.89,708.69,Yes
0,Month-to-month,Fiber optic,Mailed check,0,No,Yes,No,Yes,No,No,No,Yes,Yes,Yes,83.27,84.58,No
10,Month-to-month,No,Electronic check,0,Yes,No,Yes,Yes,No internet service,No internet service,No internet service,No internet service,No internet service,No internet service,21.05,216.13,Yes
0,Month-to-month,Fiber optic,Mailed check,1,No,Yes,Yes,Yes,No,No,Yes,No,Yes,No,79.06,76.93,Yes
23,Month-to-month,No,Electronic check,0,Yes,No,No,Yes,No internet service,No internet service,No internet service,No internet service,No internet service,No internet service,21.1,473.19,No
18,Month-to-month,DSL,Bank transfer,1,Yes,No,No,Yes,No,Yes,Yes,No,Yes,No,59.36,1028.39,No
43,Two year,DSL,Mailed check,0,Yes,Yes,Yes,Yes,No,Yes,No,No,No,No,54.84,2259.96,No
0,Month-to-month,Fiber optic,Bank transfer,0,No,No,Yes,Yes,Yes,No,Yes,No,Yes,Yes,96.39,99.07,Yes
40,Month-to-month,Fiber optic,Credit card,0,Yes,No,Yes,Yes,No,Yes,No,No,Yes,Yes,84.83,3520.71,No
9,Month-to-month,No,Electronic check,0,Yes,No,No,Yes,No internet service,No internet service,No internet service,No internet service,No internet service,No internet service,18.0,168.29,No
36,Month-to-month,DSL,Credit card,0,Yes,Yes,Yes,Yes,Yes,No,No,No,Yes,Yes,64.95,2229.67,No
16,Month-to-month,DSL,Electronic check,0,Yes,No,Yes,Yes,Yes,No,Yes,Yes,Yes,Yes,79.66,1296.66,No
61,One year,Fiber optic,Electronic check,0,No,No,No,Yes,Yes,No,No,No,Yes,No,77.3,4665.36,No
63,Two year,Fiber optic,Electronic check,0,Yes,Yes,No,Yes,No,No,Yes,No,No,No,74.05,4799.1,No
20,Month-to-month,Fiber optic,Credit card,0,Yes,No,No,Yes,No,Yes,Yes,No,Yes,No,86.7,1763.77,Yes
25,One year,DSL,Bank transfer,0,Yes,No,Yes,Yes,No,No,Yes,Yes,Yes,No,63.28,1608.49,Yes
39,Month-to-month,Fiber optic,Credit card,0,Yes,No,Yes,Yes,Yes,No,No,No,Yes,No,77.56,2905.55,No
15,Month-to-month,DSL,Bank transfer,0,No,No,No,Yes,No,Yes,No,Yes,No,No,57.89,904.26,No
41,Two year,DSL,Mailed check,0,No,Yes,No,Yes,No,No,No,Yes,No,No,48.09,2046.74,No
15,Month-to-month,Fiber optic,Credit card,0,Yes,No,Yes,Yes,No,No,Yes,No,Yes,Yes,83.7,1240.09,Yes
53,Two year,DSL,Credit card,1,Yes,No,Yes,Yes,No,No,No,Yes,Yes,Yes,64.08,3282.29,No
32,Month-to-month,DSL,Credit card,0,Yes,No,No,Yes,Yes,Yes,Yes,Yes,Yes,Yes,89.96,2750.26,No
0,Month-to-month,No,Mailed check,1,No,Yes,Yes,Yes,No internet service,No internet service,No internet service,No internet service,No internet service,No internet service,20.24,21.01,Yes
56,Month-to-month,Fiber optic,Credit card,0,Yes,No,No,Yes,No,No,No,Yes,Yes,No,78.47,4374.73,No
25,Month-to-month,DSL,Electronic check,0,No,Yes,Yes,Yes,Yes,Yes,No,Yes,Yes,No,73.28,1822.93,No
54,Two year,Fiber optic,Credit card,0,No,Yes,No,Yes,Yes,Yes,Yes,Yes,Yes,No,95.96,5198.01,No
25,Month-to-month,No,Credit card,0,Yes,Yes,Yes,Yes,No internet service,No internet service,No internet service,No internet service,No internet service,No internet service,18.0,431.73,No
29,Two year,DSL,Bank transfer,0,Yes,Yes,Yes,Yes,Yes,No,Yes,Yes,Yes,Yes,83.96,2470.6,No
56,Two year,Fiber optic,Electronic check,1,No,No,No,Yes,No,No,No,No,Yes,No,76.39,4397.55,No
48,One year,No,Electronic check,0,Yes,No,No,Yes,No internet service,No internet service,No internet service,No internet service,No internet service,No internet service,18.67,873.28,No
13,Month-to-month,DSL,Credit card,0,No,No,Yes,Yes,No,No,Yes,No,Yes,Yes,70.21,947.28,Yes
26,Month-to-month,Fiber optic,Credit card,0,No,No,Yes,Yes,Yes,No,Yes,Yes,Yes,Yes,98.0,2449.1,Yes
31,Month-to-month,DSL,Bank transfer,0,Yes,No,Yes,Yes,No,Yes,No,No,Yes,No,59.49,1930.63,No
42,Two year,Fiber optic,Credit card,0,No,Yes,No,Yes,Yes,Yes,No,No,Yes,No,83.63,3415.39,No
38,Month-to-month,No,Mailed check,0,Yes,No,Yes,Yes,No internet service,No internet service,No internet service,No internet service,No internet service,No internet service,18.0,663.7,No
53,Two year,DSL,Credit card,0,Yes,Yes,Yes,Yes,Yes,No,No,Yes,No,No,59.59,3243.49,No
69,One year,DSL,Electronic check,0,No,No,Yes,Yes,No,Yes,No,No,Yes,Yes,67.0,4825.63,No
39,Month-to-month,No,Electronic check,1,No,Yes,No,Yes,No internet service,No internet service,No internet service,No internet service,No internet service,No internet service,19.48,793.92,No
45,One year,No,Mailed check,0,Yes,No,Yes,Yes,No internet service,No internet service,No internet service,No internet service,No internet service,No internet service,18.0,808.71,No
5,Month-to-month,Fiber optic,Electronic check,0,No,No,No,Yes,No,No,No,No,No,Yes,70.33,344.67,No
52,Two year,Fiber optic,Mailed check,0,Yes,No,No,Yes,Yes,No,No,No,Yes,Yes,90.9,4928.36,No
34,Month-to-month,Fiber optic,Credit card,0,No,No,No,Yes,Yes,Yes,No,Yes,No,Yes,93.0,3316.02,No
45,Two year,No,Electronic check,0,Yes,No,Yes,Yes,No internet service,No internet service,No internet service,No internet service,No internet service,No internet service,18.58,827.29,No
61,Two year,No,Bank transfer,0,Yes,No,Yes,Yes,No internet service,No internet service,No internet service,No internet service,No internet service,No internet service,19.53,1238.21,No
63,Two year,DSL,Electronic check,0,No,No,No,Yes,No,No,Yes,No,No,Yes,58.42,3686.31,No
16,Month-to-month,Fiber optic,Credit card,1,No,No,Yes,Yes,No,No,Yes,Yes,No,Yes,86.11,1443.96,Yes
41,Two year,Fiber optic,Electronic check,1,Yes,Yes,No,Yes,Yes,Yes,No,No,Yes,No,79.44,3402.45,No
44,Month-to-month,No,Bank transfer,0,No,No,Yes,Yes,No internet service,No internet service,No internet service,No internet service,No internet service,No internet service,21.43,983.19,No
62,Two year,Fiber optic,Bank transfer,0,Yes,Yes,No,Yes,Yes,No,No,Yes,No,No,77.85,5007.44,No
13,Month-to-month,DSL,Mailed check,0,No,No,No,Yes,No,Yes,No,Yes,Yes,Yes,70.08,922.6,Yes
5,Month-to-month,Fiber optic,Electronic check,0,No,No,No,Yes,No,Yes,No,No,Yes,Yes,86.03,422.34,No
32,Month-to-month,Fiber optic,Electronic check,0,No,No,No,Yes,No,No,Yes,Yes,No,No,77.39,2399.75,Yes
17,Month-to-month,DSL,Mailed check,0,Yes,No,Yes,Yes,Yes,No,Yes,Yes,Yes,Yes,85.01,1511.55,No
34,Month-to-month,No,Electronic check,1,No,No,Yes,Yes,No internet service,No internet service,No internet service,No internet service,No internet service,No internet service,18.0,594.88,No
39,Two year,DSL,Electronic check,0,No,No,Yes,Yes,No,Yes,Yes,Yes,No,Yes,74.96,2942.44,No
23,Month-to-month,DSL,Bank transfer,0,Yes,No,No,Yes,No,No,No,Yes,No,Yes,56.92,1349.41,Yes
30,One year,DSL,Electronic check,0,No,Yes,Yes,Yes,Yes,No,Yes,Yes,Yes,Yes,72.0,2214.18,No
46,Month-to-month,No,Electronic check,0,Yes,No,Yes,No,No internet service,No internet service,No internet service,No internet service,No internet service,No internet service,21.99,1001.59,No
60,Two year,DSL,Mailed check,0,Yes,No,Yes,Yes,Yes,Yes,No,Yes,Yes,Yes,87.12,5380.18,No
38,Two year,DSL,Mailed check,0,No,No,No,Yes,Yes,No,No,Yes,No,Yes,61.13,2393.59,No
33,Month-to-month,DSL,Mailed check,1,Yes,No,No,Yes,Yes,No,Yes,No,No,Yes,65.1,2220.3,No
58,One year,Fiber optic,Bank transfer,0,No,Yes,No,Yes,No,Yes,No,Yes,No,Yes,86.45,4765.55,No
49,Two year,Fiber optic,Bank transfer,1,Yes,Yes,Yes,Yes,No,Yes,Yes,No,No,No,75.39,3853.66,No
41,Two year,No,Mailed check,0,Yes,No,No,Yes,No internet service,No internet service,No internet service,No internet service,No internet service,No internet service,18.0,745.99,No
0,Month-to-month,DSL,Mailed check,0,No,No,Yes,Yes,No,No,Yes,No,Yes,No,56.48,55.4,No
36,Month-to-month,Fiber optic,Electronic check,0,No,No,No,Yes,No,Yes,No,No,Yes,Yes,86.55,3076.45,Yes
26,Two year,Fiber optic,Bank transfer,0,No,No,No,Yes,No,No,No,No,Yes,Yes,79.1,1997.63,No
17,Month-to-month,No,Electronic check,0,Yes,Yes,Yes,Yes,No internet service,No internet service,No internet service,No internet service,No internet service,No internet service,21.73,352.69,No
26,Two year,DSL,Credit card,0,Yes,No,Yes,Yes,Yes,Yes,No,No,No,Yes,63.07,1655.96,No
47,Month-to-month,DSL,Bank transfer,0,No,Yes,Yes,Yes,No,No,Yes,No,Yes,Yes,57.48,2716.08,No
72,Two year,Fiber optic,Bank transfer,0,No,No,Yes,Yes,Yes,No,No,No,Yes,No,77.89,5706.45,No
23,Month-to-month,No,Mailed check,0,No,No,Yes,Yes,No internet service,No internet service,No internet service,No internet service,No internet service,No internet service,20.38,473.85,Yes
35,Month-to-month,No,Credit card,0,No,No,Yes,Yes,No internet service,No internet service,No internet service,No internet service,No internet service,No internet service,23.22,837.12,No
52,Two year,DSL,Mailed check,0,Yes,Yes,Yes,Yes,No,Yes,No,Yes,No,Yes,67.06,3390.94,No
41,Two year,Fiber optic,Mailed check,0,Yes,No,Yes,Yes,Yes,Yes,Yes,Yes,Yes,No,100.95,4217.01,No
27,Two year,DSL,Credit card,0,Yes,Yes,Yes,Yes,No,Yes,No,Yes,No,Yes,62.55,1756.11,No
67,Two year,No,Bank transfer,1,Yes,No,No,Yes,No internet service,No internet service,No internet service,No internet service,No internet service,No internet service,18.0,1244.72,No
2,Month-to-month,No,Mailed check,0,Yes,No,No,Yes,No internet service,No internet service,No internet service,No internet service,No internet service,No internet service,18.0,36.01,Yes
58,Month-to-month,No,Electronic check,0,No,No,Yes,Yes,No internet service,No internet service,No internet service,No internet service,No internet service,No internet service,18.0,1081.66,No
0,Month-to-month,DSL,Electronic check,1,No,No,No,Yes,Yes,No,Yes,Yes,No,Yes,68.18,66.93,Yes
34,Month-to-month,Fiber optic,Credit card,0,Yes,Yes,No,Yes,No,No,Yes,No,Yes,Yes,89.25,3072.95,No
38,Month-to-month,DSL,Electronic check,0,No,No,Yes,Yes,No,No,No,No,Yes,Yes,63.66,2506.22,No
33,Two year,No,Electronic check,0,Yes,No,No,Yes,No internet service,No internet service,No internet service,No internet service,No internet service,No internet service,21.06,726.25,No
11,Month-to-month,Fiber optic,Electronic check,0,No,No,No,Yes,Yes,No,No,No,No,Yes,75.21,797.34,No
14,Month-to-month,Fiber optic,Credit card,0,No,Yes,No,Yes,No,No,No,No,Yes,No,74.05,995.91,Yes
72,Month-to-month,DSL,Mailed check,0,No,No,Yes,Yes,Yes,No,No,No,No,Yes,55.49,3998.65,No
14,Month-to-month,DSL,Mailed check,0,No,No,Yes,Yes,Yes,Yes,No,Yes,No,Yes,71.49,991.21,No
0,Month-to-month,No,Credit card,0,No,No,Yes,No,No internet service,No internet service,No internet service,No internet service,No internet service,No internet service,20.1,19.77,Yes
46,One year,Fiber optic,Mailed check,0,Yes,Yes,No,Yes,No,Yes,No,No,Yes,Yes,75.23,3414.18,No
1,Month-to-month,Fiber optic,Credit card,0,No,No,No,Yes,No,Yes,No,Yes,No,No,79.98,79.03,No
37,One year,Fiber optic,Bank transfer,0,No,Yes,Yes,Yes,No,No,No,Yes,No,Yes,78.65,2959.57,No
47,Two year,DSL,Mailed check,0,Yes,No,Yes,Yes,No,No,Yes,No,Yes,No,56.42,2680.57,No
46,One year,DSL,Bank transfer,0,No,No,Yes,Yes,Yes,No,No,No,No,No,49.6,2248.99,No
29,One year,DSL,Credit card,0,Yes,No,No,Yes,No,No,No,Yes,No,Yes,60.02,1805.81,No
7,Month-to-month,DSL,Electronic check,0,No,No,Yes,Yes,No,Yes,No,No,No,No,52.32,361.35,Yes
35,Month-to-month,Fiber optic,Electronic check,0,Yes,No,Yes,Yes,Yes,No,Yes,No,Yes,Yes,95.91,3189.42,No
23,Month-to-month,DSL,Credit card,0,No,No,No,Yes,Yes,No,No,Yes,Yes,Yes,75.0,1663.97,No
54,Two year,No,Mailed check,0,Yes,No,Yes,Yes,No internet service,No internet service,No internet service,No internet service,No internet service,No internet service,21.71,1120.68,No
7,One year,DSL,Mailed check,0,Yes,No,No,Yes,No,Yes,Yes,Yes,No,Yes,74.51,521.4,No
28,Month-to-month,Fiber optic,Electronic check,0,Yes,No,Yes,Yes,No,No,No,Yes,Yes,No,78.37,2172.22,Yes
10,Month-to-month,DSL,Credit card,0,No,No,Yes,Yes,No,Yes,No,No,Yes,Yes,70.9,684.96,No
58,Two year,Fiber optic,Bank transfer,0,No,No,No,Yes,Yes,No,No,Yes,Yes,No,81.34,4782.58,No
8,One year,Fiber optic,Credit card,0,Yes,No,Yes,No,No,No,Yes,Yes,No,No,76.64,607.78,Yes
42,One year,Fiber optic,Mailed check,0,Yes,Yes,Yes,Yes,Yes,Yes,Yes,Yes,Yes,No,98.64,4173.07,No
57,Two year,Fiber optic,Credit card,0,No,No,No,Yes,No,No,Yes,No,Yes,No,79.96,4368.44,No
34,One year,Fiber optic,Mailed check,1,No,No,No,No,Yes,No,No,Yes,No,Yes,86.39,2815.13,No
24,One year,No,Bank transfer,0,Yes,Yes,Yes,Yes,No internet service,No internet service,No internet service,No internet service,No internet service,No internet service,23.45,577.63,No
37,Month-to-month,Fiber optic,Bank transfer,0,No,No,No,Yes,No,No,Yes,Yes,No,Yes,83.2,3223.95,Yes
6,Month-to-month,DSL,Mailed check,0,No,No,Yes,Yes,No,No,Yes,No,No,Yes,56.38,342.67,No
69,Two year,No,Mailed check,0,Yes,No,No,Yes,No internet service,No internet service,No internet service,No internet service,No internet service,No internet service,20.86,1407.14,No
55,One year,DSL,Electronic check,1,No,No,No,Yes,Yes,Yes,Yes,No,No,Yes,74.72,4044.76,No
5,Month-to-month,DSL,Mailed check,0,Yes,No,Yes,Yes,Yes,Yes,No,Yes,Yes,No,69.4,332.43,Yes
50,One year,DSL,Bank transfer,1,No,No,No,Yes,No,Yes,Yes,No,No,Yes,64.7,3392.48,No
11,Month-to-month,Fiber optic,Electronic check,0,No,No,Yes,No,No,Yes,No,No,Yes,Yes,81.51,928.89,No
64,Two year,Fiber optic,Bank transfer,0,No,Yes,Yes,No,No,No,Yes,Yes,Yes,No,88.0,5708.71,Yes
3,Month-to-month,DSL,Electronic check,0,No,Yes,Yes,Yes,No,No,No,No,No,No,42.42,121.46,Yes
52,Two year,No,Electronic check,1,Yes,Yes,No,Yes,No internet service,No internet service,No internet service,No internet service,No internet service,No internet service,19.1,961.52,No
19,Month-to-month,No,Bank transfer,0,No,No,No,Yes,No internet service,No internet service,No internet service,No internet service,No internet service,No internet service,18.07,329.33,No
18,Month-to-month,No,Electronic check,0,No,No,No,Yes,No internet service,No internet service,No internet service,No internet service,No internet service,No internet service,23.39,431.28,Yes
24,Month-to-month,DSL,Credit card,1,No,No,Yes,Yes,No,Yes,Yes,No,No,Yes,65.73,1635.91,Yes
41,Two year,DSL,Credit card,0,No,Yes,Yes,Yes,No,No,Yes,Yes,Yes,Yes,71.55,2937.96,No
9,Month-to-month,No,Mailed check,0,Yes,No,No,Yes,No internet service,No internet service,No internet service,No internet service,No internet service,No internet service,19.53,178.81,No
29,Month-to-month,No,Mailed check,0,Yes,Yes,Yes,Yes,No internet service,No internet service,No internet service,No internet service,No internet service,No internet service,18.0,535.87,No
31,One year,DSL,Electronic check,0,Yes,No,No,Yes,No,No,No,Yes,No,No,50.32,1536.18,No
10,Month-to-month,No,Bank transfer,0,No,No,No,No,No internet service,No internet service,No internet service,No internet service,No internet service,No internet service,18.72,196.35,No
5,Month-to-month,No,Electronic check,0,Yes,No,No,Yes,No internet service,No internet service,No internet service,No internet service,No internet service,No internet service,19.97,99.45,No
11,Month-to-month,DSL,Credit card,1,No,Yes,Yes,Yes,No,Yes,Yes,Yes,No,Yes,70.24,798.1,No
38,Two year,Fiber optic,Credit card,0,Yes,No,Yes,Yes,Yes,Yes,Yes,No,Yes,No,90.54,3281.7,No
30,Month-to-month,Fiber optic,Electronic check,0,No,No,Yes,Yes,Yes,No,No,No,No,No,73.57,2119.26,Yes
11,Month-to-month,DSL,Bank transfer,0,Yes,No,No,Yes,Yes,No,Yes,No,No,No,59.83,639.82,No
1,Month-to-month,Fiber optic,Mailed check,0,No,Yes,Yes,Yes,No,Yes,Yes,No,No,No,82.92,80.13,No
15,Month-to-month,DSL,Mailed check,0,Yes,No,No,Yes,Yes,Yes,Yes,Yes,No,No,72.55,1139.28,Yes
0,Month-to-month,DSL,Electronic check,0,Yes,Yes,No,Yes,Yes,No,No,No,No,Yes,57.31,58.4,Yes
4,Month-to-month,No,Bank transfer,0,Yes,No,No,Yes,No internet service,No internet service,No internet service,No internet service,No internet service,No internet service,18.0,73.04,Yes
40,Month-to-month,No,Electronic check,0,No,No,No,No,No internet service,No internet service,No internet service,No internet service,No internet service,No internet service,20.88,839.32,No
1,Month-to-month,DSL,Credit card,0,No,No,No,Yes,No,No,Yes,No,No,No,54.81,57.21,Yes
52,Two year,Fiber optic,Mailed check,0,No,No,Yes,Yes,No,Yes,No,No,Yes,No,78.72,4088.36,No
53,Month-to-month,Fiber optic,Bank transfer,0,No,No,No,Yes,Yes,No,Yes,Yes,No,Yes,92.74,4914.0,No
22,Month-to-month,DSL,Credit card,0,No,Yes,Yes,Yes,No,No,No,No,No,Yes,55.76,1167.13,Yes
46,Two year,Fiber optic,Bank transfer,0,No,No,No,Yes,Yes,No,Yes,Yes,Yes,Yes,101.84,4819.37,No
22,Two year,DSL,Mailed check,0,No,No,Yes,Yes,No,No,Yes,Yes,Yes,No,67.09,1516.51,No
41,One year,No,Mailed check,1,Yes,No,No,Yes,No internet service,No internet service,No internet service,No internet service,No internet service,No internet service,22.63,881.5,No
6,Month-to-month,DSL,Mailed check,0,Yes,Yes,Yes,Yes,No,Yes,Yes,Yes,No,Yes,69.9,420.59,No
27,Month-to-month,DSL,Mailed check,1,No,Yes,No,Yes,Yes,No,No,Yes,Yes,No,63.0,1739.05,No
7,Month-to-month,DSL,Credit card,0,Yes,No,Yes,Yes,No,No,Yes,No,Yes,Yes,70.08,473.84,No
22,Month-to-month,No,Electronic check,0,Yes,Yes,No,Yes,No internet service,No internet service,No internet service,No internet service,No internet service,No internet service,18.34,419.13,No
41,Month-to-month,Fiber optic,Mailed check,0,No,Yes,Yes,Yes,No,Yes,Yes,Yes,No,Yes,85.94,3478.1,Yes
49,One year,DSL,Bank transfer,0,Yes,No,Yes,Yes,No,No,No,No,Yes,No,55.15,2782.68,No
0,Month-to-month,Fiber optic,Mailed check,0,No,No,No,Yes,Yes,Yes,Yes,Yes,No,No,95.11,95.73,Yes
39,One year,DSL,Credit card,0,No,No,No,Yes,No,Yes,No,Yes,Yes,Yes,78.27,3072.52,No
33,Month-to-month,Fiber optic,Electronic check,0,Yes,Yes,Yes,Yes,Yes,No,No,Yes,Yes,No,81.09,2619.75,Yes
0,Month-to-month,DSL,Electronic check,0,Yes,No,No,Yes,No,Yes,Yes,Yes,Yes,Yes,74.82,74.85,No
72,Two year,DSL,Bank transfer,0,Yes,No,No,Yes,Yes,No,No,No,No,Yes,53.65,4037.67,No
56,Two year,Fiber optic,Mailed check,0,No,Yes,No,Yes,No,No,Yes,Yes,Yes,Yes,91.02,4971.29,No
27,Month-to-month,DSL,Credit card,1,No,Yes,Yes,Yes,No,No,Yes,Yes,Yes,Yes,79.21,2211.36,No
32,One year,Fiber optic,Mailed check,0,No,No,No,Yes,Yes,No,No,No,No,Yes,77.87,2468.47,No
19,Month-to-month,Fiber optic,Electronic check,0,Yes,No,Yes,Yes,No,No,No,No,No,No,68.98,1352.46,Yes
4,Month-to-month,Fiber optic,Electronic check,0,Yes,No,No,Yes,No,Yes,No,No,No,No,67.58,277.59,Yes
63,One year,Fiber optic,Mailed check,0,No,No,Yes,Yes,No,Yes,No,No,No,Yes,82.29,5339.83,No
47,Month-to-month,No,Bank transfer,1,No,No,No,Yes,No internet service,No internet service,No internet service,No internet service,No internet service,No internet service,20.32,978.31,No
52,Month-to-month,No,Electronic check,0,Yes,No,Yes,Yes,No internet service,No internet service,No internet service,No internet service,No internet service,No internet service,22.07,1144.93,Yes
0,Month-to-month,DSL,Mailed check,1,Yes,Yes,Yes,Yes,No,No,Yes,No,Yes,Yes,63.75,65.88,Yes
23,Month-to-month,DSL,Credit card,0,Yes,No,No,Yes,Yes,Yes,Yes,No,No,Yes,64.46,1447.62,No
25,Month-to-month,DSL,Mailed check,0,Yes,No,No,Yes,Yes,No,No,Yes,Yes,No,69.13,1787.86,No
7,Month-to-month,No,Bank transfer,0,No,No,No,Yes,No internet service,No internet service,No internet service,No internet service,No internet service,No internet service,18.14,121.77,No
60,Two year,DSL,Electronic check,0,No,No,No,No,Yes,Yes,No,No,Yes,Yes,70.97,4459.28,No
15,One year,Fiber optic,Credit card,0,Yes,No,Yes,Yes,No,No,Yes,No,No,No,67.98,1001.26,No
42,Month-to-month,DSL,Electronic check,0,No,No,No,Yes,No,Yes,No,Yes,No,Yes,59.49,2549.38,No
0,Month-to-month,No,Bank transfer,1,Yes,Yes,Yes,Yes,No internet service,No internet service,No internet service,No internet service,No internet service,No internet service,18.05,18.84,No
42,One year,Fiber optic,Electronic check,0,Yes,No,Yes,Yes,Yes,No,No,No,No,No,72.8,3014.88,No
31,Month-to-month,DSL,Electronic check,0,Yes,No,Yes,Yes,No,No,Yes,No,Yes,No,60.8,1963.09,No
8,Month-to-month,Fiber optic,Electronic check,0,Yes,No,Yes,Yes,Yes,No,Yes,No,No,No,75.67,625.58,Yes
60,One year,Fiber optic,Electronic check,0,Yes,No,Yes,Yes,No,Yes,No,No,Yes,No,77.46,4551.84,No
0,Month-to-month,DSL,Credit card,1,No,Yes,Yes,No,No,Yes,No,No,Yes,No,54.98,52.26,No
18,Month-to-month,Fiber optic,Electronic check,0,No,Yes,No,Yes,Yes,Yes,No,Yes,No,No,86.33,1605.27,Yes
0,Month-to-month,No,Credit card,0,No,No,No,Yes,No internet service,No internet service,No internet service,No internet service,No internet service,No internet service,18.1,18.48,No
6,Month-to-month,No,Mailed check,0,No,No,Yes,Yes,No internet service,No internet service,No internet service,No internet service,No internet service,No internet service,21.03,120.49,Yes
10,Month-to-month,Fiber optic,Electronic check,0,Yes,No,Yes,Yes,Yes,Yes,No,No,No,Yes,81.05,773.97,Yes
45,Two year,No,Mailed check,1,Yes,No,Yes,Yes,No internet service,No internet service,No internet service,No internet service,No internet service,No internet service,20.95,897.27,No
38,Month-to-month,DSL,Electronic check,0,Yes,Yes,No,Yes,No,No,Yes,Yes,Yes,Yes,69.03,2710.42,Yes
19,One year,DSL,Credit card,0,Yes,No,Yes,Yes,Yes,No,No,No,No,Yes,60.1,1087.2,No
13,One year,DSL,Electronic check,0,Yes,No,No,No,No,No,No,No,Yes,No,50.31,664.73,No
11,Month-to-month,No,Credit card,0,No,No,Yes,Yes,No internet service,No internet service,No internet service,No internet service,No internet service,No internet service,20.05,211.62,No
20,Month-to-month,Fiber optic,Electronic check,0,No,Yes,No,Yes,No,No,Yes,No,No,No,69.5,1424.69,Yes
26,Month-to-month,Fiber optic,Electronic check,0,No,Yes,No,Yes,No,No,No,No,No,No,67.27,1701.93,No
56,One year,Fiber optic,Electronic check,0,No,No,Yes,Yes,No,No,No,No,No,No,66.06,3670.59,No
0,Month-to-month,Fiber optic,Bank transfer,0,No,No,No,Yes,Yes,No,Yes,Yes,No,No,87.15,90.48,Yes
65,One year,DSL,Mailed check,0,No,No,Yes,Yes,Yes,No,No,No,No,Yes,59.56,3688.3,No
41,Two year,Fiber optic,Credit card,0,No,No,Yes,Yes,Yes,Yes,Yes,Yes,No,No,89.72,3538.96,No
34,One year,DSL,Mailed check,0,Yes,No,Yes,Yes,No,No,No,Yes,Yes,No,53.27,1764.25,No
54,Two year,DSL,Electronic check,0,No,Yes,Yes,Yes,Yes,Yes,Yes,Yes,Yes,No,78.22,4040.43,No
3,One year,No,Bank transfer,0,No,Yes,No,Yes,No internet service,No internet service,No internet service,No internet service,No internet service,No internet service,22.22,68.16,No
47,Two year,DSL,Bank transfer,0,Yes,No,Yes,Yes,No,Yes,Yes,Yes,Yes,Yes,75.37,3544.0,No
70,Two year,No,Credit card,0,No,No,No,Yes,No internet service,No internet service,No internet service,No internet service,No internet service,No internet service,22.61,1608.27,No
48,One year,No,Mailed check,0,No,Yes,No,Yes,No internet service,No internet service,No internet service,No internet service,No internet service,No internet service,21.15,1024.89,No
46,Two year,Fiber optic,Bank transfer,0,No,No,No,Yes,No,Yes,Yes,No,Yes,Yes,92.3,4136.92,No
57,Two year,DSL,Electronic check,0,Yes,Yes,Yes,Yes,No,No,No,Yes,Yes,Yes,66.78,3966.44,No
25,Month-to-month,Fiber optic,Credit card,1,No,Yes,Yes,Yes,No,No,No,Yes,No,No,70.88,1744.88,No
34,One year,No,Electronic check,0,Yes,No,No,Yes,No internet service,No internet service,No internet service,No internet service,No internet service,No internet service,22.09,748.74,Yes
26,Month-to-month,DSL,Credit card,0,Yes,No,Yes,Yes,No,No,No,No,No,Yes,53.91,1373.65,Yes
41,Two year,Fiber optic,Electronic check,0,Yes,No,No,Yes,No,No,No,Yes,No,No,71.93,2847.06,No
3,Month-to-month,Fiber optic,Bank transfer,0,Yes,Yes,Yes,Yes,No,No,No,Yes,Yes,No,84.53,253.89,No
49,Two year,Fiber optic,Credit card,0,Yes,No,No,Yes,Yes,No,No,No,No,No,73.63,3457.11,No
15,Two year,No,Credit card,1,Yes,No,No,Yes,No internet service,No internet service,No internet service,No internet service,No internet service,No internet service,20.94,322.05,No
65,Two year,No,Mailed check,0,No,Yes,No,Yes,No internet service,No internet service,No internet service,No internet service,No internet service,No internet service,18.71,1202.42,No
19,Month-to-month,Fiber optic,Mailed check,0,No,No,Yes,Yes,Yes,No,Yes,No,Yes,Yes,88.29,1737.78,Yes
34,One year,Fiber optic,Credit card,0,Yes,No,No,No,No,No,No,Yes,No,No,72.49,2345.25,No
51,One year,Fiber optic,Bank transfer,0,Yes,Yes,Yes,Yes,No,No,Yes,Yes,No,Yes,79.29,4064.16,No
60,Two year,DSL,Bank transfer,0,No,No,Yes,Yes,Yes,Yes,No,No,Yes,Yes,74.74,4549.29,No
71,Two year,Fiber optic,Electronic check,0,No,Yes,Yes,Yes,No,No,No,No,No,Yes,72.63,5049.08,No
63,One year,Fiber optic,Mailed check,0,No,Yes,No,Yes,No,Yes,No,No,No,Yes,82.26,4988.69,Yes
43,One year,No,Mailed check,0,Yes,No,No,Yes,No internet service,No internet service,No internet service,No internet service,No internet service,No internet service,18.75,792.59,No
6,Month-to-month,DSL,Bank transfer,0,Yes,No,No,Yes,No,No,Yes,No,No,No,52.17,312.48,No
66,Two year,DSL,Electronic check,0,No,No,Yes,Yes,No,No,No,Yes,Yes,No,59.94,3847.29,No
7,Month-to-month,DSL,Mailed check,0,Yes,Yes,No,Yes,No,No,Yes,No,No,No,47.07,343.64,No
26,One year,DSL,Credit card,0,Yes,No,Yes,Yes,No,No,No,No,No,Yes,53.79,1382.9,No
49,Two year,DSL,Mailed check,0,Yes,No,Yes,Yes,Yes,No,No,No,Yes,Yes,57.57,2779.67,No
37,Month-to-month,Fiber optic,Credit card,0,No,No,No,Yes,No,No,No,Yes,Yes,Yes,82.7,3117.28,Yes
30,Month-to-month,Fiber optic,Electronic check,0,No,No,Yes,Yes,No,Yes,Yes,Yes,Yes,No,88.01,2766.96,Yes
32,Month-to-month,No,Mailed check,0,No,No,Yes,Yes,No internet service,No internet service,No internet service,No internet service,No internet service,No internet service,22.2,706.69,No
56,Two year,No,Mailed check,0,No,No,No,Yes,No internet service,No internet service,No internet service,No internet service,No internet service,No internet service,21.59,1265.5,No
27,Month-to-month,DSL,Mailed check,0,Yes,No,No,Yes,No,Yes,No,No,No,No,54.42,1423.68,No
28,Month-to-month,Fiber optic,Bank transfer,0,Yes,Yes,Yes,Yes,No,No,Yes,Yes,No,No,82.84,2361.37,Yes
27,One year,Fiber optic,Electronic check,1,No,Yes,No,Yes,No,Yes,No,No,No,Yes,81.1,2224.26,No
27,Month-to-month,Fiber optic,Mailed check,1,Yes,No,No,Yes,Yes,No,Yes,No,Yes,Yes,91.17,2476.88,Yes
54,Two year,No,Electronic check,0,No,No,Yes,Yes,No internet service,No internet service,No internet service,No internet service,No internet service,No internet service,20.37,1109.56,No
12,Month-to-month,No,Bank transfer,0,No,Yes,No,Yes,No internet service,No internet service,No internet service,No internet service,No internet service,No internet service,21.61,249.88,No
12,Month-to-month,DSL,Credit card,1,Yes,No,Yes,Yes,No,No,No,No,Yes,Yes,62.59,787.81,No
9,Month-to-month,No,Electronic check,0,No,No,Yes,Yes,No internet service,No internet service,No internet service,No internet service,No internet service,No internet service,18.55,163.22,Yes
14,Month-to-month,Fiber optic,Mailed check,0,Yes,No,Yes,Yes,Yes,No,Yes,Yes,No,Yes,86.1,1246.33,No
18,Month-to-month,DSL,Mailed check,1,No,No,Yes,Yes,Yes,Yes,No,No,Yes,No,64.94,1216.35,Yes
49,One year,Fiber optic,Bank transfer,0,Yes,No,No,Yes,No,No,No,Yes,No,No,72.86,3717.61,No
42,Month-to-month,Fiber optic,Electronic check,0,No,No,Yes,Yes,Yes,No,No,Yes,Yes,No,84.98,3474.14,Yes
27,Month-to-month,No,Mailed check,1,No,No,Yes,Yes,No internet service,No internet service,No internet service,No internet service,No internet service,No internet service,20.53,536.02,No
20,Month-to-month,No,Bank transfer,0,Yes,No,Yes,Yes,No internet service,No internet service,No internet service,No internet service,No internet service,No internet service,18.49,367.29,No
0,Month-to-month,Fiber optic,Mailed check,0,No,No,No,Yes,No,Yes,No,Yes,No,No,78.06,74.57,Yes
72,Two year,Fiber optic,Bank transfer,0,Yes,No,Yes,No,Yes,No,No,No,Yes,No,79.58,5645.5,No
7,Month-to-month,DSL,Mailed check,0,Yes,No,Yes,Yes,Yes,No,No,No,No,No,53.51,363.08,No
43,Two year,Fiber optic,Credit card,0,Yes,No,No,No,No,Yes,Yes,Yes,No,Yes,91.36,4106.1,Yes
38,Month-to-month,DSL,Electronic check,0,No,No,Yes,Yes,Yes,Yes,No,No,Yes,No,63.18,2511.83,Yes
0,Month-to-month,DSL,Electronic check,0,Yes,No,No,Yes,No,No,Yes,Yes,Yes,Yes,73.68,72.98,Yes
24,Month-to-month,Fiber optic,Mailed check,0,No,Yes,Yes,Yes,Yes,No,Yes,Yes,Yes,Yes,98.4,2476.13,No
11,Month-to-month,Fiber optic,Mailed check,1,No,No,Yes,Yes,No,No,Yes,No,No,Yes,77.34,814.07,Yes
50,Two year,Fiber optic,Bank transfer,0,No,No,Yes,Yes,No,No,No,No,No,Yes,69.27,3556.06,No
19,Month-to-month,No,Electronic check,0,No,Yes,No,Yes,No internet service,No internet service,No internet service,No internet service,No internet service,No internet service,19.92,363.5,Yes
0,Month-to-month,Fiber optic,Electronic check,0,No,No,No,Yes,No,No,No,No,No,Yes,68.75,66.88,Yes
36,One year,DSL,Bank transfer,1,Yes,No,Yes,Yes,Yes,Yes,No,Yes,No,Yes,73.68,2592.14,No
54,One year,Fiber optic,Electronic check,0,No,Yes,No,Yes,No,Yes,Yes,Yes,Yes,No,91.08,4716.5,Yes
53,Two year,DSL,Bank transfer,0,Yes,No,No,No,No,No,Yes,Yes,No,Yes,64.95,3540.86,No
72,Two year,Fiber optic,Bank transfer,0,Yes,No,Yes,Yes,No,Yes,No,Yes,No,No,78.15,5872.22,No
39,One year,Fiber optic,Electronic check,0,Yes,No,Yes,Yes,Yes,No,No,No,Yes,No,75.91,2933.11,No
35,Two year,DSL,Bank transfer,0,Yes,No,Yes,Yes,Yes,No,No,Yes,Yes,Yes,66.59,2298.47,No
46,Two year,DSL,Credit card,0,No,Yes,Yes,Yes,Yes,No,Yes,No,Yes,No,66.59,2981.18,No
0,Month-to-month,Fiber optic,Credit card,0,Yes,No,No,Yes,Yes,Yes,Yes,Yes,No,No,92.22,87.85,No
55,One year,Fiber optic,Electronic check,0,No,No,No,Yes,No,No,No,No,No,Yes,72.37,3823.29,No
44,Month-to-month,No,Mailed check,0,No,No,No,Yes,No internet service,No internet service,No internet service,No internet service,No internet service,No internet service,21.14,891.83,Yes
51,One year,Fiber optic,Credit card,0,Yes,No,No,Yes,No,No,No,No,Yes,Yes,86.26,4594.53,No
41,Two year,Fiber optic,Bank transfer,0,Yes,No,No,Yes,Yes,No,Yes,Yes,Yes,No,92.07,3908.75,No
4,Month-to-month,Fiber optic,Electronic check,0,Yes,No,No,Yes,Yes,No,No,Yes,No,Yes,79.76,326.04,No
66,Two year,Fiber optic,Electronic check,0,Yes,No,No,Yes,Yes,No,No,No,No,No,72.62,4823.48,No
46,Two year,DSL,Bank transfer,0,No,No,No,No,No,No,Yes,Yes,Yes,Yes,70.24,3374.96,No
4,Month-to-month,DSL,Bank transfer,0,Yes,No,No,Yes,Yes,No,Yes,Yes,No,Yes,70.5,279.47,No
2,Month-to-month,DSL,Credit card,0,Yes,Yes,No,Yes,Yes,No,No,No,Yes,No,58.9,119.05,No
72,Two year,DSL,Credit card,0,Yes,No,Yes,Yes,No,No,Yes,No,No,Yes,56.19,4023.88,No
47,Two year,Fiber optic,Electronic check,0,Yes,No,Yes,Yes,No,No,No,No,Yes,No,74.85,3666.93,No
31,Month-to-month,DSL,Bank transfer,0,No,No,No,Yes,Yes,No,Yes,No,No,No,58.07,1758.34,No
27,Month-to-month,Fiber optic,Electronic check,0,No,Yes,Yes,Yes,No,Yes,No,Yes,Yes,No,84.57,2327.83,Yes
24,One year,Fiber optic,Electronic check,0,No,No,Yes,Yes,No,No,No,No,Yes,Yes,72.63,1768.44,Yes
19,Month-to-month,DSL,Electronic check,0,Yes,Yes,Yes,No,No,No,No,Yes,No,Yes,60.24,1131.23,No
2,Month-to-month,Fiber optic,Credit card,0,No,No,Yes,No,Yes,No,No,Yes,No,Yes,83.77,170.13,Yes
41,Month-to-month,Fiber optic,Electronic check,0,No,Yes,Yes,Yes,No,No,No,No,No,No,62.4,2562.2,No
3,Month-to-month,Fiber optic,Mailed check,0,Yes,No,Yes,Yes,No,No,Yes,No,Yes,Yes,81.38,232.6,Yes
44,One year,DSL,Mailed check,0,No,No,No,Yes,No,Yes,No,Yes,Yes,Yes,67.12,3023.51,No
30,One year,Fiber optic,Electronic check,1,No,No,No,Yes,Yes,No,Yes,No,Yes,Yes,92.58,2695.08,Yes
23,One year,DSL,Mailed check,0,No,No,Yes,Yes,No,Yes,No,No,No,Yes,59.1,1395.81,No
71,Two year,DSL,Electronic check,0,Yes,Yes,Yes,Yes,No,Yes,No,Yes,Yes,Yes,73.16,5054.09,No
10,Month-to-month,DSL,Mailed check,0,No,Yes,Yes,No,No,No,Yes,Yes,Yes,Yes,72.87,725.43,Yes
0,Month-to-month,Fiber optic,Mailed check,0,No,Yes,Yes,Yes,No,Yes,Yes,No,No,Yes,85.03,83.12,No
25,Month-to-month,No,Credit card,0,No,Yes,No,Yes,No internet service,No internet service,No internet service,No internet service,No internet service,No internet service,18.0,432.88,No
7,Month-to-month,Fiber optic,Bank transfer,1,Yes,No,No,Yes,No,Yes,Yes,No,No,No,75.82,505.92,No
21,Month-to-month,No,Credit card,0,Yes,Yes,Yes,No,No internet service,No internet service,No internet service,No internet service,No internet service,No internet service,18.0,394.25,No
32,Month-to-month,DSL,Mailed check,0,No,No,Yes,No,Yes,Yes,No,No,Yes,No,60.79,1871.94,No
24,Month-to-month,Fiber optic,Electronic check,1,No,No,No,Yes,No,No,No,Yes,No,Yes,77.76,1864.67,Yes
32,Month-to-month,No,Mailed check,1,No,No,No,Yes,No internet service,No internet service,No internet service,No internet service,No internet service,No internet service,20.12,616.91,No
17,One year,DSL,Credit card,0,Yes,Yes,No,No,Yes,No,No,No,Yes,Yes,59.43,1048.45,No
57,One year,DSL,Electronic check,0,Yes,No,Yes,Yes,No,No,No,Yes,No,No,48.99,2809.33,No
49,Two year,Fiber optic,Electronic check,0,No,No,Yes,Yes,No,No,Yes,No,No,No,70.49,3369.39,Yes
31,Two year,DSL,Credit card,0,No,No,Yes,Yes,No,No,Yes,No,No,Yes,57.48,1864.3,No
0,One year,DSL,Credit card,0,No,No,Yes,Yes,No,Yes,Yes,No,No,No,57.9,57.4,No
13,Month-to-month,No,Electronic check,0,No,No,No,Yes,No internet service,No internet service,No internet service,No internet service,No internet service,No internet service,21.64,274.89,No
25,One year,Fiber optic,Bank transfer,0,Yes,Yes,Yes,Yes,Yes,No,Yes,Yes,Yes,Yes,100.34,2594.29,No
6,Month-to-month,DSL,Mailed check,0,Yes,No,No,Yes,Yes,Yes,No,No,Yes,No,63.23,390.51,No
23,Month-to-month,DSL,Mailed check,0,Yes,No,No,Yes,No,No,No,No,Yes,Yes,56.09,1268.41,Yes
46,Month-to-month,DSL,Mailed check,0,Yes,No,No,Yes,No,No,Yes,Yes,Yes,No,62.75,2810.45,Yes
4,Month-to-month,DSL,Credit card,0,No,Yes,No,Yes,No,No,No,Yes,No,No,54.54,228.91,No
19,Month-to-month,Fiber optic,Electronic check,0,Yes,Yes,Yes,Yes,No,No,No,No,No,No,66.24,1281.18,Yes
29,One year,DSL,Bank transfer,0,No,No,No,Yes,Yes,Yes,No,Yes,Yes,No,71.37,2081.48,No
38,Two year,Fiber optic,Electronic check,1,Yes,No,No,Yes,No,No,Yes,No,Yes,No,81.12,3105.29,No
38,Two year,Fiber optic,Bank transfer,0,No,Yes,Yes,Yes,No,Yes,Yes,Yes,Yes,Yes,95.2,3466.96,No
64,One year,DSL,Bank transfer,0,No,No,Yes,Yes,No,Yes,Yes,Yes,No,Yes,76.29,5066.04,No
18,Month-to-month,Fiber optic,Bank transfer,0,Yes,No,Yes,Yes,No,No,Yes,Yes,Yes,Yes,94.57,1707.03,Yes
15,Month-to-month,Fiber optic,Credit card,0,No,No,Yes,Yes,No,No,Yes,Yes,No,Yes,80.66,1236.57,No
27,One year,Fiber optic,Bank transfer,0,No,No,No,Yes,No,No,No,No,Yes,No,69.26,1808.82,No
19,Month-to-month,DSL,Bank transfer,0,No,No,Yes,Yes,Yes,No,No,No,No,Yes,54.75,1089.45,No
8,Month-to-month,No,Electronic check,0,Yes,Yes,Yes,Yes,No internet service,No internet service,No internet service,No internet service,No internet service,No internet service,21.6,172.54,Yes
49,Month-to-month,DSL,Credit card,0,No,No,No,Yes,No,Yes,No,Yes,Yes,No,61.89,3099.07,Yes
58,Two year,Fiber optic,Mailed check,0,Yes,Yes,No,Yes,Yes,Yes,No,Yes,Yes,No,82.81,4667.96,No
40,One year,No,Mailed check,0,Yes,No,Yes,Yes,No internet service,No internet service,No internet service,No internet service,No internet service,No internet service,20.93,851.49,No
20,Month-to-month,Fiber optic,Mailed check,0,Yes,No,No,Yes,No,No,No,Yes,Yes,Yes,79.24,1522.38,No
59,One year,No,Mailed check,0,No,No,No,No,No internet service,No internet service,No internet service,No internet service,No internet service,No internet service,18.49,1141.65,No
18,Month-to-month,DSL,Bank transfer,0,No,No,Yes,No,Yes,Yes,No,No,No,Yes,60.19,1097.9,No
10,Month-to-month,Fiber optic,Mailed check,0,Yes,No,Yes,Yes,No,Yes,No,Yes,No,Yes,87.9,851.31,Yes
21,Month-to-month,DSL,Electronic check,0,No,No,Yes,No,No,No,No,No,Yes,Yes,53.28,1154.56,No
31,Month-to-month,Fiber optic,Credit card,0,No,No,No,Yes,No,Yes,Yes,No,Yes,Yes,89.6,2875.82,No
57,One year,DSL,Credit card,0,Yes,No,No,Yes,Yes,No,No,No,Yes,Yes,73.09,4117.27,No
21,Month-to-month,Fiber optic,Mailed check,0,No,No,Yes,Yes,No,Yes,Yes,Yes,Yes,Yes,106.59,2331.5,Yes
58,Two year,No,Credit card,1,No,No,No,Yes,No internet service,No internet service,No internet service,No internet service,No internet service,No internet service,24.12,1466.77,No
34,Month-to-month,DSL,Mailed check,0,Yes,No,Yes,Yes,Yes,No,Yes,No,No,Yes,64.57,2205.18,No
0,One year,No,Mailed check,0,Yes,No,No,Yes,No internet service,No internet service,No internet service,No internet service,No internet service,No internet service,22.99,23.16,No
39,One year,No,Credit card,0,Yes,Yes,Yes,Yes,No internet service,No internet service,No internet service,No internet service,No internet service,No internet service,18.0,671.82,No
29,One year,Fiber optic,Bank transfer,0,Yes,Yes,Yes,Yes,Yes,No,Yes,No,Yes,Yes,89.25,2609.16,No
39,One year,DSL,Bank transfer,1,No,Yes,No,Yes,No,No,No,Yes,Yes,No,56.82,2140.46,Yes
60,Two year,No,Mailed check,0,Yes,Yes,No,Yes,No internet service,No internet service,No internet service,No internet service,No internet service,No internet service,18.83,1157.36,No
38,Month-to-month,Fiber optic,Mailed check,0,Yes,No,Yes,Yes,No,No,Yes,No,Yes,No,79.93,3014.49,No
16,One year,Fiber optic,Electronic check,1,No,No,No,Yes,Yes,Yes,No,Yes,No,Yes,90.1,1443.49,No
26,One year,Fiber optic,Credit card,0,No,No,Yes,Yes,No,Yes,No,Yes,No,Yes,82.63,2232.69,No
4,Month-to-month,Fiber optic,Electronic check,0,No,Yes,No,Yes,No,No,No,Yes,Yes,Yes,85.5,346.08,Yes
8,Month-to-month,No,Mailed check,0,No,No,Yes,Yes,No internet service,No internet service,No internet service,No internet service,No internet service,No internet service,18.16,145.26,No
0,Month-to-month,DSL,Electronic check,0,No,Yes,Yes,Yes,No,Yes,No,Yes,No,No,50.78,49.05,No
52,Month-to-month,DSL,Bank transfer,0,No,Yes,Yes,Yes,No,Yes,No,No,No,Yes,54.16,2946.65,No
32,Month-to-month,No,Mailed check,0,Yes,No,Yes,Yes,No internet service,No internet service,No internet service,No internet service,No internet service,No internet service,20.86,655.36,No
6,Month-to-month,Fiber optic,Bank transfer,0,Yes,No,Yes,Yes,No,No,No,No,Yes,Yes,79.78,501.42,Yes
38,One year,DSL,Mailed check,0,Yes,Yes,Yes,Yes,Yes,Yes,Yes,Yes,No,No,71.06,2811.32,No
11,Month-to-month,Fiber optic,Electronic check,1,Yes,Yes,No,Yes,No,Yes,Yes,Yes,Yes,Yes,98.57,1031.2,No
56,Two year,Fiber optic,Electronic check,0,Yes,No,Yes,Yes,Yes,Yes,Yes,Yes,Yes,Yes,109.17,5968.61,No
6,Month-to-month,Fiber optic,Electronic check,0,Yes,No,No,Yes,No,Yes,No,No,No,No,72.91,423.54,No
14,One year,Fiber optic,Bank transfer,0,Yes,Yes,Yes,Yes,No,No,Yes,Yes,No,No,76.77,1079.99,No
9,Month-to-month,Fiber optic,Credit card,0,No,No,No,Yes,No,Yes,Yes,No,Yes,Yes,90.04,780.83,No
40,Month-to-month,DSL,Mailed check,0,Yes,No,No,Yes,No,Yes,No,No,No,Yes,61.12,2433.44,No
0,Month-to-month,Fiber optic,Mailed check,1,Yes,No,No,Yes,No,No,Yes,No,Yes,Yes,84.83,87.45,Yes
56,One year,Fiber optic,Electronic check,0,No,No,Yes,Yes,No,No,No,No,Yes,Yes,74.84,4334.96,No
27,Month-to-month,DSL,Credit card,0,Yes,No,No,Yes,No,No,No,No,No,No,46.72,1293.49,No
48,Two year,Fiber optic,Credit card,0,Yes,Yes,No,Yes,No,No,Yes,No,Yes,Yes,87.59,4204.83,No
30,Month-to-month,No,Bank transfer,0,Yes,Yes,No,Yes,No internet service,No internet service,No internet service,No internet service,No internet service,No internet service,23.03,697.86,No
41,One year,No,Electronic check,0,No,Yes,Yes,Yes,No internet service,No internet service,No internet service,No internet service,No internet service,No internet service,20.74,870.22,No
0,Month-to-month,DSL,Mailed check,0,No,Yes,No,Yes,Yes,No,No,Yes,Yes,Yes,71.49,70.0,No
32,One year,DSL,Credit card,0,Yes,No,No,Yes,No,No,No,No,Yes,Yes,56.49,1740.63,No
12,Month-to-month,DSL,Electronic check,0,No,Yes,No,Yes,No,No,No,No,No,Yes,52.25,606.51,Yes
41,Month-to-month,DSL,Bank transfer,0,No,No,Yes,Yes,No,No,No,Yes,Yes,No,63.21,2561.84,Yes
12,Month-to-month,No,Credit card,1,No,No,Yes,Yes,No internet service,No internet service,No internet service,No internet service,No internet service,No internet service,18.2,207.94,No
15,Month-to-month,No,Bank transfer,1,No,No,No,Yes,No internet service,No internet service,No internet service,No internet service,No internet service,No internet service,18.0,279.65,Yes
0,Month-to-month,Fiber optic,Bank transfer,0,No,No,Yes,Yes,No,No,No,No,No,No,65.82,66.92,No
53,Two year,DSL,Mailed check,0,Yes,No,No,Yes,No,Yes,Yes,Yes,Yes,Yes,74.86,3915.59,No
0,Month-to-month,No,Credit card,0,Yes,No,Yes,Yes,No internet service,No internet service,No internet service,No internet service,No internet service,No internet service,18.0,17.73,No
35,Month-to-month,Fiber optic,Mailed check,0,Yes,No,No,Yes,No,No,No,Yes,No,No,71.19,2473.17,No
47,Two year,DSL,Credit card,0,Yes,Yes,Yes,Yes,No,Yes,No,Yes,No,Yes,59.12,2777.22,No
0,Month-to-month,DSL,Mailed check,1,No,No,Yes,Yes,No,Yes,No,Yes,No,No,52.83,52.18,Yes
38,Month-to-month,DSL,Bank transfer,0,Yes,No,No,Yes,No,No,Yes,Yes,No,No,59.9,2386.12,Yes
17,One year,Fiber optic,Credit card,0,No,Yes,Yes,Yes,No,No,Yes,No,Yes,Yes,83.54,1354.1,Yes
58,Two year,Fiber optic,Mailed check,0,No,No,Yes,Yes,No,Yes,Yes,No,No,No,80.79,4772.26,No
14,One year,Fiber optic,Electronic check,0,Yes,Yes,No,Yes,No,No,No,No,Yes,Yes,79.53,1123.56,Yes
23,Month-to-month,DSL,Electronic check,1,Yes,No,Yes,Yes,No,No,No,No,Yes,Yes,57.67,1311.45,Yes
71,Two year,No,Credit card,0,Yes,No,Yes,Yes,No internet service,No internet service,No internet service,No internet service,No internet service,No internet service,19.76,1336.57,No
8,Month-to-month,No,Bank transfer,0,Yes,No,Yes,Yes,No internet service,No internet service,No internet service,No internet service,No internet service,No internet service,21.01,171.98,No
35,Two year,Fiber optic,Electronic check,0,No,No,Yes,No,No,No,No,Yes,No,Yes,72.63,2422.71,No
36,Two year,Fiber optic,Credit card,0,Yes,No,No,Yes,No,No,No,No,No,Yes,73.41,2700.26,No
53,Two year,No,Credit card,0,No,No,No,Yes,No internet service,No internet service,No internet service,No internet service,No internet service,No internet service,19.88,1070.01,No
49,Month-to-month,DSL,Credit card,0,Yes,No,No,Yes,No,Yes,Yes,No,No,Yes,65.82,3155.17,No
35,Month-to-month,DSL,Bank transfer,0,No,Yes,No,Yes,No,Yes,No,Yes,Yes,No,62.54,2119.02,No
57,One year,Fiber optic,Credit card,1,Yes,Yes,No,Yes,Yes,No,Yes,No,No,Yes,86.18,4931.9,No
1,Month-to-month,Fiber optic,Credit card,0,Yes,No,Yes,Yes,Yes,No,Yes,Yes,No,No,86.75,85.06,No
36,Month-to-month,No,Electronic check,0,Yes,No,No,Yes,No internet service,No internet service,No internet service,No internet service,No internet service,No internet service,21.79,807.8,No
70,Two year,DSL,Credit card,0,No,No,No,Yes,Yes,Yes,Yes,No,Yes,No,69.22,4716.05,No
43,One year,Fiber optic,Mailed check,0,No,No,No,Yes,Yes,Yes,No,Yes,No,No,84.47,3794.38,No
8,Month-to-month,No,Credit card,0,Yes,No,No,Yes,No internet service,No internet service,No internet service,No internet service,No internet service,No internet service,19.64,150.74,Yes
34,Month-to-month,DSL,Bank transfer,1,No,No,No,Yes,Yes,Yes,Yes,Yes,No,No,75.25,2493.37,No
7,Month-to-month,No,Bank transfer,0,Yes,No,Yes,Yes,No internet service,No internet service,No internet service,No internet service,No internet service,No internet service,22.1,154.51,No
29,Month-to-month,DSL,Electronic check,0,No,No,Yes,No,No,No,Yes,Yes,Yes,Yes,64.1,1852.69,Yes
12,Month-to-month,DSL,Electronic check,0,No,No,Yes,Yes,Yes,No,No,No,No,No,51.64,643.62,No
38,Two year,No,Electronic check,0,Yes,No,No,Yes,No internet service,No internet service,No internet service,No internet service,No internet service,No internet service,21.97,794.77,No
32,One year,No,Bank transfer,0,No,No,No,Yes,No internet service,No internet service,No internet service,No internet service,No internet service,No internet service,22.63,745.46,No
49,Month-to-month,No,Credit card,0,Yes,No,Yes,No,No internet service,No internet service,No internet service,No internet service,No internet service,No internet service,21.56,1019.47,No
0,Month-to-month,No,Electronic check,0,No,No,Yes,Yes,No internet service,No internet service,No internet service,No internet service,No internet service,No internet service,19.94,19.39,Yes
54,One year,DSL,Electronic check,0,Yes,Yes,Yes,Yes,No,No,Yes,No,No,Yes,54.45,2813.56,No
67,Two year,Fiber optic,Bank transfer,0,No,No,Yes,Yes,No,No,Yes,Yes,Yes,No,90.65,6169.44,No
51,Two year,Fiber optic,Electronic check,0,No,Yes,Yes,Yes,No,Yes,No,Yes,Yes,Yes,88.8,4489.18,No
9,Month-to-month,No,Electronic check,1,Yes,Yes,No,Yes,No internet service,No internet service,No internet service,No internet service,No internet service,No internet service,18.0,158.07,No
34,Two year,Fiber optic,Electronic check,0,No,No,Yes,Yes,No,No,Yes,No,Yes,Yes,89.17,3134.18,No
39,Month-to-month,DSL,Bank transfer,0,Yes,No,No,No,Yes,Yes,Yes,No,Yes,Yes,73.95,3012.32,No
0,Month-to-month,No,Bank transfer,0,No,No,No,Yes,No internet service,No internet service,No internet service,No internet service,No internet service,No internet service,20.7,20.76,No
9,Two year,No,Credit card,0,No,No,No,Yes,No internet service,No internet service,No internet service,No internet service,No internet service,No internet service,23.77,220.36,No
23,Month-to-month,No,Electronic check,0,Yes,Yes,Yes,No,No internet service,No internet service,No internet service,No internet service,No internet service,No internet service,19.66,433.07,Yes
0,Month-to-month,DSL,Electronic check,0,Yes,Yes,Yes,Yes,No,No,No,No,Yes,No,46.84,47.72,Yes
16,Month-to-month,DSL,Credit card,0,No,No,Yes,Yes,No,No,No,No,Yes,Yes,60.42,962.72,No
0,Month-to-month,No,Credit card,1,No,Yes,Yes,Yes,No internet service,No internet service,No internet service,No internet service,No internet service,No internet service,18.96,19.41,No
9,Month-to-month,Fiber optic,Mailed check,0,Yes,Yes,Yes,Yes,No,Yes,No,No,Yes,No,77.26,669.56,No
39,One year,Fiber optic,Credit card,0,No,No,Yes,Yes,Yes,Yes,Yes,No,Yes,Yes,101.76,4135.23,No
22,Month-to-month,No,Bank transfer,1,No,No,No,Yes,No internet service,No internet service,No internet service,No internet service,No internet service,No internet service,18.0,411.05,No
39,Month-to-month,DSL,Credit card,0,No,No,Yes,Yes,No,Yes,No,No,No,Yes,55.19,2126.17,No
54,Two year,DSL,Mailed check,0,Yes,Yes,No,Yes,Yes,No,Yes,No,Yes,No,65.62,3407.38,No
20,Month-to-month,Fiber optic,Electronic check,1,Yes,Yes,Yes,Yes,No,No,No,No,No,No,65.98,1296.01,Yes
50,Two year,DSL,Electronic check,0,Yes,No,Yes,Yes,No,No,No,No,No,No,43.37,2232.6,No
33,Month-to-month,No,Bank transfer,0,Yes,No,Yes,Yes,No internet service,No internet service,No internet service,No internet service,No internet service,No internet service,19.9,628.86,No
20,One year,DSL,Credit card,0,Yes,No,Yes,Yes,Yes,No,No,No,No,No,57.75,1153.13,No
11,Month-to-month,Fiber optic,Mailed check,1,Yes,No,Yes,Yes,Yes,Yes,Yes,No,Yes,No,94.99,999.38,Yes
54,Two year,DSL,Electronic check,0,No,No,No,Yes,No,No,No,No,No,Yes,53.07,2951.47,No
4,Month-to-month,No,Electronic check,0,Yes,No,Yes,Yes,No internet service,No internet service,No internet service,No internet service,No internet service,No internet service,18.0,68.73,No
72,Two year,No,Bank transfer,0,Yes,No,Yes,No,No internet service,No internet service,No internet service,No internet service,No internet service,No internet service,20.24,1480.8,No
23,Month-to-month,Fiber optic,Credit card,0,No,No,Yes,Yes,No,Yes,Yes,Yes,No,Yes,91.25,2061.59,Yes
18,One year,DSL,Mailed check,1,No,Yes,Yes,No,No,No,Yes,No,Yes,No,58.18,1091.64,Yes
25,Month-to-month,Fiber optic,Bank transfer,1,No,No,No,Yes,No,No,Yes,Yes,No,No,79.93,1955.41,Yes
39,Month-to-month,DSL,Mailed check,0,No,Yes,No,No,No,No,Yes,Yes,No,No,59.48,2325.35,No
6,Month-to-month,Fiber optic,Credit card,0,Yes,Yes,No,Yes,Yes,Yes,Yes,Yes,No,No,90.51,548.06,No
40,Month-to-month,DSL,Credit card,0,No,No,No,Yes,No,Yes,No,Yes,Yes,Yes,65.28,2696.81,No
22,Month-to-month,DSL,Electronic check,0,No,No,Yes,Yes,No,No,Yes,No,No,Yes,55.33,1255.83,Yes
41,One year,Fiber optic,Bank transfer,0,Yes,No,Yes,Yes,Yes,Yes,No,Yes,No,No,90.59,3665.73,No
37,Month-to-month,Fiber optic,Credit card,0,Yes,No,No,Yes,Yes,No,No,Yes,Yes,No,87.79,3098.51,No
21,Month-to-month,Fiber optic,Credit card,1,No,Yes,No,Yes,Yes,Yes,No,Yes,Yes,Yes,92.67,1994.66,No
24,Month-to-month,Fiber optic,Bank transfer,0,Yes,No,No,No,No,Yes,No,Yes,Yes,No,90.98,2250.69,Yes
19,Month-to-month,DSL,Electronic check,0,Yes,No,No,Yes,No,Yes,No,No,No,Yes,52.48,1015.02,No
0,Month-to-month,Fiber optic,Mailed check,0,Yes,No,No,Yes,No,Yes,Yes,Yes,No,No,81.83,80.57,Yes
45,One year,Fiber optic,Bank transfer,0,No,No,No,Yes,No,Yes,No,No,Yes,Yes,80.18,3739.93,Yes
22,Month-to-month,No,Electronic check,0,No,No,No,Yes,No internet service,No internet service,No internet service,No internet service,No internet service,No internet service,21.12,487.85,No
48,Two year,Fiber optic,Credit card,0,No,No,No,Yes,No,No,Yes,Yes,Yes,No,79.61,3767.58,No
0,Month-to-month,No,Electronic check,0,No,No,Yes,Yes,No internet service,No internet service,No internet service,No internet service,No internet service,No internet service,18.44,18.8,Yes
28,Month-to-month,DSL,Credit card,0,No,No,Yes,Yes,No,No,No,No,No,No,43.86,1251.18,No
40,Two year,DSL,Mailed check,0,Yes,No,Yes,Yes,No,No,Yes,No,Yes,No,64.5,2513.52,No
0,Month-to-month,DSL,Electronic check,1,Yes,No,Yes,Yes,No,Yes,Yes,Yes,No,No,64.76,63.9,No
0,Month-to-month,Fiber optic,Mailed check,0,No,No,Yes,Yes,Yes,No,No,No,Yes,Yes,78.41,80.97,No
23,Two year,No,Bank transfer,0,No,No,No,Yes,No internet service,No internet service,No internet service,No internet service,No internet service,No internet service,18.46,432.86,No
61,Two year,No,Credit card,0,No,No,Yes,Yes,No internet service,No internet service,No internet service,No internet service,No internet service,No internet service,18.0,1140.0,No
72,One year,Fiber optic,Mailed check,0,No,Yes,Yes,Yes,Yes,Yes,No,No,Yes,Yes,94.47,7129.32,No
9,Month-to-month,DSL,Electronic check,0,No,No,Yes,Yes,Yes,No,Yes,No,Yes,No,62.16,554.86,No
51,One year,DSL,Credit card,0,No,No,Yes,Yes,No,Yes,No,No,No,No,50.67,2639.23,No
53,Two year,No,Mailed check,0,No,No,No,Yes,No internet service,No internet service,No internet service,No internet service,No internet service,No internet service,18.0,992.23,No
58,Two year,No,Electronic check,0,Yes,Yes,Yes,Yes,No internet service,No internet service,No internet service,No internet service,No internet service,No internet service,21.76,1309.55,No
17,Month-to-month,Fiber optic,Credit card,1,Yes,No,Yes,Yes,No,No,No,Yes,Yes,Yes,84.37,1434.64,Yes
31,Month-to-month,No,Electronic check,0,Yes,No,Yes,No,No internet service,No internet service,No internet service,No internet service,No internet service,No internet service,18.09,553.64,No
0,Month-to-month,No,Electronic check,0,Yes,No,No,No,No internet service,No internet service,No internet service,No internet service,No internet service,No internet service,23.02,23.97,No
20,Month-to-month,DSL,Mailed check,0,Yes,Yes,Yes,Yes,No,No,No,No,Yes,Yes,56.45,1177.81,No
56,One year,Fiber optic,Bank transfer,0,Yes,No,Yes,Yes,Yes,No,Yes,No,Yes,Yes,94.64,5513.09,No
29,Month-to-month,No,Mailed check,0,No,No,Yes,No,No internet service,No internet service,No internet service,No internet service,No internet service,No internet service,20.84,610.98,Yes
23,Month-to-month,DSL,Credit card,0,No,No,Yes,Yes,Yes,No,Yes,No,No,No,54.74,1253.11,No
20,Month-to-month,Fiber optic,Electronic check,0,No,Yes,No,Yes,Yes,No,Yes,Yes,No,No,79.76,1633.44,Yes
12,Month-to-month,No,Credit card,0,No,No,Yes,Yes,No internet service,No internet service,No internet service,No internet service,No internet service,No internet service,18.47,222.13,No
12,Month-to-month,DSL,Electronic check,0,Yes,No,Yes,Yes,No,No,No,Yes,Yes,No,61.37,727.75,Yes
0,Month-to-month,No,Electronic check,0,Yes,No,No,Yes,No internet service,No internet service,No internet service,No internet service,No internet service,No internet service,18.72,18.72,No
26,Month-to-month,DSL,Electronic check,0,No,Yes,Yes,Yes,No,Yes,No,No,No,No,52.12,1367.2,No
72,Two year,Fiber optic,Electronic check,0,Yes,No,Yes,Yes,Yes,Yes,Yes,No,No,Yes,94.58,6703.56,No
23,Month-to-month,No,Mailed check,0,No,No,No,Yes,No internet service,No internet service,No internet service,No internet service,No internet service,No internet service,18.0,395.01,No
18,Month-to-month,DSL,Credit card,0,No,No,Yes,Yes,No,No,No,No,No,Yes,52.87,976.59,No
28,Month-to-month,DSL,Credit card,0,Yes,No,Yes,Yes,Yes,No,No,Yes,No,No,53.84,1514.26,No
0,Month-to-month,Fiber optic,Bank transfer,0,No,No,Yes,Yes,Yes,Yes,Yes,Yes,No,No,87.7,83.75,Yes
10,Month-to-month,Fiber optic,Electronic check,0,Yes,No,No,Yes,Yes,No,Yes,Yes,Yes,Yes,88.62,887.27,Yes
17,Month-to-month,DSL,Credit card,0,No,No,No,Yes,Yes,No,Yes,Yes,No,Yes,69.68,1168.06,No
0,Month-to-month,Fiber optic,Mailed check,1,No,No,Yes,Yes,No,No,No,Yes,Yes,No,79.73,79.6,Yes
21,Month-to-month,No,Bank transfer,1,No,Yes,No,Yes,No internet service,No internet service,No internet service,No internet service,No internet service,No internet service,18.0,377.86,No
8,One year,No,Bank transfer,0,No,No,Yes,Yes,No internet service,No internet service,No internet service,No internet service,No internet service,No internet service,18.0,151.11,No
29,Month-to-month,DSL,Electronic check,0,No,Yes,Yes,Yes,No,No,Yes,No,No,Yes,58.78,1678.29,Yes
22,Month-to-month,Fiber optic,Mailed check,0,Yes,No,No,No,No,Yes,Yes,No,Yes,No,85.27,1789.55,No
35,One year,DSL,Credit card,0,No,No,Yes,No,Yes,Yes,No,No,No,Yes,58.73,2075.26,No
30,Month-to-month,Fiber optic,Electronic check,0,No,No,Yes,Yes,No,Yes,Yes,Yes,Yes,No,90.38,2657.08,Yes
20,Month-to-month,No,Bank transfer,0,Yes,No,Yes,Yes,No internet service,No internet service,No internet service,No internet service,No internet service,No internet service,18.0,369.03,No
26,Month-to-month,DSL,Credit card,0,Yes,Yes,No,Yes,No,Yes,Yes,Yes,Yes,No,70.5,1896.18,No
23,Month-to-month,No,Mailed check,0,No,No,No,Yes,No internet service,No internet service,No internet service,No internet service,No internet service,No internet service,18.92,432.5,No
4,Month-to-month,Fiber optic,Mailed check,0,Yes,No,No,Yes,Yes,No,No,Yes,No,Yes,84.83,347.45,No
72,Two year,Fiber optic,Mailed check,0,No,Yes,No,Yes,No,No,No,Yes,No,Yes,80.88,6051.86,No
72,Two year,No,Credit card,0,Yes,No,No,Yes,No internet service,No internet service,No internet service,No internet service,No internet service,No internet service,18.77,1416.86,No
61,Two year,DSL,Mailed check,0,Yes,Yes,No,Yes,Yes,Yes,No,No,No,No,58.61,3632.58,No
20,Month-to-month,No,Mailed check,0,No,Yes,No,Yes,No internet service,No internet service,No internet service,No internet service,No internet service,No internet service,21.08,439.02,Yes
30,Month-to-month,No,Electronic check,0,No,No,No,Yes,No internet service,No internet service,No internet service,No internet service,No internet service,No internet service,20.08,584.03,No
38,Month-to-month,DSL,Credit card,1,No,No,No,Yes,Yes,No,No,No,No,No,50.87,1889.52,No
48,Month-to-month,DSL,Credit card,1,Yes,No,Yes,Yes,No,Yes,Yes,Yes,No,Yes,71.13,3313.86,No
9,Month-to-month,DSL,Bank transfer,0,No,Yes,Yes,Yes,No,No,Yes,No,Yes,Yes,65.28,597.83,No
35,Month-to-month,No,Credit card,0,No,No,No,Yes,No internet service,No internet service,No internet service,No internet service,No internet service,No internet service,20.27,725.19,No
17,Month-to-month,No,Bank transfer,0,Yes,No,No,Yes,No internet service,No internet service,No internet service,No internet service,No internet service,No internet service,20.64,365.97,Yes
0,Month-to-month,Fiber optic,Credit card,0,No,No,Yes,Yes,No,No,No,Yes,No,No,72.16,73.5,Yes
31,Month-to-month,DSL,Electronic check,0,Yes,No,Yes,Yes,No,Yes,No,No,No,Yes,57.46,1703.75,No
61,One year,Fiber optic,Electronic check,0,Yes,No,No,Yes,No,No,Yes,Yes,Yes,Yes,89.18,5622.29,No
34,Month-to-month,DSL,Credit card,0,Yes,No,Yes,Yes,No,Yes,No,No,No,Yes,58.62,1936.61,No
51,Two year,No,Mailed check,1,Yes,No,Yes,Yes,No internet service,No internet service,No internet service,No internet service,No internet service,No internet service,20.06,1036.54,No
24,Month-to-month,No,Mailed check,0,No,Yes,Yes,No,No internet service,No internet service,No internet service,No internet service,No internet service,No internet service,20.06,502.28,Yes
29,Month-to-month,DSL,Bank transfer,0,No,Yes,Yes,Yes,Yes,Yes,Yes,No,Yes,No,67.83,2003.53,No
27,Month-to-month,Fiber optic,Bank transfer,1,Yes,No,Yes,Yes,No,Yes,Yes,No,Yes,Yes,91.99,2466.84,Yes
38,Month-to-month,Fiber optic,Mailed check,0,Yes,No,Yes,Yes,No,No,No,No,Yes,No,67.42,2536.09,Yes
33,Month-to-month,Fiber optic,Mailed check,0,No,No,No,No,No,Yes,No,Yes,Yes,Yes,94.94,2986.05,Yes
9,Month-to-month,Fiber optic,Mailed check,0,Yes,No,Yes,Yes,No,Yes,Yes,No,No,No,72.83,672.66,Yes
38,One year,No,Electronic check,0,Yes,No,Yes,Yes,No internet service,No internet service,No internet service,No internet service,No internet service,No internet service,23.77,860.93,No
10,Month-to-month,Fiber optic,Electronic check,0,No,No,Yes,Yes,No,Yes,No,Yes,Yes,Yes,98.33,1023.87,Yes
21,Month-to-month,Fiber optic,Mailed check,0,Yes,No,Yes,Yes,Yes,No,No,Yes,Yes,Yes,91.6,1918.51,Yes
24,Two year,DSL,Bank transfer,0,No,No,No,Yes,No,Yes,Yes,Yes,No,No,60.49,1380.72,No
49,Month-to-month,Fiber optic,Mailed check,0,No,No,Yes,Yes,Yes,Yes,Yes,Yes,Yes,Yes,101.19,4982.78,No
26,One year,Fiber optic,Mailed check,0,No,No,No,Yes,Yes,No,No,No,No,No,72.1,1850.52,Yes
10,Month-to-month,No,Bank transfer,0,No,No,Yes,Yes,No internet service,No internet service,No internet service,No internet service,No internet service,No internet service,19.49,196.28,No
19,Month-to-month,Fiber optic,Electronic check,0,Yes,No,No,Yes,No,No,No,No,No,No,66.32,1201.11,No
0,Month-to-month,Fiber optic,Mailed check,0,Yes,Yes,Yes,Yes,Yes,Yes,No,Yes,No,No,81.74,82.96,No
13,Month-to-month,DSL,Electronic check,0,No,Yes,No,Yes,No,No,No,No,No,Yes,60.09,780.25,No
41,One year,Fiber optic,Bank transfer,1,No,Yes,Yes,Yes,No,Yes,No,Yes,No,Yes,85.49,3568.41,No
44,Month-to-month,Fiber optic,Electronic check,0,No,Yes,No,Yes,No,No,No,No,Yes,No,70.22,2969.14,Yes
20,Month-to-month,Fiber optic,Mailed check,0,Yes,No,Yes,Yes,No,No,No,No,No,Yes,70.58,1479.52,No
12,Month-to-month,Fiber optic,Bank transfer,0,No,No,Yes,Yes,Yes,No,No,Yes,No,Yes,88.18,1046.58,Yes
36,Two year,No,Credit card,0,Yes,Yes,Yes,Yes,No internet service,No internet service,No internet service,No internet service,No internet service,No internet service,18.55,679.62,No
72,Two year,Fiber optic,Bank transfer,0,No,No,No,Yes,Yes,No,No,No,Yes,No,81.53,5621.99,No
55,Two year,Fiber optic,Credit card,0,No,No,Yes,No,Yes,Yes,Yes,No,No,No,85.62,4722.6,No
39,One year,Fiber optic,Bank transfer,0,Yes,Yes,No,Yes,No,No,Yes,Yes,Yes,Yes,93.44,3478.8,No
16,One year,No,Mailed check,0,Yes,No,Yes,Yes,No internet service,No internet service,No internet service,No internet service,No internet service,No internet service,20.37,326.03,No
26,Month-to-month,Fiber optic,Electronic check,0,No,No,Yes,Yes,No,No,No,No,Yes,No,70.01,1837.86,Yes
45,Two year,No,Electronic check,0,No,No,No,Yes,No internet service,No internet service,No internet service,No internet service,No internet service,No internet service,22.54,1052.54,No
42,Month-to-month,Fiber optic,Electronic check,0,Yes,No,Yes,Yes,Yes,No,No,Yes,Yes,No,84.53,3604.5,No
25,Month-to-month,No,Electronic check,1,Yes,Yes,Yes,Yes,No internet service,No internet service,No internet service,No internet service,No internet service,No internet service,18.31,452.19,No
40,One year,Fiber optic,Mailed check,0,No,No,No,Yes,No,No,Yes,No,Yes,No,72.24,2983.62,No
0,Month-to-month,Fiber optic,Bank transfer,1,Yes,No,Yes,Yes,No,No,No,No,Yes,Yes,77.59,77.19,Yes
16,Month-to-month,DSL,Bank transfer,0,Yes,No,No,Yes,No,Yes,No,No,Yes,No,60.28,966.01,No
15,Month-to-month,Fiber optic,Electronic check,1,Yes,No,Yes,Yes,No,No,No,Yes,No,No,70.56,1036.15,Yes
20,Month-to-month,DSL,Mailed check,0,Yes,No,No,Yes,No,No,No,No,No,Yes,51.5,1032.74,Yes
22,Two year,DSL,Electronic check,0,Yes,No,Yes,Yes,Yes,No,No,No,Yes,No,62.27,1397.8,No
3,Month-to-month,DSL,Mailed check,0,No,No,No,Yes,No,No,Yes,No,No,Yes,60.69,180.1,No
46,Two year,Fiber optic,Mailed check,0,No,Yes,No,No,No,No,No,Yes,No,Yes,75.87,3345.95,No
26,Month-to-month,DSL,Electronic check,0,No,Yes,Yes,Yes,Yes,No,Yes,No,Yes,No,68.12,1835.14,Yes
7,One year,Fiber optic,Electronic check,0,Yes,No,Yes,Yes,No,No,No,Yes,Yes,Yes,83.69,600.37,Yes
40,Month-to-month,No,Credit card,0,No,No,Yes,Yes,No internet service,No internet service,No internet service,No internet service,No internet service,No internet service,22.68,881.19,No
72,Two year,DSL,Mailed check,0,Yes,No,No,Yes,No,No,Yes,No,Yes,Yes,59.67,4276.2,No
2,Month-to-month,DSL,Mailed check,1,No,No,Yes,Yes,No,No,Yes,No,Yes,Yes,59.31,121.26,No
58,Month-to-month,No,Electronic check,0,No,No,Yes,No,No internet service,No internet service,No internet service,No internet service,No internet service,No internet service,22.99,1351.92,No
22,Month-to-month,DSL,Electronic check,0,No,Yes,Yes,Yes,Yes,No,No,Yes,Yes,No,67.03,1476.34,No
16,Month-to-month,DSL,Mailed check,0,Yes,No,Yes,Yes,No,No,Yes,Yes,No,Yes,62.68,954.41,Yes
28,Month-to-month,Fiber optic,Credit card,0,No,No,Yes,Yes,No,No,No,No,Yes,Yes,78.51,2296.08,Yes
45,One year,DSL,Electronic check,0,No,No,No,Yes,Yes,No,Yes,No,Yes,Yes,75.31,3456.22,No
56,Two year,Fiber optic,Electronic check,0,Yes,No,No,Yes,Yes,No,Yes,Yes,Yes,No,91.3,5268.68,No
21,One year,Fiber optic,Credit card,0,No,No,Yes,Yes,Yes,Yes,Yes,No,Yes,Yes,94.9,2090.48,No
11,Month-to-month,No,Mailed check,0,Yes,No,No,Yes,No internet service,No internet service,No internet service,No internet service,No internet service,No internet service,20.56,221.55,Yes
24,Month-to-month,Fiber optic,Electronic check,0,Yes,No,No,Yes,No,No,No,Yes,Yes,No,80.37,1837.84,Yes
67,Two year,DSL,Bank transfer,0,No,No,Yes,Yes,No,No,No,No,Yes,Yes,53.88,3452.4,No
72,Two year,Fiber optic,Mailed check,0,No,No,Yes,Yes,Yes,Yes,No,Yes,No,No,89.03,6485.03,No
11,Month-to-month,Fiber optic,Credit card,0,Yes,Yes,Yes,Yes,No,No,No,No,Yes,Yes,76.72,845.21,Yes
55,Two year,No,Electronic check,0,Yes,Yes,No,Yes,No internet service,No internet service,No internet service,No internet service,No internet service,No internet service,21.97,1180.93,No
7,Month-to-month,Fiber optic,Credit card,0,Yes,Yes,No,Yes,Yes,No,No,Yes,Yes,No,79.9,533.48,No
72,Two year,DSL,Electronic check,1,Yes,No,No,Yes,No,No,No,No,No,No,44.32,3318.56,No
49,Two year,DSL,Credit card,0,Yes,No,No,Yes,No,No,Yes,No,No,No,57.37,2911.46,No
29,One year,No,Credit card,0,Yes,No,No,Yes,No internet service,No internet service,No internet service,No internet service,No internet service,No internet service,20.08,571.85,No
19,Month-to-month,Fiber optic,Credit card,0,No,No,Yes,Yes,No,No,Yes,Yes,No,No,73.16,1403.83,No
11,One year,No,Credit card,0,No,Yes,Yes,Yes,No internet service,No internet service,No internet service,No internet service,No internet service,No internet service,20.25,212.25,No
27,Month-to-month,DSL,Bank transfer,0,No,No,Yes,No,No,No,No,Yes,Yes,No,53.09,1391.07,No
49,Two year,Fiber optic,Electronic check,0,No,No,No,Yes,Yes,No,No,No,No,No,73.87,3734.7,No
62,Month-to-month,Fiber optic,Electronic check,0,Yes,No,No,Yes,No,No,No,Yes,Yes,Yes,83.24,5074.83,No
28,One year,Fiber optic,Mailed check,0,Yes,Yes,Yes,Yes,Yes,No,Yes,Yes,Yes,Yes,96.03,2766.87,No
50,Two year,DSL,Mailed check,0,Yes,No,Yes,Yes,Yes,No,No,Yes,No,Yes,65.71,3383.99,No
34,Month-to-month,Fiber optic,Electronic check,0,Yes,No,Yes,Yes,Yes,No,Yes,No,No,Yes,81.78,2668.17,No
31,Month-to-month,Fiber optic,Bank transfer,0,No,No,No,Yes,Yes,No,No,Yes,Yes,No,85.56,2615.28,No
55,One year,DSL,Bank transfer,0,Yes,Yes,Yes,Yes,No,No,No,No,No,Yes,52.56,2837.54,No
14,Month-to-month,DSL,Credit card,1,No,No,Yes,Yes,Yes,Yes,Yes,No,No,No,67.14,922.8,No
0,Month-to-month,Fiber optic,Mailed check,0,No,No,No,Yes,Yes,No,No,Yes,No,No,73.58,74.43,Yes
61,Month-to-month,Fiber optic,Bank transfer,0,Yes,No,No,Yes,Yes,No,No,No,No,Yes,80.63,4827.56,No
26,Month-to-month,DSL,Bank transfer,0,Yes,No,Yes,Yes,Yes,Yes,No,No,Yes,No,62.89,1618.17,No
42,One year,DSL,Credit card,0,No,Yes,No,Yes,Yes,No,Yes,Yes,No,No,67.99,2950.71,No
51,One year,No,Bank transfer,0,No,No,Yes,Yes,No internet service,No internet service,No internet service,No internet service,No internet service,No internet service,21.63,1132.41,No
0,Month-to-month,DSL,Electronic check,0,Yes,Yes,No,Yes,Yes,No,No,No,Yes,Yes,67.34,68.22,No
11,Month-to-month,DSL,Electronic check,1,No,No,Yes,Yes,No,No,No,Yes,Yes,No,61.11,664.31,Yes
1,Month-to-month,Fiber optic,Credit card,0,Yes,No,Yes,Yes,Yes,No,No,No,Yes,Yes,85.23,81.36,No
21,Month-to-month,No,Bank transfer,0,No,No,No,Yes,No internet service,No internet service,No internet service,No internet service,No internet service,No internet service,22.08,445.28,No
16,One year,Fiber optic,Credit card,1,No,No,Yes,Yes,No,Yes,No,No,No,Yes,80.48,1333.56,No
29,Month-to-month,Fiber optic,Credit card,0,Yes,No,No,Yes,No,Yes,No,No,Yes,No,78.82,2256.19,Yes
37,Month-to-month,Fiber optic,Bank transfer,0,Yes,Yes,Yes,Yes,No,No,Yes,Yes,Yes,No,84.46,3247.03,No
72,Two year,Fiber optic,Bank transfer,0,No,No,Yes,Yes,No,No,Yes,No,Yes,Yes,86.37,6317.91,No
25,Month-to-month,No,Credit card,0,No,No,No,Yes,No internet service,No internet service,No internet service,No internet service,No internet service,No internet service,20.99,511.66,No
41,One year,Fiber optic,Credit card,0,No,No,Yes,Yes,Yes,No,No,No,Yes,Yes,82.24,3529.4,No
11,Month-to-month,Fiber optic,Mailed check,0,No,Yes,Yes,Yes,No,No,No,No,Yes,No,70.93,798.34,Yes
25,Month-to-month,Fiber optic,Electronic check,0,No,Yes,Yes,Yes,No,Yes,No,No,No,Yes,78.74,2047.98,No
16,Month-to-month,No,Electronic check,0,No,No,Yes,Yes,No internet service,No internet service,No internet service,No internet service,No internet service,No internet service,20.07,334.53,No
24,Two year,No,Mailed check,0,No,Yes,No,Yes,No internet service,No internet service,No internet service,No internet service,No internet service,No internet service,20.92,505.0,No
44,Two year,No,Credit card,0,Yes,Yes,Yes,Yes,No internet service,No internet service,No internet service,No internet service,No internet service,No internet service,20.32,924.7,No
31,Month-to-month,No,Credit card,0,Yes,Yes,No,Yes,No internet service,No internet service,No internet service,No internet service,No internet service,No internet service,24.14,739.02,No
0,Month-to-month,No,Mailed check,0,No,No,Yes,Yes,No internet service,No internet service,No internet service,No internet service,No internet service,No internet service,19.61,20.25,Yes
0,Month-to-month,DSL,Electronic check,1,Yes,No,Yes,Yes,No,No,No,Yes,No,No,52.96,54.7,No
35,One year,Fiber optic,Mailed check,1,Yes,Yes,Yes,Yes,Yes,No,No,No,Yes,Yes,83.52,2881.45,No
3,One year,Fiber optic,Credit card,0,Yes,No,Yes,Yes,No,No,Yes,Yes,No,No,77.95,244.76,No
50,One year,Fiber optic,Bank transfer,0,No,Yes,Yes,Yes,No,No,No,No,Yes,Yes,79.55,3959.55,No
64,Two year,DSL,Electronic check,1,No,No,Yes,Yes,Yes,Yes,No,No,Yes,No,59.68,3800.09,No
33,Month-to-month,Fiber optic,Mailed check,0,No,No,Yes,Yes,No,No,No,Yes,No,No,73.54,2458.43,No
42,One year,Fiber optic,Mailed check,1,No,No,No,Yes,No,No,No,No,No,No,66.86,2938.86,No
24,One year,DSL,Mailed check,0,No,No,No,Yes,No,No,No,No,No,Yes,51.23,1276.02,No
0,Month-to-month,Fiber optic,Credit card,0,No,No,Yes,Yes,Yes,No,No,No,Yes,Yes,83.11,86.19,Yes
63,Two year,Fiber optic,Credit card,0,Yes,No,Yes,Yes,Yes,Yes,Yes,No,Yes,No,93.72,6062.26,No
29,Month-to-month,Fiber optic,Electronic check,0,No,Yes,No,Yes,Yes,No,Yes,No,No,No,80.44,2359.42,Yes
20,One year,DSL,Electronic check,0,No,No,Yes,Yes,No,Yes,Yes,No,No,No,60.69,1215.5,No
18,One year,Fiber optic,Mailed check,0,No,Yes,Yes,Yes,No,Yes,Yes,No,Yes,Yes,86.96,1603.55,No
54,Two year,Fiber optic,Electronic check,0,No,No,No,Yes,No,No,No,No,Yes,No,75.43,3956.24,No
20,Month-to-month,Fiber optic,Mailed check,0,No,No,Yes,Yes,No,No,No,No,No,Yes,72.07,1383.23,Yes
33,Month-to-month,DSL,Electronic check,1,Yes,Yes,Yes,Yes,No,No,No,No,Yes,Yes,65.28,2060.84,No
65,Two year,Fiber optic,Electronic check,1,Yes,No,Yes,Yes,Yes,No,No,No,No,No,75.59,4737.16,No
53,Two year,Fiber optic,Credit card,0,Yes,No,Yes,Yes,No,No,Yes,No,Yes,No,76.93,4192.76,No
35,Month-to-month,No,Electronic check,0,Yes,No,No,Yes,No internet service,No internet service,No internet service,No internet service,No internet service,No internet service,21.58,730.43,No
48,Two year,No,Credit card,0,Yes,No,Yes,Yes,No internet service,No internet service,No internet service,No internet service,No internet service,No internet service,18.01,827.41,No
13,Month-to-month,Fiber optic,Electronic check,0,No,No,Yes,Yes,Yes,No,No,Yes,Yes,No,86.0,1150.94,Yes
52,One year,Fiber optic,Electronic check,0,Yes,Yes,Yes,Yes,No,No,Yes,No,Yes,Yes,81.56,4171.65,No
69,Two year,Fiber optic,Electronic check,0,No,No,No,Yes,No,No,Yes,No,No,Yes,79.62,5430.07,No
34,Month-to-month,DSL,Electronic check,1,Yes,No,Yes,No,No,No,No,No,No,No,46.51,1593.09,No
15,Month-to-month,Fiber optic,Mailed check,0,Yes,Yes,Yes,Yes,No,No,No,No,No,Yes,70.29,1079.81,Yes
55,Two year,No,Credit card,1,No,Yes,Yes,Yes,No internet service,No internet service,No internet service,No internet service,No internet service,No internet service,19.74,1089.44,No
40,Two year,No,Credit card,1,Yes,No,Yes,Yes,No internet service,No internet service,No internet service,No internet service,No internet service,No internet service,18.0,684.05,No
68,Two year,DSL,Electronic check,0,Yes,No,No,Yes,Yes,No,Yes,No,Yes,No,69.39,4577.28,No
9,Month-to-month,Fiber optic,Electronic check,1,Yes,Yes,Yes,Yes,No,No,Yes,No,Yes,No,76.15,698.7,Yes
22,Two year,No,Electronic check,0,No,No,Yes,Yes,No internet service,No internet service,No internet service,No internet service,No internet service,No internet service,18.69,405.22,No
11,Month-to-month,DSL,Bank transfer,0,Yes,Yes,No,Yes,No,No,No,No,No,No,45.79,489.18,No
4,Month-to-month,No,Electronic check,0,No,No,No,Yes,No internet service,No internet service,No internet service,No internet service,No internet service,No internet service,20.69,86.69,No
0,Month-to-month,Fiber optic,Electronic check,0,Yes,No,Yes,No,No,No,No,No,No,Yes,70.18,67.66,Yes
45,Two year,DSL,Credit card,0,Yes,Yes,Yes,Yes,No,No,No,No,No,No,47.61,2243.47,No
67,Two year,No,Credit card,0,Yes,No,No,Yes,No internet service,No internet service,No internet service,No internet service,No internet service,No internet service,20.93,1388.72,No
45,One year,No,Bank transfer,0,Yes,Yes,Yes,No,No internet service,No internet service,No internet service,No internet service,No internet service,No internet service,20.07,860.8,No
45,One year,DSL,Electronic check,0,No,No,Yes,Yes,Yes,No,Yes,No,No,No,60.35,2683.0,No
41,Month-to-month,DSL,Mailed check,0,Yes,No,Yes,Yes,No,No,No,No,No,No,41.77,1784.18,No
9,Month-to-month,Fiber optic,Electronic check,0,No,No,No,Yes,Yes,No,Yes,No,Yes,No,78.89,735.95,Yes
0,Month-to-month,DSL,Bank transfer,1,No,No,Yes,Yes,Yes,No,Yes,No,Yes,Yes,71.43,68.69,Yes
26,Month-to-month,No,Bank transfer,0,Yes,No,Yes,No,No internet service,No internet service,No internet service,No internet service,No internet service,No internet service,18.65,500.0,No
24,Month-to-month,DSL,Electronic check,0,No,Yes,No,Yes,No,No,No,No,No,No,43.61,1016.66,No
34,Two year,Fiber optic,Credit card,1,No,Yes,No,Yes,No,No,No,Yes,No,No,65.87,2200.13,No
35,One year,Fiber optic,Mailed check,0,No,No,Yes,Yes,Yes,No,No,Yes,Yes,Yes,94.56,3363.15,No
63,Two year,DSL,Credit card,0,No,No,Yes,Yes,No,No,Yes,Yes,No,No,56.28,3685.36,No
22,Month-to-month,No,Electronic check,0,Yes,No,No,Yes,No internet service,No internet service,No internet service,No internet service,No internet service,No internet service,20.48,467.1,No
30,Month-to-month,Fiber optic,Mailed check,1,No,No,Yes,Yes,Yes,No,No,No,Yes,No,77.63,2322.34,Yes
7,Month-to-month,Fiber optic,Electronic check,0,No,No,No,Yes,Yes,No,No,Yes,Yes,Yes,87.76,644.11,Yes
0,Month-to-month,No,Bank transfer,0,No,Yes,Yes,Yes,No internet service,No internet service,No internet service,No internet service,No internet service,No internet service,19.81,19.82,No
3,Month-to-month,DSL,Electronic check,0,Yes,No,No,Yes,Yes,Yes,No,No,Yes,No,68.76,204.7,No
32,Month-to-month,Fiber optic,Electronic check,0,Yes,Yes,Yes,Yes,No,Yes,No,Yes,Yes,No,82.13,2696.14,No
35,Month-to-month,Fiber optic,Bank transfer,0,No,Yes,Yes,Yes,No,No,No,No,Yes,No,69.5,2494.87,No
35,One year,Fiber optic,Bank transfer,0,Yes,No,Yes,Yes,No,No,No,No,No,No,62.27,2270.52,No
42,Month-to-month,Fiber optic,Bank transfer,1,Yes,No,Yes,Yes,No,Yes,Yes,No,No,No,82.6,3627.02,Yes
15,Month-to-month,DSL,Bank transfer,1,Yes,No,No,Yes,No,Yes,Yes,Yes,No,No,70.92,1098.74,Yes
10,Month-to-month,DSL,Bank transfer,0,No,No,Yes,Yes,No,Yes,No,No,Yes,No,52.58,516.58,Yes
0,Month-to-month,DSL,Bank transfer,0,Yes,Yes,No,Yes,No,No,No,No,No,No,45.87,44.97,No
17,Month-to-month,DSL,Mailed check,1,Yes,Yes,No,Yes,No,Yes,No,No,Yes,Yes,58.38,1008.05,No
35,Month-to-month,Fiber optic,Electronic check,0,No,No,Yes,Yes,No,No,Yes,No,No,No,76.49,2781.27,No
58,One year,Fiber optic,Mailed check,0,Yes,No,No,Yes,No,Yes,No,Yes,No,Yes,83.22,4913.33,No
35,Month-to-month,Fiber optic,Electronic check,0,Yes,No,Yes,Yes,No,No,Yes,Yes,Yes,No,89.23,2994.48,Yes
62,Two year,Fiber optic,Mailed check,0,No,Yes,No,Yes,No,No,No,Yes,Yes,No,79.1,4960.09,No
44,Month-to-month,DSL,Mailed check,0,Yes,Yes,Yes,Yes,No,No,Yes,No,Yes,No,60.81,2644.86,No
3,Month-to-month,Fiber optic,Electronic check,0,Yes,No,Yes,Yes,No,No,No,No,Yes,Yes,79.0,245.66,Yes
37,Month-to-month,DSL,Bank transfer,0,No,Yes,No,Yes,Yes,No,No,No,No,No,51.35,1982.78,Yes
22,Month-to-month,Fiber optic,Bank transfer,0,No,No,No,Yes,No,Yes,Yes,No,No,No,82.52,1824.08,Yes
21,Month-to-month,Fiber optic,Mailed check,0,Yes,Yes,Yes,Yes,No,Yes,Yes,No,Yes,Yes,93.84,1897.85,No
31,Two year,Fiber optic,Credit card,1,No,No,No,Yes,No,Yes,No,No,No,No,68.75,2234.51,No
23,Month-to-month,DSL,Electronic check,0,No,No,Yes,Yes,Yes,No,No,Yes,No,Yes,61.68,1466.31,No
56,One year,DSL,Electronic check,0,No,Yes,Yes,Yes,No,No,Yes,No,Yes,No,55.91,3067.33,No
0,Month-to-month,No,Electronic check,0,No,No,Yes,Yes,No internet service,No internet service,No internet service,No internet service,No internet service,No internet service,22.37,23.17,No
31,Month-to-month,Fiber optic,Mailed check,0,No,No,Yes,Yes,Yes,No,No,Yes,No,Yes,87.52,2841.28,No
0,Month-to-month,DSL,Electronic check,0,Yes,No,Yes,Yes,No,Yes,No,Yes,Yes,No,63.78,65.39,Yes
0,Month-to-month,DSL,Credit card,0,No,Yes,No,Yes,No,Yes,No,No,Yes,Yes,64.72,64.13,Yes
16,Month-to-month,Fiber optic,Electronic check,0,Yes,No,Yes,Yes,No,No,No,Yes,No,No,75.25,1232.17,Yes
72,Two year,Fiber optic,Mailed check,0,Yes,No,Yes,Yes,No,No,No,No,Yes,No,72.67,4987.4,No
36,One year,Fiber optic,Mailed check,0,No,Yes,Yes,Yes,No,Yes,No,Yes,No,Yes,84.84,3025.7,Yes
62,Two year,Fiber optic,Electronic check,0,Yes,No,Yes,No,No,No,No,Yes,No,No,74.05,4802.7,No
3,Month-to-month,No,Bank transfer,0,Yes,Yes,Yes,Yes,No internet service,No internet service,No internet service,No internet service,No internet service,No internet service,19.02,59.65,No
51,Two year,Fiber optic,Bank transfer,0,Yes,No,Yes,Yes,Yes,No,Yes,No,Yes,No,84.91,4363.89,No
37,One year,DSL,Bank transfer,0,No,No,Yes,Yes,Yes,No,Yes,No,Yes,Yes,71.76,2686.23,No
64,One year,DSL,Bank transfer,0,No,Yes,No,Yes,Yes,No,No,Yes,Yes,Yes,71.76,4705.36,No
42,Two year,Fiber optic,Mailed check,0,Yes,Yes,No,Yes,No,No,No,Yes,Yes,Yes,83.73,3585.63,No
27,One year,DSL,Mailed check,0,No,No,Yes,Yes,Yes,No,No,No,Yes,Yes,67.02,1860.58,No
71,Two year,Fiber optic,Bank transfer,0,Yes,No,Yes,Yes,No,No,No,No,No,Yes,73.78,5478.31,No
34,One year,DSL,Mailed check,1,No,No,Yes,Yes,No,No,Yes,No,Yes,No,60.08,2095.25,Yes
20,Month-to-month,Fiber optic,Mailed check,1,No,No,Yes,Yes,Yes,No,No,No,Yes,No,78.09,1559.38,No
45,One year,Fiber optic,Electronic check,0,Yes,No,Yes,Yes,No,No,Yes,Yes,No,No,75.81,3397.23,No
8,Month-to-month,Fiber optic,Bank transfer,0,No,No,Yes,Yes,No,No,Yes,Yes,Yes,Yes,94.34,781.41,Yes
21,Two year,DSL,Electronic check,0,Yes,Yes,Yes,Yes,No,No,No,Yes,No,No,52.64,1063.14,No
71,Two year,DSL,Credit card,0,No,No,Yes,Yes,Yes,Yes,No,No,No,Yes,58.37,4269.1,No
20,Month-to-month,DSL,Electronic check,0,Yes,No,Yes,No,Yes,No,No,No,Yes,No,54.57,1077.08,Yes
0,Month-to-month,Fiber optic,Mailed check,0,Yes,No,No,Yes,Yes,Yes,No,Yes,No,Yes,89.91,92.13,Yes
30,Month-to-month,No,Electronic check,0,No,No,No,No,No internet service,No internet service,No internet service,No internet service,No internet service,No internet service,18.54,558.73,No
50,Month-to-month,Fiber optic,Electronic check,1,No,No,No,Yes,No,No,No,No,No,Yes,73.92,3640.41,No
37,Month-to-month,No,Electronic check,0,No,Yes,No,Yes,No internet service,No internet service,No internet service,No internet service,No internet service,No internet service,19.76,762.06,Yes
71,One year,DSL,Bank transfer,0,No,Yes,No,Yes,No,Yes,No,No,Yes,No,59.97,4050.93,No
18,One year,DSL,Electronic check,1,Yes,Yes,Yes,No,No,Yes,No,Yes,No,No,57.32,1001.75,No
58,Two year,Fiber optic,Electronic check,0,Yes,No,Yes,No,No,Yes,No,Yes,Yes,No,80.07,4630.11,No
24,Month-to-month,DSL,Electronic check,0,No,No,No,Yes,Yes,No,Yes,No,Yes,Yes,71.75,1737.36,Yes
16,Month-to-month,DSL,Electronic check,1,Yes,Yes,Yes,Yes,No,No,Yes,Yes,No,No,64.97,1058.68,No
13,Month-to-month,Fiber optic,Credit card,0,No,Yes,Yes,Yes,No,No,Yes,Yes,No,No,77.28,988.19,Yes
7,Two year,No,Mailed check,0,Yes,Yes,No,Yes,No internet service,No internet service,No internet service,No internet service,No internet service,No internet service,18.72,130.93,No
45,Month-to-month,Fiber optic,Bank transfer,0,Yes,No,No,Yes,No,No,No,Yes,No,No,72.7,3222.25,No
0,Month-to-month,DSL,Mailed check,0,Yes,No,Yes,Yes,No,No,No,No,No,Yes,52.01,49.8,Yes
32,Month-to-month,DSL,Mailed check,0,Yes,Yes,Yes,Yes,No,No,Yes,No,No,Yes,57.36,1883.91,No
54,Two year,No,Credit card,1,Yes,No,Yes,Yes,No internet service,No internet service,No internet service,No internet service,No internet service,No internet service,18.32,974.73,No
18,Month-to-month,DSL,Electronic check,0,Yes,No,Yes,Yes,No,Yes,No,No,Yes,Yes,68.22,1231.57,No
35,One year,Fiber optic,Credit card,1,Yes,No,No,Yes,No,Yes,Yes,No,No,Yes,89.17,3002.75,No
41,One year,DSL,Mailed check,0,No,No,Yes,Yes,No,No,No,Yes,No,Yes,56.08,2284.52,No
48,One year,Fiber optic,Mailed check,1,Yes,No,Yes,Yes,No,Yes,No,Yes,Yes,Yes,89.38,4423.11,No
33,Month-to-month,DSL,Credit card,0,Yes,Yes,No,Yes,No,No,No,No,Yes,No,49.99,1645.35,Yes
16,Month-to-month,DSL,Electronic check,0,Yes,No,Yes,Yes,No,No,Yes,No,Yes,No,59.4,984.1,No
0,Month-to-month,No,Credit card,1,Yes,No,No,Yes,No internet service,No internet service,No internet service,No internet service,No internet service,No internet service,20.59,21.41,No
0,Month-to-month,Fiber optic,Credit card,1,Yes,Yes,No,Yes,Yes,No,No,No,No,Yes,74.53,72.0,No
55,One year,Fiber optic,Electronic check,0,Yes,No,No,Yes,No,No,No,No,No,No,65.23,3706.9,No
14,Month-to-month,DSL,Mailed check,0,Yes,No,No,No,No,Yes,Yes,Yes,No,No,61.71,834.36,No
2,Month-to-month,Fiber optic,Credit card,0,No,No,No,Yes,No,No,No,No,Yes,Yes,83.89,171.37,Yes
6,Month-to-month,Fiber optic,Electronic check,0,Yes,No,Yes,Yes,No,Yes,No,Yes,No,Yes,83.44,493.91,No
36,One year,Fiber optic,Bank transfer,0,Yes,Yes,Yes,Yes,No,Yes,No,No,Yes,No,76.65,2757.27,No
0,Month-to-month,DSL,Electronic check,0,No,No,No,Yes,No,No,Yes,No,No,No,54.18,53.39,Yes
38,One year,Fiber optic,Electronic check,0,Yes,Yes,No,Yes,No,No,No,No,Yes,Yes,76.48,2968.99,No
38,Month-to-month,DSL,Mailed check,0,Yes,Yes,Yes,Yes,No,No,No,Yes,Yes,Yes,67.37,2459.94,No
52,Two year,No,Bank transfer,1,Yes,No,No,Yes,No internet service,No internet service,No internet service,No internet service,No internet service,No internet service,19.02,1003.9,No
10,One year,DSL,Bank transfer,0,No,No,No,No,No,No,Yes,No,Yes,Yes,65.13,631.84,No
32,Month-to-month,Fiber optic,Bank transfer,0,No,No,Yes,Yes,Yes,Yes,No,No,Yes,No,82.06,2641.37,No
36,Month-to-month,Fiber optic,Electronic check,0,Yes,Yes,Yes,Yes,No,No,No,No,Yes,No,70.58,2617.92,No
37,Month-to-month,Fiber optic,Mailed check,0,No,No,No,Yes,Yes,Yes,Yes,No,Yes,Yes,98.4,3476.43,No
19,Month-to-month,DSL,Electronic check,0,No,Yes,No,Yes,Yes,No,No,No,Yes,No,58.03,1109.76,Yes
55,Month-to-month,DSL,Electronic check,0,No,Yes,No,Yes,No,No,No,Yes,No,No,51.31,2895.62,Yes
66,Two year,Fiber optic,Electronic check,0,Yes,No,No,No,Yes,Yes,No,Yes,Yes,No,92.98,6107.22,No
72,One year,Fiber optic,Bank transfer,1,No,No,Yes,Yes,No,No,No,No,No,No,65.34,4621.94,No
40,Month-to-month,Fiber optic,Electronic check,0,Yes,No,Yes,Yes,No,Yes,Yes,No,Yes,No,84.16,3490.57,No
57,One year,Fiber optic,Electronic check,0,Yes,No,Yes,Yes,Yes,Yes,No,Yes,Yes,No,97.52,5331.73,No
8,Month-to-month,No,Bank transfer,0,No,No,Yes,Yes,No internet service,No internet service,No internet service,No internet service,No internet service,No internet service,21.9,167.19,No
39,Two year,Fiber optic,Electronic check,0,No,Yes,No,Yes,Yes,Yes,Yes,Yes,No,Yes,90.0,3555.15,No
20,Month-to-month,Fiber optic,Credit card,0,Yes,No,Yes,Yes,No,Yes,No,Yes,No,No,72.81,1508.04,No
35,One year,Fiber optic,Mailed check,0,Yes,No,Yes,Yes,No,No,Yes,No,Yes,Yes,85.36,3106.82,No
45,Two year,Fiber optic,Electronic check,0,No,No,No,Yes,No,Yes,No,Yes,Yes,No,85.28,3869.8,No
16,Month-to-month,Fiber optic,Credit card,0,No,No,No,Yes,No,No,No,No,Yes,Yes,74.27,1197.13,Yes
15,Month-to-month,Fiber optic,Bank transfer,0,No,No,Yes,Yes,No,No,No,No,Yes,No,69.8,1078.8,Yes
8,Month-to-month,Fiber optic,Credit card,0,Yes,Yes,Yes,No,No,No,No,Yes,Yes,No,78.57,656.32,Yes
65,Two year,Fiber optic,Mailed check,1,Yes,No,Yes,Yes,Yes,Yes,No,Yes,No,Yes,92.74,6242.91,No
6,Month-to-month,DSL,Mailed check,0,No,No,No,Yes,No,No,Yes,No,Yes,No,56.3,322.74,No
37,One year,DSL,Bank transfer,0,Yes,No,No,Yes,No,Yes,No,No,Yes,Yes,62.59,2370.11,No
35,Two year,Fiber optic,Mailed check,1,No,No,Yes,Yes,No,No,Yes,No,Yes,Yes,85.49,2898.89,No
56,Two year,No,Mailed check,0,No,No,Yes,Yes,No internet service,No internet service,No internet service,No internet service,No internet service,No internet service,21.76,1196.77,No
21,Month-to-month,Fiber optic,Electronic check,0,No,Yes,No,Yes,No,Yes,No,No,No,No,73.81,1503.34,No
3,Month-to-month,No,Electronic check,0,No,Yes,Yes,Yes,No internet service,No internet service,No internet service,No internet service,No internet service,No internet service,20.45,64.21,Yes
39,One year,No,Electronic check,0,Yes,No,No,Yes,No internet service,No internet service,No internet service,No internet service,No internet service,No internet service,18.13,688.63,No
16,Month-to-month,Fiber optic,Bank transfer,0,No,Yes,Yes,Yes,No,No,No,No,No,Yes,68.01,1068.04,No
47,Two year,Fiber optic,Mailed check,0,No,Yes,Yes,Yes,Yes,Yes,Yes,Yes,Yes,Yes,105.02,5076.82,No
11,Month-to-month,No,Credit card,0,No,Yes,Yes,Yes,No internet service,No internet service,No internet service,No internet service,No internet service,No internet service,19.48,206.25,No
25,Month-to-month,Fiber optic,Electronic check,1,Yes,No,Yes,Yes,No,No,No,No,No,No,63.44,1640.23,No
54,Two year,Fiber optic,Mailed check,0,Yes,Yes,Yes,No,Yes,No,No,Yes,Yes,No,81.44,4286.85,No
33,Month-to-month,DSL,Electronic check,0,No,No,Yes,Yes,No,No,No,Yes,Yes,No,57.54,1827.29,Yes
1,Month-to-month,DSL,Bank transfer,1,No,No,No,Yes,No,No,No,Yes,Yes,No,59.43,58.06,No
15,Month-to-month,No,Credit card,0,Yes,Yes,Yes,No,No internet service,No internet service,No internet service,No internet service,No internet service,No internet service,18.0,268.23,No
8,Month-to-month,DSL,Mailed check,0,Yes,Yes,Yes,Yes,Yes,No,No,No,Yes,No,57.49,454.83,No
55,Two year,No,Mailed check,0,Yes,Yes,Yes,No,No internet service,No internet service,No internet service,No internet service,No internet service,No internet service,22.28,1254.51,No
22,Month-to-month,DSL,Bank transfer,0,Yes,No,Yes,Yes,Yes,No,No,No,No,No,53.71,1163.34,No
0,Month-to-month,DSL,Electronic check,0,Yes,Yes,Yes,No,No,No,Yes,No,No,Yes,59.36,59.29,Yes
27,Month-to-month,DSL,Bank transfer,0,No,No,Yes,Yes,Yes,No,Yes,No,No,Yes,62.66,1762.98,No
72,Two year,No,Bank transfer,1,No,No,Yes,Yes,No internet service,No internet service,No internet service,No internet service,No internet service,No internet service,21.61,1515.78,No
21,Month-to-month,No,Electronic check,0,Yes,No,No,Yes,No internet service,No internet service,No internet service,No internet service,No internet service,No internet service,22.13,484.01,No
40,Two year,No,Bank transfer,1,No,No,Yes,Yes,No internet service,No internet service,No internet service,No internet service,No internet service,No internet service,22.68,949.46,No
49,Two year,DSL,Bank transfer,0,Yes,No,No,Yes,Yes,No,No,Yes,Yes,Yes,70.65,3561.44,No
13,Month-to-month,DSL,Electronic check,0,No,No,No,Yes,No,No,No,No,No,No,44.23,590.69,Yes
43,Two year,Fiber optic,Electronic check,0,No,No,Yes,Yes,No,Yes,No,Yes,Yes,No,81.53,3352.12,No
50,One year,No,Mailed check,0,Yes,No,Yes,No,No internet service,No internet service,No internet service,No internet service,No internet service,No internet service,18.14,906.8,No
0,Month-to-month,Fiber optic,Bank transfer,0,No,No,Yes,No,No,Yes,No,No,Yes,Yes,80.87,79.54,Yes
22,Month-to-month,Fiber optic,Mailed check,0,Yes,No,Yes,Yes,Yes,Yes,No,No,No,No,81.66,1779.06,Yes
72,Two year,Fiber optic,Mailed check,0,No,No,Yes,Yes,No,No,No,Yes,No,Yes,78.76,5463.88,No
72,Two year,DSL,Electronic check,0,No,No,Yes,Yes,No,No,No,Yes,No,No,55.3,3822.79,No
54,One year,DSL,Electronic check,0,No,No,Yes,Yes,No,Yes,Yes,Yes,No,Yes,68.25,3577.33,No
43,Two year,Fiber optic,Electronic check,0,Yes,No,Yes,Yes,No,No,No,Yes,Yes,No,73.38,3271.25,No
41,Month-to-month,Fiber optic,Electronic check,0,Yes,No,Yes,Yes,No,No,Yes,No,Yes,Yes,82.76,3380.5,No
60,Two year,Fiber optic,Electronic check,1,Yes,No,Yes,Yes,No,No,Yes,Yes,Yes,Yes,97.08,5674.45,No
72,Two year,Fiber optic,Electronic check,0,Yes,No,Yes,Yes,No,Yes,No,Yes,Yes,Yes,93.76,6518.96,No
35,Month-to-month,Fiber optic,Bank transfer,0,Yes,No,No,Yes,Yes,Yes,No,Yes,No,Yes,92.54,3094.09,No
23,Month-to-month,DSL,Bank transfer,0,Yes,No,Yes,Yes,Yes,No,No,Yes,Yes,No,63.75,1490.79,Yes
14,Month-to-month,Fiber optic,Electronic check,0,No,No,No,Yes,No,Yes,Yes,Yes,Yes,Yes,97.04,1403.02,Yes
72,Two year,Fiber optic,Bank transfer,0,Yes,Yes,No,Yes,No,No,Yes,No,No,No,72.26,5154.26,No
0,Month-to-month,Fiber optic,Electronic check,1,Yes,No,Yes,Yes,No,Yes,Yes,No,No,Yes,89.44,89.12,Yes
35,One year,DSL,Mailed check,0,No,No,Yes,Yes,No,Yes,Yes,No,No,No,58.41,2067.4,No
0,Month-to-month,No,Credit card,1,Yes,Yes,Yes,Yes,No internet service,No internet service,No internet service,No internet service,No internet service,No internet service,20.03,19.75,No
20,Month-to-month,Fiber optic,Mailed check,0,No,Yes,Yes,Yes,No,Yes,Yes,No,Yes,Yes,91.19,1824.09,No
44,One year,Fiber optic,Electronic check,1,No,Yes,Yes,Yes,Yes,Yes,No,No,Yes,No,84.22,3683.65,No
8,Month-to-month,DSL,Mailed check,1,No,Yes,Yes,Yes,No,No,Yes,Yes,No,No,57.18,443.81,Yes
45,Two year,Fiber optic,Bank transfer,0,Yes,No,No,Yes,No,No,Yes,No,No,No,70.2,3168.89,No
0,Month-to-month,No,Electronic check,0,No,No,Yes,No,No internet service,No internet service,No internet service,No internet service,No internet service,No internet service,21.06,20.94,Yes
61,Two year,No,Credit card,0,No,No,No,Yes,No internet service,No internet service,No internet service,No internet service,No internet service,No internet service,18.0,1136.1,No
11,Month-to-month,DSL,Mailed check,0,No,No,No,Yes,Yes,No,No,No,Yes,No,58.86,633.75,Yes
61,Two year,No,Electronic check,0,No,Yes,Yes,Yes,No internet service,No internet service,No internet service,No internet service,No internet service,No internet service,18.68,1162.68,No
30,One year,Fiber optic,Mailed check,0,No,No,No,Yes,No,No,No,No,No,Yes,69.29,2036.09,Yes
22,Month-to-month,Fiber optic,Bank transfer,0,Yes,No,Yes,Yes,No,Yes,No,Yes,No,No,79.93,1761.06,Yes
30,Month-to-month,Fiber optic,Mailed check,0,Yes,No,No,Yes,No,No,No,No,No,Yes,73.5,2242.7,Yes
26,Month-to-month,Fiber optic,Credit card,0,No,Yes,No,Yes,No,No,No,Yes,Yes,No,78.53,2120.44,Yes
41,One year,Fiber optic,Credit card,0,No,No,Yes,No,No,No,No,No,Yes,Yes,76.78,3084.97,No
52,Two year,DSL,Electronic check,0,No,No,Yes,Yes,No,Yes,Yes,No,No,Yes,68.49,3609.93,No
26,Month-to-month,DSL,Electronic check,0,Yes,No,Yes,Yes,No,No,No,No,Yes,No,48.79,1228.24,No
8,Month-to-month,Fiber optic,Electronic check,0,Yes,No,Yes,Yes,No,Yes,No,No,Yes,No,76.77,596.94,Yes
35,One year,DSL,Bank transfer,0,No,No,Yes,Yes,No,No,No,Yes,Yes,Yes,61.7,2142.49,Yes
24,Month-to-month,Fiber optic,Bank transfer,0,No,No,No,Yes,No,No,No,No,No,Yes,70.75,1722.46,No
63,One year,Fiber optic,Electronic check,0,Yes,Yes,Yes,Yes,Yes,No,No,Yes,No,Yes,85.77,5221.14,No
8,Month-to-month,Fiber optic,Credit card,0,No,No,Yes,Yes,No,No,No,No,Yes,No,74.53,625.24,Yes
24,One year,DSL,Electronic check,0,No,Yes,Yes,Yes,No,No,Yes,Yes,Yes,Yes,76.49,1914.39,No
59,Two year,DSL,Credit card,0,No,No,No,Yes,Yes,Yes,No,Yes,No,No,62.73,3621.21,No
37,Month-to-month,DSL,Credit card,0,No,No,Yes,Yes,No,Yes,No,Yes,No,Yes,63.3,2326.44,No
31,Month-to-month,Fiber optic,Electronic check,0,Yes,No,Yes,Yes,No,Yes,No,No,Yes,No,76.22,2284.11,Yes
18,Month-to-month,Fiber optic,Electronic check,0,Yes,No,No,Yes,Yes,Yes,No,No,Yes,No,92.42,1603.43,Yes
58,One year,No,Electronic check,1,Yes,No,Yes,Yes,No internet service,No internet service,No internet service,No internet service,No internet service,No internet service,18.0,1072.26,No
0,Month-to-month,Fiber optic,Credit card,0,Yes,No,Yes,Yes,No,No,No,Yes,No,Yes,79.94,76.78,Yes
70,Two year,Fiber optic,Mailed check,0,Yes,No,Yes,No,Yes,No,Yes,No,Yes,No,91.99,6266.25,No
33,One year,Fiber optic,Credit card,0,No,No,No,Yes,Yes,Yes,Yes,No,No,No,82.37,2625.56,No
28,Month-to-month,Fiber optic,Mailed check,0,No,No,No,Yes,Yes,No,No,No,Yes,Yes,79.76,2152.13,Yes
70,Two year,DSL,Mailed check,0,Yes,No,No,Yes,No,No,Yes,No,Yes,No,61.99,4482.25,No
21,Month-to-month,Fiber optic,Credit card,0,No,No,No,Yes,No,No,Yes,No,No,No,69.88,1472.32,No
55,Two year,DSL,Mailed check,0,No,No,Yes,Yes,No,No,No,No,No,Yes,46.31,2552.29,No
12,Month-to-month,No,Bank transfer,0,No,Yes,No,Yes,No internet service,No internet service,No internet service,No internet service,No internet service,No internet service,20.3,254.67,No
65,One year,Fiber optic,Mailed check,0,No,No,No,Yes,Yes,Yes,Yes,Yes,No,Yes,99.64,6299.32,No
60,Two year,Fiber optic,Electronic check,0,Yes,No,No,Yes,Yes,No,No,No,No,No,71.68,4348.01,No
58,Two year,No,Electronic check,0,Yes,No,No,Yes,No internet service,No internet service,No internet service,No internet service,No internet service,No internet service,19.59,1081.1,No
72,Two year,DSL,Electronic check,0,No,No,Yes,Yes,Yes,No,Yes,No,No,Yes,65.39,4908.98,No
10,Month-to-month,No,Bank transfer,0,Yes,No,Yes,Yes,No internet service,No internet service,No internet service,No internet service,No internet service,No internet service,20.85,204.51,No
50,Two year,Fiber optic,Mailed check,0,No,No,No,Yes,Yes,No,Yes,No,Yes,No,86.21,4264.39,No
53,One year,DSL,Mailed check,0,Yes,No,Yes,Yes,No,No,No,No,Yes,Yes,58.81,3236.54,No
66,One year,No,Electronic check,0,Yes,No,Yes,Yes,No internet service,No internet service,No internet service,No internet service,No internet service,No internet service,20.79,1374.89,No
19,Month-to-month,Fiber optic,Bank transfer,0,No,Yes,No,Yes,No,No,Yes,Yes,No,No,78.29,1551.41,No
24,Month-to-month,No,Credit card,0,No,No,No,Yes,No internet service,No internet service,No internet service,No internet service,No internet service,No internet service,22.16,539.3,No
13,One year,DSL,Bank transfer,0,Yes,No,Yes,Yes,No,No,Yes,Yes,No,Yes,63.19,804.33,No
39,Month-to-month,No,Credit card,0,No,Yes,Yes,Yes,No internet service,No internet service,No internet service,No internet service,No internet service,No internet service,18.59,743.09,No
21,One year,Fiber optic,Electronic check,0,No,No,Yes,Yes,Yes,No,Yes,No,Yes,No,87.36,1750.06,No
45,Two year,Fiber optic,Electronic check,0,No,No,Yes,Yes,Yes,No,Yes,No,No,No,75.67,3559.54,Yes
57,Two year,Fiber optic,Mailed check,0,No,No,Yes,Yes,No,No,Yes,Yes,Yes,Yes,94.27,5614.14,No
8,Month-to-month,No,Electronic check,1,No,Yes,Yes,Yes,No internet service,No internet service,No internet service,No internet service,No internet service,No internet service,18.73,155.84,No
23,Two year,Fiber optic,Bank transfer,0,No,No,No,No,No,Yes,No,No,No,No,69.39,1653.63,No
0,Month-to-month,Fiber optic,Credit card,0,No,Yes,Yes,Yes,Yes,No,No,Yes,Yes,No,86.82,86.58,No
20,Month-to-month,No,Electronic check,0,No,Yes,Yes,Yes,No internet service,No internet service,No internet service,No internet service,No internet service,No internet service,20.51,398.15,Yes
72,Two year,Fiber optic,Credit card,1,No,No,No,Yes,No,Yes,Yes,Yes,Yes,No,97.7,6813.62,No
41,Month-to-month,DSL,Electronic check,0,No,No,Yes,Yes,No,No,No,Yes,Yes,Yes,70.35,2799.48,No
24,Month-to-month,Fiber optic,Bank transfer,0,Yes,No,No,Yes,No,No,No,Yes,No,No,71.19,1770.05,Yes
21,Month-to-month,DSL,Mailed check,1,Yes,No,Yes,Yes,No,No,No,Yes,Yes,No,57.03,1170.62,No
31,Month-to-month,Fiber optic,Bank transfer,0,No,No,Yes,Yes,No,Yes,No,No,No,Yes,74.41,2265.31,No
72,Two year,DSL,Electronic check,0,No,No,Yes,Yes,No,No,Yes,No,Yes,No,60.14,4117.36,No
20,Month-to-month,DSL,Credit card,0,Yes,No,Yes,Yes,No,Yes,No,No,Yes,Yes,56.53,1093.45,Yes
20,Month-to-month,Fiber optic,Credit card,1,No,Yes,Yes,Yes,No,No,No,Yes,No,Yes,80.75,1676.11,Yes
41,One year,Fiber optic,Mailed check,0,Yes,No,No,Yes,Yes,Yes,No,Yes,Yes,Yes,92.35,3870.01,No
34,Month-to-month,Fiber optic,Mailed check,0,Yes,No,No,Yes,Yes,Yes,No,No,No,No,76.36,2669.15,No
16,One year,DSL,Bank transfer,0,No,Yes,No,Yes,No,Yes,No,No,No,No,51.37,825.57,No
54,Two year,Fiber optic,Bank transfer,1,No,No,No,Yes,Yes,No,No,No,No,No,71.96,3748.97,No
60,Two year,Fiber optic,Mailed check,0,No,Yes,Yes,No,No,Yes,Yes,Yes,No,Yes,88.67,5058.61,No
24,Two year,Fiber optic,Bank transfer,0,No,Yes,No,Yes,No,No,No,Yes,No,No,75.5,1807.48,No
33,Month-to-month,DSL,Credit card,0,No,No,No,Yes,Yes,No,Yes,No,No,No,59.98,1974.61,No
71,Two year,DSL,Bank transfer,0,No,Yes,Yes,Yes,Yes,Yes,Yes,No,Yes,Yes,78.42,5400.44,No
0,Month-to-month,Fiber optic,Electronic check,0,No,Yes,No,Yes,No,No,No,Yes,No,Yes,76.84,77.93,Yes
11,Month-to-month,No,Credit card,0,Yes,No,Yes,No,No internet service,No internet service,No internet service,No internet service,No internet service,No internet service,18.0,197.15,No
32,One year,DSL,Electronic check,0,Yes,No,No,Yes,No,No,No,No,Yes,Yes,63.19,2023.5,Yes
4,Month-to-month,No,Electronic check,0,Yes,No,No,Yes,No internet service,No internet service,No internet service,No internet service,No internet service,No internet service,22.33,88.95,Yes
42,Two year,DSL,Credit card,0,Yes,Yes,No,Yes,No,No,No,No,Yes,Yes,57.9,2475.95,No
30,One year,Fiber optic,Electronic check,0,Yes,No,No,Yes,No,No,No,Yes,Yes,No,80.41,2306.83,No
64,Two year,No,Electronic check,0,Yes,No,No,Yes,No internet service,No internet service,No internet service,No internet service,No internet service,No internet service,23.2,1457.17,No
38,Month-to-month,No,Mailed check,0,Yes,Yes,Yes,Yes,No internet service,No internet service,No internet service,No internet service,No internet service,No internet service,22.19,863.19,Yes
27,Month-to-month,DSL,Credit card,0,No,Yes,Yes,Yes,No,Yes,No,No,No,Yes,58.69,1534.03,No
23,One year,Fiber optic,Electronic check,0,Yes,No,No,Yes,Yes,No,No,Yes,No,Yes,83.24,1831.81,No
31,Month-to-month,Fiber optic,Mailed check,0,Yes,No,Yes,Yes,Yes,No,Yes,No,Yes,No,85.54,2566.23,Yes
28,Month-to-month,DSL,Electronic check,0,Yes,Yes,Yes,Yes,No,Yes,No,Yes,No,Yes,61.15,1740.7,Yes
0,One year,Fiber optic,Mailed check,0,Yes,Yes,Yes,Yes,Yes,Yes,Yes,No,Yes,No,89.74,86.82,Yes
72,Two year,DSL,Mailed check,1,No,No,Yes,Yes,Yes,No,No,No,Yes,Yes,65.89,4548.36,No
40,One year,Fiber optic,Electronic check,0,No,No,Yes,Yes,No,Yes,No,Yes,Yes,Yes,83.06,3340.8,No
21,Month-to-month,DSL,Credit card,0,No,No,No,No,No,No,Yes,No,No,No,49.41,1037.12,No
0,Month-to-month,Fiber optic,Bank transfer,0,No,No,No,Yes,No,No,Yes,No,Yes,No,74.06,76.68,Yes
64,One year,Fiber optic,Credit card,0,No,Yes,Yes,Yes,No,No,No,No,No,No,67.13,4183.24,No
23,Month-to-month,Fiber optic,Credit card,1,No,No,No,Yes,No,Yes,Yes,No,No,No,77.62,1847.99,Yes
30,Month-to-month,No,Credit card,0,Yes,No,Yes,Yes,No internet service,No internet service,No internet service,No internet service,No internet service,No internet service,23.07,660.32,No
0,Month-to-month,DSL,Bank transfer,0,Yes,No,Yes,Yes,Yes,No,Yes,No,Yes,Yes,67.86,67.84,No
26,Month-to-month,No,Electronic check,1,No,No,No,Yes,No internet service,No internet service,No internet service,No internet service,No internet service,No internet service,18.0,462.01,Yes
27,Month-to-month,DSL,Credit card,1,No,No,No,Yes,No,No,No,No,No,No,43.39,1173.05,No
16,Month-to-month,DSL,Mailed check,0,No,No,Yes,Yes,Yes,No,No,Yes,Yes,No,58.99,988.13,No
17,One year,DSL,Electronic check,1,Yes,No,No,Yes,No,Yes,Yes,Yes,No,No,65.47,1137.18,No
17,Month-to-month,No,Mailed check,0,No,No,No,Yes,No internet service,No internet service,No internet service,No internet service,No internet service,No internet service,18.0,317.95,No
23,One year,No,Electronic check,0,No,Yes,Yes,Yes,No internet service,No internet service,No internet service,No internet service,No internet service,No internet service,21.23,469.74,No
7,Month-to-month,DSL,Mailed check,0,No,No,Yes,Yes,No,Yes,No,No,No,No,54.87,381.45,No
72,Two year,Fiber optic,Bank transfer,1,No,No,No,Yes,No,No,No,No,No,No,64.65,4665.64,No
19,Month-to-month,DSL,Mailed check,0,Yes,No,Yes,Yes,Yes,Yes,No,Yes,No,No,63.83,1218.22,No
17,Month-to-month,Fiber optic,Electronic check,0,Yes,Yes,No,Yes,No,No,Yes,No,No,No,72.32,1177.5,Yes
0,Month-to-month,Fiber optic,Electronic check,1,Yes,No,Yes,Yes,Yes,Yes,Yes,Yes,Yes,No,91.6,87.17,Yes
17,Month-to-month,DSL,Credit card,0,Yes,No,Yes,Yes,No,Yes,Yes,No,No,Yes,57.2,1002.77,No
16,Month-to-month,No,Mailed check,0,No,No,Yes,Yes,No internet service,No internet service,No internet service,No internet service,No internet service,No internet service,18.0,287.5,No
38,Two year,Fiber optic,Mailed check,0,Yes,No,Yes,Yes,No,No,No,Yes,Yes,No,77.91,2888.4,No
71,Two year,Fiber optic,Bank transfer,0,Yes,Yes,Yes,Yes,No,Yes,No,Yes,No,Yes,79.5,5451.23,No
35,Month-to-month,No,Credit card,0,Yes,No,No,Yes,No internet service,No internet service,No internet service,No internet service,No internet service,No internet service,21.33,782.98,No
6,Month-to-month,Fiber optic,Mailed check,1,No,No,No,Yes,Yes,No,Yes,No,Yes,No,86.73,530.29,No
44,One year,Fiber optic,Bank transfer,1,Yes,Yes,Yes,Yes,No,No,No,Yes,Yes,Yes,82.76,3744.1,Yes
8,One year,DSL,Electronic check,0,Yes,No,No,Yes,No,Yes,No,No,No,No,50.87,415.5,No
23,Month-to-month,No,Credit card,0,No,No,Yes,Yes,No internet service,No internet service,No internet service,No internet service,No internet service,No internet service,18.6,429.94,Yes
67,Two year,DSL,Mailed check,0,Yes,No,Yes,No,No,No,Yes,No,No,No,52.16,3373.01,No
0,Month-to-month,DSL,Bank transfer,0,No,No,Yes,Yes,No,Yes,No,Yes,No,No,57.53,57.07,Yes
38,One year,Fiber optic,Electronic check,0,Yes,No,Yes,No,Yes,No,No,No,Yes,Yes,84.85,3266.43,No
20,Month-to-month,Fiber optic,Bank transfer,0,No,Yes,Yes,Yes,No,No,No,No,Yes,No,75.85,1568.02,Yes
64,Month-to-month,DSL,Mailed check,0,No,No,No,Yes,No,Yes,Yes,Yes,No,Yes,72.04,4825.82,No
59,Month-to-month,No,Mailed check,0,Yes,Yes,No,Yes,No internet service,No internet service,No internet service,No internet service,No internet service,No internet service,22.77,1349.22,No
43,One year,Fiber optic,Bank transfer,1,No,No,Yes,Yes,No,Yes,Yes,Yes,Yes,No,87.35,3879.69,No
7,Month-to-month,Fiber optic,Credit card,0,Yes,Yes,Yes,Yes,No,No,No,No,Yes,Yes,82.09,550.55,Yes
58,Two year,Fiber optic,Mailed check,0,Yes,No,No,Yes,No,Yes,No,Yes,Yes,No,81.16,4482.25,No
72,Two year,Fiber optic,Credit card,0,No,Yes,No,Yes,No,Yes,No,No,No,Yes,87.02,6096.64,No
11,One year,Fiber optic,Electronic check,0,No,No,Yes,Yes,No,No,No,No,Yes,No,71.91,756.82,Yes
0,Month-to-month,Fiber optic,Mailed check,0,Yes,No,No,Yes,No,No,No,No,Yes,No,72.6,74.5,Yes
0,Month-to-month,No,Electronic check,0,No,Yes,No,Yes,No internet service,No internet service,No internet service,No internet service,No internet service,No internet service,20.16,20.58,No
30,Month-to-month,Fiber optic,Electronic check,0,Yes,No,Yes,Yes,No,No,No,No,No,Yes,74.17,2168.17,No
51,One year,DSL,Credit card,0,Yes,No,Yes,Yes,No,No,No,No,Yes,No,52.69,2580.56,No
61,Two year,DSL,Electronic check,0,Yes,No,No,Yes,No,No,No,No,No,No,48.51,3079.02,No
36,Month-to-month,No,Credit card,0,No,No,Yes,Yes,No internet service,No internet service,No internet service,No internet service,No internet service,No internet service,20.0,713.92,Yes
51,Two year,No,Electronic check,0,No,No,Yes,Yes,No internet service,No internet service,No internet service,No internet service,No internet service,No internet service,23.21,1128.51,No
14,Month-to-month,Fiber optic,Bank transfer,0,No,No,No,Yes,No,No,Yes,No,Yes,No,79.41,1058.03,No
24,Month-to-month,Fiber optic,Electronic check,1,No,No,No,Yes,No,No,Yes,Yes,Yes,Yes,90.08,2214.79,Yes
45,Month-to-month,DSL,Bank transfer,0,No,No,No,Yes,No,No,No,Yes,Yes,No,59.62,2660.37,Yes
45,One year,Fiber optic,Credit card,0,Yes,No,No,Yes,Yes,No,Yes,Yes,No,No,84.73,3801.87,No
16,Month-to-month,Fiber optic,Mailed check,0,Yes,No,Yes,No,No,No,Yes,No,Yes,No,78.89,1230.84,No
24,Month-to-month,Fiber optic,Mailed check,0,No,No,No,Yes,No,No,No,Yes,Yes,No,76.98,1761.54,No
72,Two year,No,Credit card,0,Yes,Yes,No,Yes,No internet service,No internet service,No internet service,No internet service,No internet service,No internet service,19.67,1358.08,No
12,Month-to-month,Fiber optic,Bank transfer,0,Yes,No,No,Yes,Yes,Yes,No,No,No,No,80.52,923.01,No
11,Month-to-month,DSL,Electronic check,0,Yes,No,Yes,Yes,Yes,No,Yes,Yes,No,No,66.42,716.63,Yes
10,Month-to-month,Fiber optic,Bank transfer,0,Yes,No,No,Yes,Yes,Yes,No,Yes,Yes,Yes,92.27,923.64,Yes
31,Month-to-month,DSL,Bank transfer,0,No,No,No,Yes,No,No,Yes,No,No,No,50.58,1567.24,No
6,Month-to-month,Fiber optic,Bank transfer,0,No,No,Yes,Yes,No,No,Yes,Yes,No,No,73.85,430.44,Yes
28,Month-to-month,No,Electronic check,0,No,Yes,Yes,Yes,No internet service,No internet service,No internet service,No internet service,No internet service,No internet service,20.38,597.75,No
14,One year,DSL,Mailed check,0,No,Yes,Yes,Yes,Yes,Yes,No,No,Yes,Yes,70.53,966.16,No
14,Month-to-month,Fiber optic,Credit card,0,No,No,Yes,Yes,Yes,No,Yes,No,No,Yes,76.18,1089.09,No
37,One year,Fiber optic,Bank transfer,0,Yes,No,Yes,Yes,No,No,No,No,Yes,Yes,76.5,2811.2,No
47,Month-to-month,No,Mailed check,0,No,No,Yes,Yes,No internet service,No internet service,No internet service,No internet service,No internet service,No internet service,18.0,855.7,No
34,Month-to-month,DSL,Credit card,0,Yes,Yes,Yes,Yes,No,No,Yes,No,No,No,51.16,1654.87,No
12,Month-to-month,Fiber optic,Electronic check,0,No,No,Yes,Yes,Yes,No,No,Yes,Yes,Yes,88.17,1016.06,Yes
10,Month-to-month,Fiber optic,Mailed check,0,No,No,Yes,Yes,No,Yes,Yes,Yes,Yes,Yes,102.03,1020.79,Yes
7,Month-to-month,Fiber optic,Bank transfer,0,Yes,Yes,No,Yes,No,Yes,Yes,Yes,No,No,81.62,549.73,Yes
0,Month-to-month,Fiber optic,Bank transfer,0,No,No,No,Yes,No,Yes,Yes,No,No,No,78.11,79.23,No
72,Two year,Fiber optic,Credit card,0,No,No,No,Yes,No,No,Yes,No,No,No,73.34,5191.0,No
42,Two year,Fiber optic,Bank transfer,0,No,No,Yes,Yes,No,No,Yes,No,Yes,No,82.84,3583.26,No
46,Month-to-month,Fiber optic,Electronic check,0,Yes,No,No,Yes,No,No,Yes,No,Yes,No,82.03,3657.8,Yes
40,One year,No,Mailed check,0,Yes,No,No,Yes,No internet service,No internet service,No internet service,No internet service,No internet service,No internet service,20.19,828.28,No
37,One year,No,Electronic check,0,No,No,No,Yes,No internet service,No internet service,No internet service,No internet service,No internet service,No internet service,21.49,791.86,Yes
56,Two year,No,Credit card,0,Yes,Yes,No,Yes,No internet service,No internet service,No internet service,No internet service,No internet service,No internet service,25.76,1432.6,No
37,Month-to-month,DSL,Electronic check,0,Yes,No,Yes,No,Yes,No,No,No,No,Yes,56.04,1996.32,No
4,Month-to-month,DSL,Mailed check,0,No,Yes,Yes,Yes,No,No,No,Yes,No,No,52.42,208.73,Yes
26,Month-to-month,Fiber optic,Mailed check,0,No,No,No,Yes,No,Yes,No,No,Yes,Yes,86.69,2288.85,No
17,Month-to-month,DSL,Electronic check,0,Yes,No,Yes,Yes,Yes,No,No,Yes,No,No,53.79,881.17,Yes
24,Month-to-month,Fiber optic,Electronic check,0,Yes,No,Yes,Yes,No,No,No,No,Yes,Yes,78.25,1798.24,Yes
51,Two year,DSL,Bank transfer,0,Yes,No,Yes,Yes,No,No,No,No,Yes,Yes,64.9,3210.8,No
48,Two year,No,Electronic check,0,Yes,No,Yes,Yes,No internet service,No internet service,No internet service,No internet service,No internet service,No internet service,19.5,958.6,No
26,Month-to-month,No,Credit card,1,Yes,Yes,No,Yes,No internet service,No internet service,No internet service,No internet service,No internet service,No internet service,19.1,480.88,No
0,Month-to-month,Fiber optic,Credit card,0,Yes,No,No,Yes,No,Yes,No,No,No,No,73.19,75.48,Yes
40,Month-to-month,DSL,Electronic check,0,No,No,Yes,Yes,Yes,Yes,No,No,No,Yes,58.51,2411.73,No
20,Month-to-month,Fiber optic,Credit card,0,No,No,Yes,Yes,No,No,Yes,No,Yes,Yes,81.2,1575.16,Yes
29,One year,Fiber optic,Electronic check,0,Yes,Yes,No,Yes,Yes,Yes,Yes,No,No,No,75.16,2144.98,No
24,Month-to-month,Fiber optic,Electronic check,1,Yes,No,No,No,No,No,Yes,No,Yes,Yes,83.23,2036.98,Yes
43,Two year,Fiber optic,Electronic check,1,Yes,Yes,Yes,Yes,Yes,No,No,Yes,No,No,81.21,3434.61,No
55,Two year,DSL,Credit card,0,Yes,No,Yes,Yes,Yes,Yes,No,No,No,Yes,66.96,3757.36,No
39,One year,Fiber optic,Bank transfer,0,No,Yes,No,Yes,Yes,Yes,No,Yes,Yes,Yes,100.81,4012.32,No
58,One year,Fiber optic,Electronic check,0,Yes,No,Yes,Yes,No,No,No,No,No,Yes,73.73,4232.11,Yes
22,Month-to-month,No,Bank transfer,0,No,No,Yes,Yes,No internet service,No internet service,No internet service,No internet service,No internet service,No internet service,18.9,434.62,No
0,Month-to-month,DSL,Bank transfer,0,No,No,Yes,Yes,No,No,Yes,Yes,No,Yes,62.24,60.18,Yes
27,Month-to-month,Fiber optic,Bank transfer,1,No,No,No,Yes,No,Yes,No,No,No,Yes,79.01,2150.96,Yes
50,One year,DSL,Mailed check,0,No,Yes,No,Yes,Yes,No,No,No,No,No,50.94,2465.94,No
0,Month-to-month,DSL,Credit card,1,No,No,Yes,Yes,No,Yes,No,No,Yes,No,60.52,59.88,No
35,Two year,DSL,Bank transfer,0,No,No,Yes,Yes,Yes,No,Yes,Yes,Yes,Yes,75.24,2552.13,No
50,Month-to-month,DSL,Electronic check,0,Yes,No,No,Yes,Yes,No,Yes,Yes,Yes,Yes,71.72,3549.17,No
13,Month-to-month,No,Credit card,1,No,No,Yes,Yes,No internet service,No internet service,No internet service,No internet service,No internet service,No internet service,18.4,241.93,No
13,Month-to-month,Fiber optic,Electronic check,0,Yes,No,Yes,Yes,Yes,No,No,Yes,Yes,Yes,89.95,1220.54,Yes
53,Two year,DSL,Bank transfer,0,Yes,No,Yes,Yes,Yes,No,No,No,No,No,49.17,2506.76,No
8,Month-to-month,Fiber optic,Bank transfer,0,No,No,Yes,Yes,No,No,No,No,No,No,64.99,525.54,Yes
0,Month-to-month,No,Electronic check,0,No,No,No,No,No internet service,No internet service,No internet service,No internet service,No internet service,No internet service,20.7,20.25,Yes
0,Month-to-month,Fiber optic,Electronic check,0,Yes,Yes,Yes,Yes,No,No,No,No,No,Yes,72.92,71.32,Yes
28,One year,Fiber optic,Bank transfer,0,No,No,Yes,Yes,No,Yes,Yes,Yes,Yes,Yes,90.17,2556.22,No
46,Two year,No,Credit card,1,Yes,No,Yes,Yes,No internet service,No internet service,No internet service,No internet service,No internet service,No internet service,23.55,1086.93,No
6,Month-to-month,DSL,Credit card,0,No,No,Yes,No,No,No,No,Yes,No,No,57.38,347.97,No
30,Two year,Fiber optic,Bank transfer,1,No,No,Yes,Yes,No,No,No,Yes,No,Yes,73.09,2225.54,Yes
9,Month-to-month,Fiber optic,Electronic check,1,Yes,No,No,Yes,Yes,No,Yes,No,Yes,No,86.3,742.86,No
56,One year,Fiber optic,Electronic check,0,Yes,No,Yes,Yes,Yes,No,No,No,No,Yes,75.21,4371.49,No
7,Month-to-month,No,Bank transfer,0,No,No,Yes,Yes,No internet service,No internet service,No internet service,No internet service,No internet service,No internet service,18.0,126.77,No
15,Month-to-month,Fiber optic,Mailed check,0,Yes,No,Yes,Yes,Yes,Yes,Yes,No,Yes,Yes,97.25,1425.05,No
61,One year,Fiber optic,Bank transfer,0,No,No,No,Yes,No,Yes,No,Yes,No,Yes,86.07,5195.67,No
7,Month-to-month,DSL,Electronic check,0,Yes,Yes,No,Yes,Yes,Yes,No,Yes,Yes,No,67.09,484.78,No
67,Month-to-month,Fiber optic,Electronic check,0,Yes,Yes,No,Yes,No,No,No,No,No,No,64.52,4526.29,No
68,Two year,Fiber optic,Bank transfer,1,No,No,Yes,Yes,Yes,No,Yes,No,Yes,Yes,93.43,6389.87,No
55,Two year,No,Bank transfer,1,No,No,No,Yes,No internet service,No internet service,No internet service,No internet service,No internet service,No internet service,18.0,1006.33,No
14,Month-to-month,Fiber optic,Bank transfer,0,Yes,Yes,No,Yes,No,Yes,No,No,Yes,No,78.43,1128.69,No
59,One year,No,Electronic check,0,No,No,Yes,Yes,No internet service,No internet service,No internet service,No internet service,No internet service,No internet service,18.0,1106.88,No
43,Two year,No,Credit card,0,Yes,No,No,Yes,No internet service,No internet service,No internet service,No internet service,No internet service,No internet service,19.02,819.03,No
11,Month-to-month,Fiber optic,Mailed check,1,Yes,No,No,Yes,Yes,Yes,No,No,No,No,81.97,867.51,Yes
72,Two year,DSL,Bank transfer,0,No,No,No,Yes,No,No,No,Yes,Yes,Yes,67.49,5024.41,No
12,Month-to-month,DSL,Bank transfer,1,No,No,Yes,Yes,No,No,Yes,No,Yes,Yes,70.81,880.24,No
47,Two year,DSL,Mailed check,1,No,No,Yes,Yes,No,No,No,No,No,Yes,52.46,2577.54,No
7,Month-to-month,DSL,Bank transfer,0,No,No,Yes,Yes,No,Yes,No,Yes,Yes,Yes,69.92,478.47,Yes
0,Month-to-month,Fiber optic,Bank transfer,1,No,No,Yes,Yes,No,No,No,No,Yes,Yes,81.8,81.45,Yes
34,Month-to-month,Fiber optic,Mailed check,0,Yes,Yes,Yes,Yes,Yes,Yes,No,Yes,Yes,No,86.05,3003.86,No
17,Month-to-month,DSL,Bank transfer,0,No,No,No,Yes,Yes,Yes,No,Yes,Yes,Yes,74.8,1223.93,No
71,Two year,Fiber optic,Electronic check,0,Yes,Yes,Yes,No,Yes,No,Yes,No,No,Yes,88.98,6204.57,No
51,Two year,Fiber optic,Credit card,0,No,Yes,Yes,Yes,Yes,Yes,No,No,No,No,78.78,4182.39,No
11,Month-to-month,DSL,Electronic check,0,No,No,Yes,Yes,No,No,No,No,No,No,43.42,501.12,Yes
7,Month-to-month,Fiber optic,Electronic check,0,No,No,Yes,Yes,No,No,Yes,No,Yes,Yes,83.96,602.73,No
29,Month-to-month,No,Bank transfer,0,Yes,No,Yes,Yes,No internet service,No internet service,No internet service,No internet service,No internet service,No internet service,18.0,545.46,No
5,Month-to-month,No,Electronic check,0,Yes,No,No,Yes,No internet service,No internet service,No internet service,No internet service,No internet service,No internet service,21.76,112.0,No
24,Month-to-month,No,Credit card,0,Yes,Yes,No,Yes,No internet service,No internet service,No internet service,No internet service,No internet service,No internet service,18.0,439.7,No
55,Two year,Fiber optic,Mailed check,0,No,No,Yes,Yes,No,Yes,No,Yes,No,No,81.72,4591.41,No
37,Two year,Fiber optic,Electronic check,0,Yes,No,Yes,Yes,No,No,Yes,No,No,No,72.27,2598.61,No
11,Month-to-month,No,Electronic check,0,Yes,No,Yes,Yes,No internet service,No internet service,No internet service,No internet service,No internet service,No internet service,18.0,206.01,No
18,Month-to-month,Fiber optic,Electronic check,0,No,No,Yes,Yes,No,No,No,No,Yes,Yes,77.69,1372.09,Yes
33,One year,DSL,Electronic check,1,Yes,No,No,Yes,No,No,No,Yes,No,No,50.44,1721.24,No
48,Month-to-month,DSL,Electronic check,0,Yes,Yes,No,Yes,No,Yes,No,No,Yes,No,57.3,2804.59,No
22,Month-to-month,Fiber optic,Electronic check,0,No,Yes,Yes,Yes,Yes,No,Yes,No,No,No,78.02,1648.93,No
15,Month-to-month,Fiber optic,Electronic check,0,Yes,No,No,Yes,No,Yes,No,Yes,No,No,78.25,1202.48,Yes
12,Month-to-month,DSL,Mailed check,1,Yes,No,Yes,Yes,No,No,Yes,No,No,Yes,58.35,708.88,Yes
14,Month-to-month,Fiber optic,Electronic check,0,Yes,Yes,No,Yes,Yes,No,Yes,Yes,No,Yes,86.07,1203.87,Yes
28,One year,No,Electronic check,0,No,No,Yes,Yes,No internet service,No internet service,No internet service,No internet service,No internet service,No internet service,21.71,627.27,Yes
5,Month-to-month,DSL,Electronic check,0,No,No,Yes,Yes,No,No,No,No,No,Yes,50.56,254.05,No
48,One year,Fiber optic,Electronic check,0,Yes,No,No,Yes,Yes,No,No,Yes,Yes,Yes,93.17,4652.98,Yes
43,Month-to-month,DSL,Electronic check,0,No,No,No,Yes,No,No,Yes,Yes,Yes,Yes,71.33,3076.2,No
47,Two year,Fiber optic,Electronic check,0,Yes,No,No,No,Yes,No,No,Yes,No,Yes,88.65,4101.19,Yes
25,Month-to-month,Fiber optic,Mailed check,0,No,No,Yes,No,No,Yes,No,No,No,No,71.32,1697.4,No
7,Month-to-month,No,Credit card,0,Yes,No,No,Yes,No internet service,No internet service,No internet service,No internet service,No internet service,No internet service,20.67,144.67,Yes
20,Month-to-month,DSL,Electronic check,0,No,No,No,Yes,Yes,No,No,Yes,No,Yes,63.91,1300.11,No
0,Month-to-month,DSL,Electronic check,0,No,No,Yes,Yes,Yes,No,Yes,No,Yes,Yes,71.69,71.63,Yes
4,Month-to-month,No,Bank transfer,0,No,No,Yes,Yes,No internet service,No internet service,No internet service,No internet service,No internet service,No internet service,19.44,80.92,No
40,Two year,DSL,Mailed check,0,Yes,No,No,Yes,No,No,Yes,Yes,Yes,No,64.89,2645.75,No
16,Month-to-month,DSL,Electronic check,0,No,Yes,Yes,Yes,Yes,No,Yes,Yes,No,No,70.02,1086.08,No
0,Month-to-month,Fiber optic,Bank transfer,0,Yes,No,Yes,Yes,No,No,No,Yes,No,No,67.94,66.06,No
0,Month-to-month,Fiber optic,Bank transfer,0,No,No,Yes,Yes,Yes,No,No,No,No,Yes,73.41,71.85,Yes
32,Two year,Fiber optic,Credit card,0,No,No,Yes,Yes,No,No,Yes,Yes,No,No,77.49,2448.58,No
51,Two year,DSL,Credit card,0,No,No,Yes,Yes,No,No,No,No,Yes,Yes,59.85,3005.84,No
25,One year,DSL,Bank transfer,0,No,No,Yes,Yes,Yes,Yes,Yes,No,Yes,Yes,83.79,2053.05,No
29,One year,DSL,Bank transfer,0,No,No,No,Yes,Yes,Yes,Yes,No,Yes,No,66.16,1929.97,No
42,One year,DSL,Mailed check,0,No,Yes,Yes,Yes,No,No,Yes,Yes,No,No,57.92,2404.21,No
25,One year,No,Credit card,0,Yes,No,Yes,Yes,No internet service,No internet service,No internet service,No internet service,No internet service,No internet service,18.0,471.52,No
17,Month-to-month,No,Mailed check,0,Yes,No,Yes,Yes,No internet service,No internet service,No internet service,No internet service,No internet service,No internet service,20.92,354.08,Yes
72,One year,Fiber optic,Electronic check,0,No,Yes,Yes,No,Yes,No,No,No,No,Yes,80.05,5575.08,No
48,Two year,No,Electronic check,0,No,Yes,No,Yes,No internet service,No internet service,No internet service,No internet service,No internet service,No internet service,18.0,880.55,No
15,Month-to-month,No,Bank transfer,0,No,No,Yes,Yes,No internet service,No internet service,No internet service,No internet service,No internet service,No internet service,21.29,321.63,No
44,One year,Fiber optic,Mailed check,0,No,No,No,No,No,Yes,No,No,No,Yes,78.67,3292.22,No
5,Month-to-month,Fiber optic,Credit card,0,No,No,No,Yes,No,Yes,No,Yes,No,No,79.06,397.77,No
9,Month-to-month,Fiber optic,Electronic check,1,Yes,No,No,Yes,Yes,Yes,No,No,No,Yes,83.66,753.53,Yes
16,Month-to-month,DSL,Credit card,1,Yes,No,Yes,Yes,No,No,No,No,Yes,No,49.67,782.73,No
41,One year,DSL,Electronic check,0,No,Yes,No,Yes,No,No,No,No,No,Yes,46.21,1971.84,No
39,Two year,DSL,Bank transfer,0,Yes,No,No,Yes,Yes,Yes,Yes,No,No,No,60.94,2485.03,No
27,Month-to-month,DSL,Mailed check,0,Yes,Yes,No,Yes,No,No,Yes,No,Yes,Yes,67.23,1791.07,No
43,Month-to-month,Fiber optic,Electronic check,1,No,No,No,Yes,No,No,Yes,Yes,No,Yes,92.0,4000.02,No
0,Month-to-month,Fiber optic,Mailed check,0,Yes,No,No,Yes,Yes,Yes,No,No,Yes,No,85.21,84.16,No
24,Month-to-month,No,Electronic check,0,Yes,Yes,No,Yes,No internet service,No internet service,No internet service,No internet service,No internet service,No internet service,21.15,503.28,No
53,Two year,No,Electronic check,1,No,No,No,No,No internet service,No internet service,No internet service,No internet service,No internet service,No internet service,18.81,1037.96,No
13,Month-to-month,DSL,Credit card,0,No,No,Yes,Yes,No,No,No,No,No,Yes,50.76,652.42,Yes
23,Month-to-month,Fiber optic,Electronic check,1,No,Yes,Yes,No,No,Yes,Yes,No,No,Yes,84.59,1980.87,Yes
40,Month-to-month,Fiber optic,Bank transfer,0,No,No,Yes,Yes,No,Yes,No,Yes,Yes,Yes,89.68,3450.65,No
58,Two year,Fiber optic,Bank transfer,0,No,No,No,No,No,Yes,Yes,No,Yes,No,82.24,4620.76,No
33,Month-to-month,Fiber optic,Electronic check,1,No,No,No,Yes,Yes,Yes,Yes,No,No,No,89.41,3038.23,No
37,One year,Fiber optic,Credit card,0,Yes,No,No,Yes,Yes,No,Yes,No,Yes,No,79.76,2974.56,No
24,Month-to-month,No,Bank transfer,0,Yes,Yes,Yes,No,No internet service,No internet service,No internet service,No internet service,No internet service,No internet service,22.96,540.77,No
9,Month-to-month,DSL,Credit card,0,No,No,No,Yes,Yes,No,Yes,No,Yes,Yes,68.51,612.63,No
39,One year,Fiber optic,Credit card,0,No,No,Yes,No,No,Yes,No,Yes,No,No,80.21,3180.87,No
14,Month-to-month,Fiber optic,Bank transfer,0,Yes,No,No,Yes,Yes,Yes,No,No,Yes,No,79.41,1140.43,No
40,One year,Fiber optic,Credit card,0,Yes,No,Yes,No,No,Yes,No,Yes,Yes,No,81.13,3348.46,No
0,Month-to-month,DSL,Electronic check,0,Yes,No,Yes,Yes,Yes,Yes,No,No,Yes,Yes,68.88,68.47,No
20,One year,DSL,Electronic check,0,Yes,Yes,Yes,Yes,No,Yes,No,No,No,Yes,57.21,1167.79,No
72,Two year,Fiber optic,Bank transfer,0,Yes,Yes,Yes,Yes,No,Yes,Yes,No,Yes,Yes,89.58,6154.48,No
60,One year,No,Electronic check,1,No,No,Yes,Yes,No internet service,No internet service,No internet service,No internet service,No internet service,No internet service,19.32,1153.37,No
0,Month-to-month,Fiber optic,Bank transfer,1,No,Yes,No,Yes,Yes,No,Yes,No,Yes,No,90.48,92.08,No
29,One year,Fiber optic,Mailed check,0,No,No,Yes,Yes,Yes,No,No,No,Yes,Yes,84.14,2439.2,No
42,Two year,No,Electronic check,1,Yes,Yes,No,Yes,No internet service,No internet service,No internet service,No internet service,No internet service,No internet service,21.27,907.02,No
22,Month-to-month,Fiber optic,Credit card,0,Yes,No,Yes,No,Yes,No,No,No,No,Yes,80.56,1824.0,Yes
17,Month-to-month,Fiber optic,Electronic check,0,Yes,No,Yes,Yes,No,Yes,No,No,Yes,No,75.8,1325.33,No
65,Two year,DSL,Electronic check,0,No,Yes,Yes,Yes,No,Yes,Yes,No,No,Yes,61.44,3979.16,No
0,Month-to-month,Fiber optic,Bank transfer,1,No,No,Yes,Yes,Yes,Yes,No,No,Yes,Yes,89.67,85.82,Yes
44,One year,Fiber optic,Bank transfer,0,Yes,No,No,No,Yes,Yes,Yes,No,Yes,No,91.22,4051.06,No
33,One year,Fiber optic,Credit card,0,No,No,No,Yes,No,Yes,Yes,Yes,No,No,81.93,2837.8,No
6,Month-to-month,Fiber optic,Electronic check,1,No,No,No,Yes,No,Yes,Yes,No,Yes,Yes,94.64,593.55,No
45,One year,DSL,Credit card,0,Yes,Yes,No,No,No,No,No,Yes,Yes,No,56.6,2601.31,No
34,One year,Fiber optic,Bank transfer,0,No,No,No,No,Yes,No,No,Yes,No,Yes,86.16,2810.56,Yes
16,Month-to-month,DSL,Credit card,0,Yes,No,No,Yes,Yes,No,No,Yes,Yes,Yes,73.17,1220.62,No
72,Two year,No,Electronic check,0,No,No,Yes,Yes,No internet service,No internet service,No internet service,No internet service,No internet service,No internet service,23.05,1686.28,No
19,Month-to-month,Fiber optic,Mailed check,0,No,No,Yes,No,No,No,No,No,No,Yes,74.66,1412.11,No
49,Month-to-month,Fiber optic,Mailed check,0,Yes,No,No,Yes,Yes,No,No,Yes,No,No,79.4,3985.11,No
17,Two year,Fiber optic,Bank transfer,0,Yes,No,Yes,Yes,Yes,Yes,No,No,No,Yes,84.02,1357.83,No
18,Month-to-month,Fiber optic,Electronic check,0,No,Yes,No,Yes,No,Yes,No,No,Yes,Yes,84.35,1496.19,No
36,Two year,Fiber optic,Mailed check,1,No,No,No,Yes,No,No,Yes,Yes,Yes,Yes,89.13,3104.41,No
3,Month-to-month,No,Bank transfer,0,No,No,Yes,Yes,No internet service,No internet service,No internet service,No internet service,No internet service,No internet service,18.66,57.63,Yes
8,Month-to-month,Fiber optic,Mailed check,0,Yes,No,No,Yes,Yes,No,No,No,No,No,74.31,600.88,No
33,Month-to-month,DSL,Mailed check,0,No,No,Yes,Yes,No,No,Yes,Yes,Yes,No,61.86,2085.99,No
31,One year,DSL,Electronic check,1,Yes,No,No,Yes,No,Yes,No,Yes,No,No,58.94,1827.34,No
36,Two year,No,Credit card,1,Yes,No,No,Yes,No internet service,No internet service,No internet service,No internet service,No internet service,No internet service,18.11,627.38,No
65,Two year,Fiber optic,Bank transfer,0,Yes,Yes,No,Yes,No,No,Yes,Yes,No,No,77.98,4890.58,No
35,Two year,Fiber optic,Mailed check,0,No,No,Yes,No,No,No,Yes,No,Yes,Yes,86.17,2984.17,No
65,One year,No,Credit card,0,No,Yes,Yes,No,No internet service,No internet service,No internet service,No internet service,No internet service,No internet service,19.72,1289.21,No
33,Two year,Fiber optic,Bank transfer,0,Yes,No,Yes,Yes,No,No,No,No,Yes,No,71.24,2260.97,No
13,Month-to-month,DSL,Electronic check,0,No,No,Yes,Yes,Yes,Yes,No,No,No,Yes,64.57,798.21,No
72,Two year,DSL,Bank transfer,0,No,Yes,Yes,Yes,No,No,No,Yes,No,Yes,56.0,4000.53,No
33,One year,DSL,Credit card,0,Yes,Yes,Yes,Yes,Yes,No,Yes,Yes,Yes,Yes,78.44,2564.0,No
61,Two year,Fiber optic,Electronic check,0,Yes,No,No,Yes,No,No,No,No,Yes,Yes,73.41,4614.25,No
16,Month-to-month,Fiber optic,Bank transfer,0,Yes,No,Yes,No,No,No,Yes,Yes,Yes,Yes,91.64,1400.74,No
18,Month-to-month,DSL,Electronic check,0,Yes,No,Yes,Yes,No,No,Yes,No,No,No,51.9,927.94,No
25,One year,DSL,Credit card,0,Yes,No,Yes,Yes,No,Yes,Yes,No,Yes,Yes,66.45,1685.48,No
25,Month-to-month,DSL,Bank transfer,0,No,No,No,No,No,Yes,Yes,No,No,Yes,65.79,1717.74,Yes
39,Month-to-month,DSL,Credit card,0,Yes,No,No,Yes,Yes,No,No,No,Yes,No,56.39,2121.83,No
23,Two year,No,Bank transfer,0,No,Yes,Yes,Yes,No internet service,No internet service,No internet service,No internet service,No internet service,No internet service,18.91,454.99,No
3,Month-to-month,No,Electronic check,0,No,No,Yes,No,No internet service,No internet service,No internet service,No internet service,No internet service,No internet service,20.57,60.98,No
9,Month-to-month,DSL,Mailed check,0,Yes,No,Yes,Yes,No,Yes,No,Yes,Yes,Yes,71.13,614.98,No
4,Month-to-month,Fiber optic,Credit card,0,Yes,Yes,Yes,Yes,No,No,No,No,Yes,No,72.43,294.97,Yes
28,Month-to-month,Fiber optic,Electronic check,0,Yes,No,No,No,No,Yes,No,No,Yes,Yes,83.6,2296.99,Yes
28,One year,DSL,Electronic check,1,No,Yes,Yes,Yes,Yes,Yes,No,No,Yes,Yes,78.16,2241.97,Yes
55,Two year,DSL,Bank transfer,0,No,Yes,Yes,Yes,No,Yes,No,No,Yes,Yes,68.33,3826.92,No
72,Two year,Fiber optic,Mailed check,0,No,Yes,Yes,No,No,No,Yes,No,No,Yes,77.64,5787.99,No
9,One year,DSL,Electronic check,0,No,No,No,Yes,Yes,No,No,Yes,Yes,No,69.42,625.29,Yes
43,One year,Fiber optic,Electronic check,0,No,No,Yes,No,Yes,Yes,No,Yes,Yes,Yes,101.3,4376.38,No
16,Month-to-month,Fiber optic,Electronic check,0,No,Yes,No,Yes,Yes,No,Yes,Yes,No,No,82.02,1272.63,Yes
52,Two year,No,Bank transfer,1,No,No,No,Yes,No internet service,No internet service,No internet service,No internet service,No internet service,No internet service,18.0,962.11,No
4,Month-to-month,Fiber optic,Mailed check,0,No,Yes,No,Yes,No,Yes,Yes,Yes,No,Yes,93.47,381.32,Yes
12,Month-to-month,DSL,Mailed check,0,No,Yes,Yes,Yes,No,No,Yes,Yes,Yes,No,58.88,727.34,Yes
54,Two year,DSL,Credit card,0,Yes,No,Yes,No,No,Yes,No,Yes,Yes,Yes,70.15,3730.27,No
51,Two year,DSL,Electronic check,0,No,No,Yes,Yes,No,Yes,Yes,Yes,No,Yes,72.82,3583.03,No
29,Month-to-month,Fiber optic,Bank transfer,0,No,No,No,Yes,Yes,No,Yes,No,Yes,Yes,92.11,2646.91,Yes
20,One year,DSL,Mailed check,0,No,No,No,No,No,Yes,No,No,Yes,Yes,62.42,1192.02,No
0,Month-to-month,Fiber optic,Mailed check,0,No,Yes,No,Yes,Yes,No,Yes,No,Yes,No,82.28,82.82,No
0,Month-to-month,DSL,Mailed check,0,Yes,No,Yes,Yes,No,No,No,No,No,No,44.81,45.85,No
20,Month-to-month,Fiber optic,Bank transfer,0,No,Yes,Yes,Yes,Yes,No,No,Yes,Yes,No,81.03,1685.67,No
30,Month-to-month,No,Credit card,0,No,No,Yes,Yes,No internet service,No internet service,No internet service,No internet service,No internet service,No internet service,20.88,638.86,Yes
0,Month-to-month,DSL,Electronic check,0,No,No,No,Yes,No,Yes,No,Yes,No,No,58.0,55.31,Yes
0,Month-to-month,Fiber optic,Electronic check,1,Yes,No,Yes,Yes,No,Yes,Yes,Yes,No,No,89.57,86.6,Yes
48,Month-to-month,Fiber optic,Mailed check,0,Yes,No,No,Yes,No,No,No,Yes,Yes,No,80.53,3860.31,Yes
38,Month-to-month,Fiber optic,Mailed check,0,Yes,No,Yes,Yes,No,Yes,No,No,No,Yes,75.7,2970.71,Yes
72,Two year,DSL,Electronic check,0,Yes,Yes,Yes,Yes,No,Yes,Yes,No,No,Yes,69.53,5117.27,No
44,One year,DSL,Credit card,0,No,Yes,Yes,Yes,Yes,Yes,Yes,Yes,No,No,76.42,3386.29,No
65,Two year,DSL,Credit card,0,Yes,No,Yes,Yes,Yes,Yes,Yes,No,Yes,Yes,76.15,5143.41,No
13,Month-to-month,No,Mailed check,0,No,Yes,No,Yes,No internet service,No internet service,No internet service,No internet service,No internet service,No internet service,19.3,256.93,No
15,One year,DSL,Mailed check,0,No,No,Yes,Yes,No,Yes,Yes,Yes,No,Yes,74.09,1077.48,No
32,Two year,DSL,Electronic check,0,No,No,No,Yes,Yes,No,No,Yes,No,Yes,60.77,1909.26,No
18,Month-to-month,DSL,Mailed check,0,No,No,Yes,Yes,No,No,No,Yes,Yes,No,60.17,1127.31,No
33,Month-to-month,DSL,Bank transfer,1,No,No,Yes,No,Yes,No,Yes,No,Yes,Yes,71.39,2377.98,No
15,Month-to-month,DSL,Credit card,0,Yes,Yes,Yes,Yes,No,Yes,Yes,Yes,No,No,68.01,1022.59,No
28,Month-to-month,DSL,Mailed check,1,Yes,Yes,Yes,Yes,Yes,No,Yes,No,No,Yes,61.47,1659.97,No
17,Month-to-month,Fiber optic,Electronic check,0,No,No,Yes,Yes,Yes,Yes,No,Yes,No,No,81.5,1376.8,Yes
23,Month-to-month,Fiber optic,Electronic check,0,Yes,Yes,Yes,Yes,Yes,Yes,No,No,Yes,No,87.87,1990.94,No
30,Month-to-month,Fiber optic,Electronic check,0,Yes,Yes,Yes,Yes,Yes,No,No,Yes,No,Yes,86.02,2679.63,Yes
59,One year,No,Credit card,0,No,Yes,No,Yes,No internet service,No internet service,No internet service,No internet service,No internet service,No internet service,18.76,1112.17,No
23,Month-to-month,DSL,Credit card,0,No,No,No,No,No,Yes,No,No,Yes,Yes,61.28,1463.03,No
49,Month-to-month,Fiber optic,Credit card,0,Yes,Yes,No,Yes,Yes,No,No,Yes,Yes,Yes,90.1,4404.37,Yes
34,One year,Fiber optic,Credit card,0,No,No,No,Yes,No,Yes,No,Yes,Yes,No,79.91,2614.29,No
39,Month-to-month,DSL,Electronic check,0,Yes,Yes,Yes,Yes,No,Yes,No,Yes,Yes,Yes,69.94,2846.6,Yes
27,Month-to-month,No,Bank transfer,1,Yes,No,Yes,Yes,No internet service,No internet service,No internet service,No internet service,No internet service,No internet service,21.61,584.23,No
0,Month-to-month,No,Bank transfer,0,Yes,Yes,No,No,No internet service,No internet service,No internet service,No internet service,No internet service,No internet service,19.39,19.72,No
41,Month-to-month,No,Electronic check,0,Yes,No,Yes,No,No internet service,No internet service,No internet service,No internet service,No internet service,No internet service,22.12,883.47,Yes
3,Month-to-month,No,Mailed check,0,Yes,No,Yes,Yes,No internet service,No internet service,No internet service,No internet service,No internet service,No internet service,22.04,64.44,Yes
14,Month-to-month,Fiber optic,Bank transfer,0,No,No,Yes,Yes,Yes,No,No,Yes,Yes,No,80.55,1168.88,No
32,Month-to-month,Fiber optic,Credit card,0,Yes,No,Yes,Yes,No,No,Yes,No,No,Yes,76.79,2372.49,No
42,Two year,DSL,Electronic check,0,Yes,No,No,Yes,Yes,No,No,No,No,Yes,57.8,2412.65,No
53,Two year,DSL,Credit card,0,Yes,Yes,Yes,Yes,Yes,Yes,No,Yes,No,No,63.76,3520.57,No
29,Month-to-month,Fiber optic,Credit card,0,Yes,No,Yes,Yes,No,No,No,Yes,No,Yes,76.86,2284.04,Yes
5,Month-to-month,DSL,Credit card,0,No,Yes,No,Yes,No,No,No,Yes,Yes,No,58.68,297.4,Yes
14,Month-to-month,Fiber optic,Electronic check,1,Yes,Yes,No,Yes,No,No,Yes,No,No,No,72.36,987.56,Yes
48,Two year,Fiber optic,Electronic check,1,No,No,No,Yes,No,Yes,No,Yes,Yes,No,86.71,4066.17,No
69,Two year,Fiber optic,Bank transfer,0,Yes,No,No,Yes,Yes,No,Yes,No,Yes,Yes,86.9,5856.58,No
43,Month-to-month,No,Electronic check,0,Yes,No,Yes,Yes,No internet service,No internet service,No internet service,No internet service,No internet service,No internet service,20.42,862.88,Yes
0,Month-to-month,DSL,Electronic check,0,No,No,Yes,Yes,No,No,Yes,Yes,No,No,57.58,55.87,Yes
19,Month-to-month,DSL,Bank transfer,1,No,No,Yes,Yes,No,Yes,No,Yes,Yes,Yes,72.62,1330.68,Yes
46,Two year,No,Electronic check,0,No,Yes,Yes,Yes,No internet service,No internet service,No internet service,No internet service,No internet service,No internet service,20.15,971.94,No
54,Two year,No,Mailed check,0,Yes,Yes,No,Yes,No internet service,No internet service,No internet service,No internet service,No internet service,No internet service,18.14,1020.8,No
46,Month-to-month,Fiber optic,Credit card,1,Yes,No,No,Yes,No,Yes,No,Yes,Yes,No,81.3,3561.0,No
44,One year,No,Mailed check,0,No,No,Yes,Yes,No internet service,No internet service,No internet service,No internet service,No internet service,No internet service,21.23,918.64,No
9,Month-to-month,Fiber optic,Credit card,0,No,Yes,Yes,Yes,No,No,No,No,No,No,65.31,609.42,Yes
16,One year,DSL,Mailed check,0,Yes,No,No,Yes,No,Yes,No,Yes,No,Yes,62.73,971.81,No
70,Two year,Fiber optic,Mailed check,1,No,No,Yes,No,No,Yes,Yes,No,Yes,No,83.88,5863.41,No
11,Month-to-month,Fiber optic,Electronic check,0,Yes,No,Yes,No,No,No,No,No,Yes,No,70.26,775.76,Yes
6,Month-to-month,DSL,Mailed check,0,No,No,Yes,Yes,No,No,Yes,Yes,Yes,Yes,71.4,418.16,No
43,One year,Fiber optic,Electronic check,0,Yes,No,Yes,Yes,No,No,No,Yes,No,No,71.71,3142.68,Yes
27,Month-to-month,DSL,Credit card,1,Yes,No,Yes,Yes,No,No,No,Yes,No,No,50.49,1311.12,Yes
48,Two year,DSL,Credit card,0,No,Yes,No,Yes,No,No,No,No,No,Yes,52.61,2647.0,No
3,Month-to-month,DSL,Electronic check,0,No,No,Yes,Yes,No,No,No,No,No,No,43.55,129.37,Yes
72,Two year,Fiber optic,Electronic check,1,No,No,Yes,Yes,No,No,No,Yes,No,No,77.39,5437.55,No
29,Month-to-month,Fiber optic,Bank transfer,0,No,No,Yes,Yes,No,No,Yes,Yes,Yes,No,84.79,2517.92,Yes
34,Month-to-month,Fiber optic,Mailed check,0,No,No,Yes,Yes,Yes,Yes,Yes,No,No,No,90.17,3166.79,Yes
12,Month-to-month,No,Electronic check,1,Yes,Yes,Yes,Yes,No internet service,No internet service,No internet service,No internet service,No internet service,No internet service,20.72,256.2,No
5,Month-to-month,No,Electronic check,0,Yes,No,Yes,Yes,No internet service,No internet service,No internet service,No internet service,No internet service,No internet service,20.02,102.85,No
9,Month-to-month,Fiber optic,Electronic check,1,No,No,Yes,Yes,Yes,No,No,No,Yes,No,74.4,678.36,Yes
14,One year,DSL,Mailed check,1,Yes,Yes,Yes,Yes,No,No,Yes,Yes,Yes,Yes,73.86,1070.02,No
13,Month-to-month,DSL,Electronic check,0,Yes,No,No,No,No,Yes,Yes,Yes,No,No,63.65,794.83,No
7,Month-to-month,No,Bank transfer,0,Yes,No,Yes,Yes,No internet service,No internet service,No internet service,No internet service,No internet service,No internet service,19.0,129.95,No
17,Month-to-month,Fiber optic,Electronic check,1,No,Yes,No,Yes,Yes,Yes,Yes,No,No,Yes,90.3,1556.01,No
19,Month-to-month,DSL,Mailed check,0,Yes,No,No,Yes,Yes,No,Yes,No,No,No,56.03,1031.13,No
55,Two year,DSL,Mailed check,0,No,No,Yes,Yes,No,Yes,No,No,Yes,Yes,64.56,3720.46,No
45,Two year,Fiber optic,Electronic check,0,No,No,Yes,Yes,Yes,No,Yes,No,Yes,No,80.16,3765.53,Yes
0,Month-to-month,Fiber optic,Credit card,0,Yes,No,Yes,Yes,No,No,No,Yes,Yes,Yes,78.5,75.5,Yes
31,Two year,Fiber optic,Bank transfer,0,Yes,No,No,Yes,No,Yes,No,Yes,No,Yes,83.4,2482.5,No
41,One year,DSL,Credit card,0,No,Yes,Yes,Yes,No,No,No,Yes,Yes,No,58.29,2397.43,No
56,Two year,DSL,Mailed check,0,No,No,Yes,Yes,No,No,No,Yes,No,No,50.83,2939.42,No
0,Month-to-month,DSL,Mailed check,0,No,No,Yes,No,No,Yes,No,No,Yes,No,62.09,63.24,No
41,Month-to-month,Fiber optic,Electronic check,0,Yes,No,Yes,Yes,No,No,Yes,No,No,No,68.04,2738.33,Yes
31,Month-to-month,No,Mailed check,0,No,No,Yes,Yes,No internet service,No internet service,No internet service,No internet service,No internet service,No internet service,25.5,773.67,No
38,Two year,Fiber optic,Bank transfer,0,No,No,No,Yes,No,No,No,No,No,No,65.67,2578.83,No
42,One year,No,Mailed check,0,Yes,Yes,Yes,Yes,No internet service,No internet service,No internet service,No internet service,No internet service,No internet service,19.82,828.59,No
16,Month-to-month,Fiber optic,Electronic check,0,No,Yes,Yes,Yes,No,No,Yes,No,No,Yes,76.7,1242.88,Yes
22,Month-to-month,No,Electronic check,0,Yes,No,No,Yes,No internet service,No internet service,No internet service,No internet service,No internet service,No internet service,19.55,449.01,No
41,One year,No,Electronic check,0,No,No,No,No,No internet service,No internet service,No internet service,No internet service,No internet service,No internet service,19.61,806.04,No
65,Two year,No,Electronic check,0,No,No,Yes,Yes,No internet service,No internet service,No internet service,No internet service,No internet service,No internet service,19.36,1279.02,No
42,Month-to-month,No,Bank transfer,1,No,No,No,Yes,No internet service,No internet service,No internet service,No internet service,No internet service,No internet service,18.0,775.01,No
43,One year,Fiber optic,Credit card,0,Yes,Yes,No,Yes,No,Yes,No,No,Yes,Yes,86.01,3870.55,No
27,Month-to-month,DSL,Electronic check,0,Yes,No,Yes,Yes,No,No,Yes,No,No,Yes,57.95,1574.33,Yes
41,Month-to-month,DSL,Electronic check,0,No,No,Yes,Yes,No,No,No,No,Yes,Yes,55.08,2357.51,Yes
9,Month-to-month,Fiber optic,Electronic check,0,No,No,Yes,Yes,No,No,No,No,Yes,Yes,83.64,730.05,No
39,Two year,No,Electronic check,1,No,Yes,Yes,Yes,No internet service,No internet service,No internet service,No internet service,No internet service,No internet service,23.39,945.1,No
65,Two year,Fiber optic,Bank transfer,0,No,No,Yes,Yes,No,No,No,Yes,No,Yes,77.06,4774.71,No
0,Month-to-month,Fiber optic,Electronic check,1,Yes,No,No,Yes,Yes,No,No,Yes,No,Yes,78.95,77.03,Yes
5,Month-to-month,No,Credit card,0,Yes,No,No,Yes,No internet service,No internet service,No internet service,No internet service,No internet service,No internet service,18.0,86.89,Yes
42,Month-to-month,Fiber optic,Credit card,0,Yes,No,No,Yes,No,No,No,No,No,No,70.08,2928.07,No
0,Month-to-month,Fiber optic,Mailed check,0,No,No,No,Yes,No,No,No,Yes,No,No,72.6,74.27,Yes
23,Month-to-month,Fiber optic,Credit card,0,No,No,No,Yes,Yes,No,Yes,Yes,No,No,81.53,1790.38,Yes
0,Month-to-month,DSL,Bank transfer,0,No,No,No,Yes,No,Yes,Yes,Yes,Yes,No,70.72,70.97,No
25,Month-to-month,No,Credit card,0,No,No,No,Yes,No internet service,No internet service,No internet service,No internet service,No internet service,No internet service,21.03,550.8,No
47,Month-to-month,Fiber optic,Electronic check,0,Yes,No,No,Yes,No,Yes,No,Yes,No,No,76.41,3709.59,Yes
2,Month-to-month,DSL,Credit card,0,Yes,No,Yes,Yes,No,No,No,No,No,Yes,50.91,103.86,Yes
20,Two year,DSL,Electronic check,0,No,No,No,Yes,Yes,No,No,No,No,No,55.87,1065.43,No
24,Month-to-month,DSL,Mailed check,0,Yes,No,No,Yes,Yes,No,Yes,Yes,Yes,No,71.73,1746.99,No
28,One year,DSL,Credit card,0,No,No,Yes,No,No,Yes,Yes,No,Yes,No,67.47,1939.09,No
51,Two year,No,Mailed check,0,Yes,Yes,No,Yes,No internet service,No internet service,No internet service,No internet service,No internet service,No internet service,18.0,916.76,No
44,One year,Fiber optic,Electronic check,0,Yes,No,Yes,No,Yes,No,No,No,Yes,No,81.57,3558.64,Yes
27,Month-to-month,Fiber optic,Electronic check,1,Yes,No,Yes,Yes,Yes,No,Yes,Yes,No,No,85.87,2343.6,Yes
27,Month-to-month,DSL,Electronic check,0,Yes,Yes,No,Yes,No,No,No,Yes,No,Yes,53.76,1502.13,No
38,One year,Fiber optic,Mailed check,0,No,Yes,Yes,Yes,No,No,Yes,Yes,No,No,80.51,3102.67,No
25,Month-to-month,DSL,Mailed check,0,Yes,Yes,No,Yes,No,No,No,Yes,Yes,Yes,64.54,1673.51,No
15,Month-to-month,Fiber optic,Mailed check,1,No,No,Yes,Yes,No,No,Yes,No,Yes,No,75.86,1088.23,No
13,Month-to-month,Fiber optic,Credit card,1,Yes,Yes,Yes,Yes,No,No,Yes,Yes,No,Yes,87.13,1177.11,Yes
18,Month-to-month,No,Electronic check,0,No,No,No,Yes,No internet service,No internet service,No internet service,No internet service,No internet service,No internet service,20.0,359.06,Yes
27,Month-to-month,Fiber optic,Credit card,0,No,No,No,Yes,No,Yes,No,No,Yes,No,77.26,2117.67,No
28,One year,DSL,Bank transfer,0,Yes,Yes,Yes,Yes,No,No,No,No,No,No,43.19,1242.71,No
21,Month-to-month,DSL,Bank transfer,0,Yes,Yes,Yes,Yes,No,Yes,No,Yes,No,Yes,64.21,1331.34,Yes
11,Month-to-month,Fiber optic,Bank transfer,0,Yes,Yes,Yes,Yes,Yes,No,No,No,No,Yes,82.02,906.84,No
42,Two year,Fiber optic,Credit card,0,No,No,Yes,Yes,Yes,Yes,No,Yes,Yes,No,87.77,3829.35,No
35,Month-to-month,Fiber optic,Electronic check,0,Yes,Yes,Yes,Yes,Yes,Yes,No,No,Yes,No,79.52,2745.06,No
44,One year,DSL,Bank transfer,0,Yes,Yes,Yes,Yes,Yes,No,No,No,No,Yes,51.3,2183.26,No
24,Month-to-month,Fiber optic,Credit card,0,No,Yes,No,Yes,No,No,No,No,No,Yes,75.62,1844.45,Yes
3,Month-to-month,DSL,Bank transfer,0,No,Yes,Yes,Yes,No,No,Yes,No,No,Yes,57.6,174.99,No
50,Two year,Fiber optic,Electronic check,0,Yes,No,No,Yes,Yes,No,No,No,Yes,No,78.9,4022.17,No
28,Month-to-month,Fiber optic,Bank transfer,0,Yes,No,Yes,Yes,Yes,No,Yes,No,Yes,No,89.9,2485.46,Yes
24,Month-to-month,Fiber optic,Credit card,0,No,No,No,Yes,No,No,Yes,No,No,Yes,76.19,1764.36,Yes
72,Two year,Fiber optic,Electronic check,0,Yes,No,Yes,Yes,Yes,Yes,No,Yes,Yes,No,88.49,6236.41,No
42,One year,Fiber optic,Bank transfer,0,No,No,Yes,Yes,No,Yes,No,Yes,No,No,79.94,3457.42,No
27,One year,No,Credit card,1,Yes,No,Yes,Yes,No internet service,No internet service,No internet service,No internet service,No internet service,No internet service,20.97,569.44,No
11,Month-to-month,Fiber optic,Mailed check,0,No,No,Yes,Yes,Yes,Yes,No,No,Yes,Yes,99.21,1087.49,No
4,Month-to-month,DSL,Electronic check,1,No,No,No,No,No,No,Yes,No,Yes,No,58.51,239.4,No
28,One year,DSL,Mailed check,0,No,No,Yes,Yes,No,No,Yes,Yes,Yes,Yes,72.61,2011.96,No
20,Month-to-month,DSL,Bank transfer,0,No,No,Yes,Yes,No,No,No,No,No,No,47.16,896.23,No
11,Month-to-month,DSL,Mailed check,1,No,Yes,No,Yes,No,No,No,Yes,Yes,Yes,64.23,717.89,No
72,Two year,Fiber optic,Bank transfer,0,No,No,Yes,Yes,No,Yes,Yes,No,No,Yes,86.24,6460.38,No
32,Month-to-month,DSL,Mailed check,0,No,Yes,No,Yes,No,No,No,Yes,Yes,Yes,59.36,1867.49,No
32,Month-to-month,Fiber optic,Credit card,1,No,No,Yes,Yes,No,Yes,No,No,Yes,Yes,83.74,2556.57,Yes
14,Month-to-month,DSL,Credit card,0,Yes,No,No,No,No,No,Yes,No,No,No,49.14,664.95,No
33,Month-to-month,Fiber optic,Credit card,0,No,No,No,Yes,No,No,No,No,No,No,64.71,2055.88,Yes
54,One year,DSL,Mailed check,1,No,No,Yes,Yes,Yes,No,No,Yes,Yes,Yes,70.8,3813.42,No
72,Two year,DSL,Electronic check,0,No,No,Yes,Yes,No,No,Yes,Yes,No,Yes,62.14,4537.18,No
9,Month-to-month,DSL,Bank transfer,0,No,Yes,No,Yes,No,Yes,No,Yes,Yes,Yes,68.87,648.77,No
18,Month-to-month,Fiber optic,Electronic check,0,No,Yes,No,Yes,No,No,Yes,No,Yes,No,73.25,1376.82,Yes
6,Month-to-month,DSL,Mailed check,0,No,No,No,No,No,No,No,Yes,Yes,No,51.97,309.5,Yes
60,Month-to-month,DSL,Electronic check,0,No,Yes,Yes,Yes,Yes,Yes,No,No,No,Yes,61.51,3830.49,No
15,Month-to-month,DSL,Mailed check,0,No,No,Yes,No,Yes,No,Yes,No,Yes,Yes,66.84,972.29,No
72,Two year,Fiber optic,Bank transfer,1,Yes,No,No,Yes,No,No,No,No,No,No,64.52,4665.39,No
21,Month-to-month,Fiber optic,Mailed check,0,Yes,No,Yes,Yes,No,No,Yes,No,Yes,Yes,83.41,1744.69,No
32,Month-to-month,Fiber optic,Mailed check,0,No,No,Yes,Yes,No,Yes,No,Yes,No,No,76.19,2407.58,No
54,Two year,DSL,Electronic check,0,Yes,No,Yes,Yes,No,No,Yes,No,Yes,Yes,66.64,3645.73,Yes
33,Month-to-month,Fiber optic,Electronic check,0,No,No,Yes,Yes,Yes,No,Yes,No,No,No,80.21,2648.46,No
58,Two year,DSL,Mailed check,0,No,No,No,Yes,No,Yes,No,Yes,Yes,Yes,68.53,3957.25,No
45,Month-to-month,DSL,Credit card,0,Yes,Yes,Yes,Yes,No,No,No,No,Yes,Yes,55.67,2486.14,No
23,Month-to-month,DSL,Credit card,1,No,No,Yes,Yes,No,No,Yes,Yes,Yes,No,60.2,1427.06,No
42,Two year,DSL,Credit card,0,No,Yes,No,Yes,No,No,Yes,Yes,Yes,Yes,74.78,3045.5,No
26,Month-to-month,DSL,Electronic check,1,No,No,Yes,Yes,No,Yes,No,Yes,Yes,No,63.0,1635.3,No
18,Month-to-month,DSL,Electronic check,0,Yes,No,No,Yes,No,Yes,Yes,Yes,No,Yes,70.47,1311.24,No
2,Month-to-month,Fiber optic,Mailed check,0,Yes,No,No,Yes,No,Yes,No,No,No,No,71.02,139.03,No
44,One year,No,Bank transfer,1,No,No,No,Yes,No internet service,No internet service,No internet service,No internet service,No internet service,No internet service,23.94,1037.08,No
28,One year,No,Bank transfer,0,No,No,Yes,Yes,No internet service,No internet service,No internet service,No internet service,No internet service,No internet service,20.65,567.57,No
14,Month-to-month,DSL,Bank transfer,1,No,No,Yes,Yes,No,Yes,No,No,No,No,52.92,735.8,Yes
39,One year,No,Mailed check,0,No,No,Yes,Yes,No internet service,No internet service,No internet service,No internet service,No internet service,No internet service,19.55,773.21,No
6,One year,No,Mailed check,0,Yes,No,Yes,Yes,No internet service,No internet service,No internet service,No internet service,No internet service,No internet service,18.0,109.88,No
11,Month-to-month,DSL,Credit card,0,Yes,Yes,Yes,Yes,Yes,No,No,No,No,No,54.47,627.13,No
33,Month-to-month,DSL,Electronic check,0,No,Yes,Yes,Yes,No,No,No,No,No,No,43.63,1460.71,Yes
15,Month-to-month,DSL,Credit card,0,Yes,Yes,Yes,No,No,No,No,No,Yes,No,49.43,727.74,No
0,Month-to-month,Fiber optic,Bank transfer,0,No,No,Yes,Yes,No,No,Yes,No,No,No,71.21,70.01,Yes
17,Month-to-month,Fiber optic,Electronic check,0,No,No,Yes,Yes,Yes,No,No,No,No,Yes,70.16,1180.31,Yes
26,Month-to-month,DSL,Credit card,0,No,No,Yes,Yes,Yes,Yes,Yes,No,Yes,Yes,79.14,2074.17,No
13,Month-to-month,No,Credit card,0,No,No,No,Yes,No internet service,No internet service,No internet service,No internet service,No internet service,No internet service,19.23,258.65,Yes
14,Month-to-month,Fiber optic,Bank transfer,0,Yes,No,No,Yes,Yes,No,Yes,No,Yes,No,89.77,1198.5,No
31,One year,No,Electronic check,0,Yes,Yes,No,Yes,No internet service,No internet service,No internet service,No internet service,No internet service,No internet service,21.73,706.99,No
28,Month-to-month,DSL,Electronic check,1,No,No,No,Yes,Yes,No,No,No,Yes,No,59.8,1712.34,No
41,Two year,DSL,Bank transfer,0,No,No,Yes,Yes,Yes,Yes,Yes,No,No,No,64.77,2734.62,No
63,Two year,Fiber optic,Electronic check,0,No,No,No,Yes,Yes,No,Yes,Yes,No,Yes,94.05,5926.24,No
34,One year,DSL,Electronic check,0,Yes,No,Yes,Yes,Yes,No,No,No,Yes,Yes,62.78,2084.71,Yes
72,Two year,Fiber optic,Mailed check,0,No,No,Yes,Yes,Yes,No,No,No,Yes,No,77.7,5833.44,No
46,Two year,Fiber optic,Electronic check,0,Yes,Yes,No,Yes,No,No,No,No,Yes,Yes,78.47,3603.46,No
0,Month-to-month,Fiber optic,Bank transfer,0,Yes,Yes,No,Yes,No,No,Yes,No,Yes,No,82.26,83.14,Yes
48,One year,Fiber optic,Mailed check,0,No,Yes,Yes,Yes,Yes,No,Yes,Yes,Yes,Yes,104.54,4784.74,No
26,Month-to-month,Fiber optic,Electronic check,0,Yes,Yes,Yes,Yes,No,Yes,Yes,Yes,No,No,88.81,2262.59,Yes
45,One year,DSL,Mailed check,1,Yes,No,No,Yes,No,Yes,No,No,No,Yes,56.56,2487.5,No
32,Month-to-month,DSL,Electronic check,0,Yes,No,Yes,Yes,Yes,Yes,Yes,Yes,No,Yes,76.17,2367.89,No
2,Month-to-month,Fiber optic,Electronic check,0,No,No,Yes,Yes,Yes,No,No,Yes,No,Yes,83.19,164.04,Yes
5,Month-to-month,No,Mailed check,0,Yes,No,Yes,Yes,No internet service,No internet service,No internet service,No internet service,No internet service,No internet service,19.47,94.19,Yes
72,Two year,DSL,Mailed check,0,Yes,No,Yes,Yes,No,Yes,No,No,Yes,Yes,64.81,4840.46,No
25,Month-to-month,No,Electronic check,1,Yes,Yes,Yes,Yes,No internet service,No internet service,No internet service,No internet service,No internet service,No internet service,18.0,464.13,No
11,Month-to-month,DSL,Bank transfer,0,No,Yes,Yes,Yes,No,No,No,Yes,Yes,Yes,65.03,747.38,Yes
0,Month-to-month,Fiber optic,Mailed check,0,Yes,No,Yes,No,Yes,No,No,No,No,Yes,78.65,76.61,Yes
0,Month-to-month,No,Bank transfer,0,No,No,No,No,No internet service,No internet service,No internet service,No internet service,No internet service,No internet service,19.58,20.35,Yes
39,Two year,No,Mailed check,0,No,Yes,No,Yes,No internet service,No internet service,No internet service,No internet service,No internet service,No internet service,23.21,888.7,No
29,One year,DSL,Bank transfer,0,No,No,Yes,Yes,No,No,No,No,No,No,43.92,1295.87,No
23,Month-to-month,DSL,Bank transfer,0,Yes,No,Yes,Yes,Yes,No,No,Yes,Yes,Yes,73.09,1610.17,Yes
0,Month-to-month,DSL,Electronic check,0,No,No,No,Yes,No,No,No,Yes,No,Yes,58.61,61.12,Yes
10,Month-to-month,DSL,Bank transfer,0,Yes,Yes,No,Yes,No,No,No,Yes,No,Yes,61.24,582.63,No
0,Month-to-month,DSL,Bank transfer,0,Yes,No,No,Yes,No,No,No,Yes,No,Yes,65.57,67.87,Yes
47,Two year,DSL,Electronic check,0,No,No,No,Yes,No,No,Yes,Yes,No,Yes,64.64,3155.73,No
72,One year,Fiber optic,Bank transfer,1,Yes,Yes,No,No,No,No,Yes,No,Yes,No,77.7,5739.66,No
37,Month-to-month,Fiber optic,Credit card,0,Yes,No,Yes,Yes,No,Yes,No,No,Yes,Yes,81.58,2989.59,Yes
47,One year,Fiber optic,Electronic check,0,Yes,No,Yes,Yes,No,Yes,Yes,No,Yes,Yes,90.32,4134.46,No
10,Month-to-month,Fiber optic,Credit card,0,Yes,Yes,Yes,Yes,No,Yes,No,Yes,No,No,81.2,788.6,Yes
21,One year,Fiber optic,Mailed check,0,Yes,No,Yes,Yes,Yes,Yes,No,Yes,No,No,81.5,1714.36,No
17,Month-to-month,No,Bank transfer,0,Yes,Yes,Yes,No,No internet service,No internet service,No internet service,No internet service,No internet service,No internet service,19.43,337.77,Yes
13,One year,Fiber optic,Credit card,0,No,No,Yes,No,No,No,No,No,Yes,No,66.77,905.06,Yes
28,Month-to-month,Fiber optic,Credit card,0,Yes,Yes,Yes,Yes,No,Yes,Yes,Yes,Yes,Yes,91.18,2472.1,Yes
51,Two year,Fiber optic,Bank transfer,0,Yes,No,Yes,Yes,No,No,No,Yes,Yes,No,86.61,4608.89,No
18,Month-to-month,DSL,Bank transfer,0,No,No,No,Yes,No,No,Yes,Yes,Yes,No,63.36,1143.67,Yes
0,Month-to-month,DSL,Electronic check,0,No,Yes,No,No,No,No,No,No,Yes,No,49.96,50.06,Yes
19,Month-to-month,DSL,Electronic check,0,No,No,Yes,Yes,Yes,Yes,No,No,Yes,No,65.49,1251.02,No
14,Month-to-month,No,Credit card,0,No,No,Yes,Yes,No internet service,No internet service,No internet service,No internet service,No internet service,No internet service,21.66,288.84,No
3,Month-to-month,No,Mailed check,0,Yes,No,Yes,Yes,No internet service,No internet service,No internet service,No internet service,No internet service,No internet service,18.62,58.35,Yes
42,One year,No,Credit card,0,Yes,No,Yes,Yes,No internet service,No internet service,No internet service,No internet service,No internet service,No internet service,20.68,866.03,No
32,One year,No,Electronic check,0,No,Yes,Yes,Yes,No internet service,No internet service,No internet service,No internet service,No internet service,No internet service,23.31,721.28,No
23,Month-to-month,Fiber optic,Electronic check,0,No,No,No,Yes,No,No,Yes,No,Yes,Yes,89.43,2079.77,Yes
48,One year,DSL,Electronic check,1,Yes,No,No,Yes,No,Yes,No,Yes,No,Yes,65.56,3082.03,No
21,One year,Fiber optic,Mailed check,0,No,No,Yes,Yes,No,No,Yes,Yes,Yes,Yes,85.53,1796.63,Yes
20,Month-to-month,No,Electronic check,0,Yes,No,Yes,Yes,No internet service,No internet service,No internet service,No internet service,No internet service,No internet service,19.94,399.67,Yes
19,Month-to-month,Fiber optic,Mailed check,0,Yes,Yes,Yes,Yes,No,Yes,No,Yes,Yes,No,79.12,1544.75,Yes
38,Month-to-month,Fiber optic,Credit card,1,Yes,No,No,Yes,No,No,No,Yes,Yes,Yes,90.65,3407.88,No
31,Month-to-month,Fiber optic,Credit card,0,No,No,Yes,Yes,No,No,Yes,No,Yes,No,79.12,2432.95,Yes
48,Two year,DSL,Bank transfer,0,Yes,Yes,No,Yes,No,No,Yes,No,Yes,No,55.24,2619.62,No
47,Two year,DSL,Electronic check,0,Yes,No,Yes,Yes,No,Yes,Yes,No,Yes,Yes,69.92,3324.15,No
40,One year,Fiber optic,Mailed check,0,No,Yes,Yes,Yes,Yes,No,No,No,No,No,67.35,2800.39,No
0,Month-to-month,DSL,Bank transfer,0,Yes,No,No,Yes,Yes,Yes,Yes,Yes,No,No,69.68,67.82,No
22,One year,Fiber optic,Electronic check,1,No,Yes,Yes,Yes,No,No,No,Yes,Yes,Yes,80.74,1727.92,Yes
31,One year,No,Mailed check,1,Yes,No,No,Yes,No internet service,No internet service,No internet service,No internet service,No internet service,No internet service,18.0,561.07,No
0,Month-to-month,Fiber optic,Credit card,0,No,No,Yes,Yes,Yes,Yes,No,No,Yes,No,80.28,79.06,Yes
38,Two year,Fiber optic,Electronic check,0,Yes,No,No,Yes,No,No,No,Yes,Yes,No,77.89,2841.1,No
13,Month-to-month,DSL,Credit card,1,Yes,No,No,Yes,No,Yes,No,No,Yes,Yes,60.62,822.5,No
62,Month-to-month,DSL,Electronic check,1,No,No,Yes,Yes,No,No,No,No,Yes,Yes,55.01,3338.59,No
8,Month-to-month,No,Electronic check,0,No,No,Yes,Yes,No internet service,No internet service,No internet service,No internet service,No internet service,No internet service,18.0,143.82,No
29,Month-to-month,DSL,Electronic check,0,Yes,No,No,Yes,Yes,Yes,Yes,Yes,Yes,No,74.03,2173.03,No
51,Two year,No,Credit card,1,Yes,No,Yes,Yes,No internet service,No internet service,No internet service,No internet service,No internet service,No internet service,18.71,978.7,No
25,Month-to-month,Fiber optic,Bank transfer,0,Yes,No,Yes,Yes,No,No,No,No,No,Yes,74.94,1815.8,No
1,Month-to-month,Fiber optic,Bank transfer,0,Yes,No,Yes,Yes,No,Yes,No,No,No,Yes,75.84,79.4,Yes
0,Month-to-month,No,Mailed check,0,No,No,No,Yes,No internet service,No internet service,No internet service,No internet service,No internet service,No internet service,18.0,18.15,Yes
40,Month-to-month,Fiber optic,Credit card,0,No,Yes,Yes,Yes,Yes,No,No,Yes,Yes,No,86.36,3302.62,No
0,Month-to-month,No,Bank transfer,0,No,No,Yes,Yes,No internet service,No internet service,No internet service,No internet service,No internet service,No internet service,19.8,19.6,Yes
42,Month-to-month,Fiber optic,Bank transfer,0,Yes,No,No,Yes,No,Yes,No,Yes,No,No,82.17,3284.74,No
32,One year,DSL,Bank transfer,1,No,No,No,Yes,Yes,No,No,Yes,Yes,No,57.05,1775.52,No
5,Month-to-month,Fiber optic,Bank transfer,0,No,No,Yes,No,No,No,No,Yes,No,Yes,77.27,383.44,Yes
46,Two year,DSL,Bank transfer,1,Yes,No,Yes,Yes,No,No,No,Yes,Yes,No,56.93,2667.1,No
44,Month-to-month,No,Electronic check,1,Yes,No,Yes,Yes,No internet service,No internet service,No internet service,No internet service,No internet service,No internet service,21.31,984.19,Yes
27,One year,Fiber optic,Credit card,0,No,No,No,No,No,Yes,No,No,No,No,68.6,1789.13,No
48,Two year,Fiber optic,Electronic check,0,No,Yes,Yes,Yes,No,No,No,Yes,No,Yes,80.72,3868.91,No
34,Month-to-month,Fiber optic,Credit card,1,Yes,Yes,Yes,Yes,No,Yes,No,No,No,No,69.18,2398.77,No
26,Month-to-month,Fiber optic,Mailed check,0,No,Yes,Yes,Yes,No,No,Yes,No,No,Yes,79.48,2047.33,Yes
72,Two year,Fiber optic,Electronic check,0,No,No,Yes,Yes,No,No,No,No,No,Yes,72.35,5271.12,No
37,Month-to-month,No,Electronic check,1,No,No,Yes,Yes,No internet service,No internet service,No internet service,No internet service,No internet service,No internet service,18.0,645.43,No
27,One year,Fiber optic,Bank transfer,0,No,No,Yes,Yes,No,No,No,Yes,No,Yes,75.9,1990.77,No
39,Month-to-month,Fiber optic,Mailed check,1,Yes,Yes,Yes,Yes,No,No,Yes,No,No,No,67.57,2681.33,Yes
0,Month-to-month,DSL,Credit card,0,Yes,Yes,Yes,Yes,No,No,No,No,Yes,Yes,56.95,57.71,Yes
30,Month-to-month,Fiber optic,Bank transfer,0,No,No,No,Yes,Yes,No,No,Yes,No,No,74.38,2176.64,No
44,Two year,Fiber optic,Electronic check,0,No,Yes,No,Yes,No,Yes,Yes,No,Yes,No,80.19,3531.36,No
28,Month-to-month,DSL,Mailed check,0,Yes,No,No,Yes,No,No,No,No,No,No,46.6,1314.91,Yes
72,Two year,DSL,Bank transfer,0,No,Yes,Yes,Yes,No,No,No,No,No,Yes,52.59,3879.27,No
11,One year,No,Credit card,1,No,Yes,No,Yes,No internet service,No internet service,No internet service,No internet service,No internet service,No internet service,23.67,247.98,No
33,Month-to-month,Fiber optic,Mailed check,0,Yes,No,Yes,Yes,Yes,No,No,No,No,Yes,78.8,2614.6,Yes
31,Month-to-month,DSL,Credit card,0,Yes,No,No,Yes,No,Yes,No,Yes,No,No,53.77,1602.92,Yes
29,Month-to-month,No,Electronic check,0,Yes,Yes,No,No,No internet service,No internet service,No internet service,No internet service,No internet service,No internet service,21.23,600.9,No
2,Month-to-month,No,Bank transfer,0,Yes,Yes,Yes,Yes,No internet service,No internet service,No internet service,No internet service,No internet service,No internet service,20.17,38.55,No
37,One year,No,Bank transfer,0,No,Yes,Yes,Yes,No internet service,No internet service,No internet service,No internet service,No internet service,No internet service,21.99,831.25,No
3,Month-to-month,Fiber optic,Mailed check,0,Yes,Yes,No,Yes,No,Yes,No,No,Yes,No,77.91,223.48,No
25,Month-to-month,No,Electronic check,0,No,No,Yes,Yes,No internet service,No internet service,No internet service,No internet service,No internet service,No internet service,19.2,466.31,Yes
17,One year,No,Bank transfer,1,Yes,No,No,Yes,No internet service,No internet service,No internet service,No internet service,No internet service,No internet service,19.61,318.51,No
31,One year,No,Mailed check,0,No,Yes,No,Yes,No internet service,No internet service,No internet service,No internet service,No internet service,No internet service,20.26,653.67,No
28,Month-to-month,DSL,Electronic check,0,Yes,No,No,Yes,No,Yes,Yes,Yes,No,Yes,77.73,2139.77,No
26,One year,No,Electronic check,0,No,Yes,No,Yes,No internet service,No internet service,No internet service,No internet service,No internet service,No internet service,20.92,564.53,No
12,Month-to-month,DSL,Bank transfer,0,Yes,Yes,Yes,Yes,Yes,No,Yes,No,Yes,No,64.21,772.75,No
23,One year,DSL,Electronic check,1,No,No,No,Yes,No,No,Yes,No,Yes,No,53.03,1223.68,No
22,Month-to-month,DSL,Mailed check,0,Yes,Yes,No,Yes,Yes,No,No,No,Yes,Yes,62.84,1326.31,No
16,Month-to-month,DSL,Credit card,0,No,No,Yes,Yes,No,Yes,Yes,Yes,Yes,Yes,80.04,1218.58,Yes
6,Month-to-month,DSL,Bank transfer,0,Yes,No,Yes,No,No,No,No,No,Yes,Yes,62.24,377.07,Yes
28,One year,Fiber optic,Mailed check,0,Yes,No,Yes,Yes,No,Yes,Yes,Yes,Yes,No,89.08,2424.29,Yes
41,One year,Fiber optic,Mailed check,0,No,No,No,Yes,No,No,No,No,Yes,Yes,76.15,3024.59,Yes
1,Month-to-month,Fiber optic,Electronic check,0,Yes,Yes,No,Yes,No,No,No,No,No,Yes,71.3,71.56,Yes
53,Two year,DSL,Mailed check,1,No,No,Yes,Yes,No,No,No,No,Yes,No,47.73,2479.01,No
55,Two year,DSL,Electronic check,0,No,No,No,Yes,Yes,No,Yes,No,No,Yes,64.97,3579.76,No
20,Month-to-month,No,Electronic check,0,Yes,No,Yes,Yes,No internet service,No internet service,No internet service,No internet service,No internet service,No internet service,20.53,414.15,Yes
30,One year,No,Electronic check,0,No,Yes,Yes,Yes,No internet service,No internet service,No internet service,No internet service,No internet service,No internet service,21.57,619.51,No
28,Month-to-month,DSL,Bank transfer,0,Yes,Yes,Yes,Yes,Yes,Yes,Yes,Yes,No,No,67.6,1986.26,Yes
69,Two year,Fiber optic,Electronic check,0,No,Yes,Yes,Yes,Yes,No,No,No,Yes,Yes,82.27,5405.03,No
28,Month-to-month,DSL,Electronic check,0,Yes,Yes,Yes,Yes,No,No,No,Yes,Yes,No,59.84,1618.35,No
21,Month-to-month,No,Credit card,0,No,No,No,Yes,No internet service,No internet service,No internet service,No internet service,No internet service,No internet service,20.86,452.12,Yes
0,Month-to-month,DSL,Electronic check,0,No,No,Yes,Yes,No,No,No,No,Yes,Yes,56.89,54.24,Yes
45,Month-to-month,No,Bank transfer,0,Yes,No,No,Yes,No internet service,No internet service,No internet service,No internet service,No internet service,No internet service,20.96,960.96,No
39,One year,No,Mailed check,0,No,No,Yes,Yes,No internet service,No internet service,No internet service,No internet service,No internet service,No internet service,20.49,829.21,No
23,Month-to-month,Fiber optic,Bank transfer,0,Yes,No,Yes,Yes,Yes,No,No,No,Yes,No,72.65,1680.68,Yes
7,Month-to-month,DSL,Electronic check,0,No,No,Yes,Yes,No,No,No,No,Yes,No,51.05,361.69,Yes
15,Month-to-month,DSL,Electronic check,0,Yes,No,Yes,Yes,No,No,No,Yes,No,No,54.16,839.76,Yes
72,Two year,DSL,Credit card,0,Yes,No,No,Yes,Yes,Yes,No,Yes,No,Yes,74.36,5162.05,No
67,Two year,Fiber optic,Mailed check,0,Yes,No,No,Yes,No,No,Yes,No,No,No,74.34,5104.81,No
13,Month-to-month,Fiber optic,Electronic check,0,No,No,Yes,Yes,No,Yes,No,Yes,No,No,79.06,1029.21,Yes
42,Month-to-month,Fiber optic,Mailed check,0,No,Yes,Yes,Yes,Yes,No,No,No,No,No,71.87,2921.82,No
2,Month-to-month,DSL,Mailed check,0,No,No,Yes,Yes,No,No,No,No,Yes,Yes,57.19,117.07,Yes
27,Two year,Fiber optic,Electronic check,0,No,No,Yes,No,Yes,Yes,Yes,No,Yes,Yes,94.56,2492.72,No
7,One year,Fiber optic,Mailed check,0,No,No,Yes,Yes,Yes,No,Yes,Yes,No,Yes,92.68,620.43,No
51,One year,DSL,Mailed check,0,No,No,Yes,Yes,No,No,No,No,No,Yes,51.22,2693.3,No
43,Two year,Fiber optic,Bank transfer,0,No,Yes,No,Yes,No,No,Yes,Yes,No,Yes,87.31,3783.81,No
16,Month-to-month,No,Credit card,0,Yes,No,No,No,No internet service,No internet service,No internet service,No internet service,No internet service,No internet service,20.31,330.55,No
56,One year,DSL,Mailed check,0,No,No,Yes,Yes,No,No,Yes,Yes,Yes,No,62.26,3518.41,No
23,Month-to-month,Fiber optic,Credit card,0,Yes,No,Yes,Yes,Yes,No,Yes,Yes,Yes,No,94.51,2072.17,No
0,Month-to-month,No,Mailed check,1,No,No,No,Yes,No internet service,No internet service,No internet service,No internet service,No internet service,No internet service,20.39,19.74,No
44,Month-to-month,No,Mailed check,0,Yes,No,Yes,Yes,No internet service,No internet service,No internet service,No internet service,No internet service,No internet service,18.18,810.57,No
13,Month-to-month,DSL,Bank transfer,0,Yes,No,No,Yes,Yes,No,Yes,No,No,Yes,61.2,811.93,No
53,Two year,DSL,Bank transfer,0,No,Yes,Yes,Yes,No,No,No,No,No,No,44.95,2333.27,No
7,Month-to-month,Fiber optic,Electronic check,1,Yes,Yes,Yes,Yes,No,No,Yes,No,Yes,Yes,82.55,560.56,Yes
36,Two year,DSL,Credit card,0,No,Yes,Yes,Yes,No,Yes,No,Yes,Yes,Yes,72.1,2545.89,No
42,One year,Fiber optic,Credit card,0,No,No,No,Yes,Yes,No,No,No,Yes,Yes,83.16,3425.3,No
15,One year,DSL,Electronic check,0,No,No,Yes,Yes,No,No,No,Yes,No,No,52.75,797.17,No
53,Two year,Fiber optic,Mailed check,0,No,No,No,Yes,No,Yes,No,Yes,No,Yes,82.69,4489.09,No
43,Month-to-month,DSL,Bank transfer,0,Yes,No,Yes,Yes,Yes,No,Yes,No,Yes,No,61.4,2695.14,No
30,Month-to-month,Fiber optic,Credit card,0,Yes,Yes,Yes,No,Yes,No,Yes,Yes,Yes,No,96.15,2789.14,No
21,Month-to-month,Fiber optic,Bank transfer,0,No,No,No,Yes,Yes,No,No,Yes,Yes,No,82.91,1803.01,No
0,Month-to-month,Fiber optic,Electronic check,0,Yes,No,Yes,Yes,No,No,No,Yes,No,Yes,80.11,80.92,Yes
53,Two year,DSL,Bank transfer,0,Yes,Yes,Yes,Yes,Yes,Yes,No,No,No,Yes,59.41,3071.9,No
5,Month-to-month,Fiber optic,Electronic check,0,Yes,No,No,Yes,No,No,Yes,Yes,No,Yes,84.25,423.16,Yes
41,Month-to-month,DSL,Bank transfer,0,No,No,No,Yes,No,No,No,No,Yes,Yes,58.66,2334.06,Yes
10,Month-to-month,Fiber optic,Bank transfer,0,No,No,No,Yes,No,No,Yes,No,Yes,Yes,91.46,897.46,Yes
5,Month-to-month,DSL,Bank transfer,0,Yes,No,No,Yes,Yes,Yes,Yes,No,No,No,61.89,315.96,No
35,One year,Fiber optic,Electronic check,0,Yes,No,No,Yes,No,No,Yes,No,Yes,No,77.96,2644.26,No
5,Month-to-month,No,Mailed check,1,No,Yes,No,Yes,No internet service,No internet service,No internet service,No internet service,No internet service,No internet service,20.31,102.94,No
42,One year,Fiber optic,Bank transfer,0,Yes,Yes,No,Yes,No,No,No,No,No,Yes,69.76,2979.12,No
67,One year,Fiber optic,Electronic check,0,Yes,No,Yes,Yes,No,No,No,No,No,Yes,71.49,5013.96,No
54,Two year,Fiber optic,Electronic check,0,Yes,No,No,No,Yes,Yes,No,Yes,No,Yes,89.51,5038.13,No
3,Month-to-month,Fiber optic,Electronic check,0,No,No,Yes,Yes,No,No,No,No,No,Yes,74.49,225.63,Yes
35,One year,DSL,Credit card,0,Yes,Yes,Yes,Yes,No,Yes,Yes,No,Yes,No,63.2,2248.35,Yes
0,Month-to-month,Fiber optic,Mailed check,0,Yes,Yes,No,Yes,No,No,No,Yes,Yes,Yes,83.86,87.54,Yes
64,Month-to-month,No,Bank transfer,0,No,No,Yes,Yes,No internet service,No internet service,No internet service,No internet service,No internet service,No internet service,19.84,1255.83,No
67,One year,DSL,Mailed check,0,Yes,No,No,Yes,No,No,Yes,No,Yes,No,53.67,3767.8,No
58,One year,Fiber optic,Credit card,0,No,No,Yes,Yes,Yes,Yes,No,No,No,Yes,87.58,4895.17,No
30,Month-to-month,DSL,Mailed check,0,No,Yes,No,Yes,Yes,No,Yes,Yes,No,Yes,68.02,2043.72,No
51,Two year,Fiber optic,Electronic check,0,No,No,Yes,Yes,No,No,No,No,No,No,65.65,3504.44,No
16,Month-to-month,Fiber optic,Electronic check,1,Yes,No,Yes,Yes,No,No,No,Yes,No,No,67.26,1085.33,Yes
34,One year,Fiber optic,Electronic check,0,Yes,Yes,No,Yes,No,No,No,No,No,Yes,69.62,2413.79,No
72,Two year,Fiber optic,Credit card,0,No,No,No,No,Yes,No,Yes,No,No,Yes,82.02,5678.38,No
15,Month-to-month,Fiber optic,Bank transfer,0,Yes,No,No,Yes,Yes,No,No,No,Yes,No,78.68,1231.25,No
45,Two year,No,Bank transfer,0,No,No,No,Yes,No internet service,No internet service,No internet service,No internet service,No internet service,No internet service,18.0,837.39,No
36,One year,DSL,Bank transfer,0,Yes,No,No,Yes,No,Yes,Yes,Yes,No,Yes,72.82,2555.27,No
62,Two year,No,Credit card,0,No,No,Yes,Yes,No internet service,No internet service,No internet service,No internet service,No internet service,No internet service,19.07,1239.9,No
0,One year,Fiber optic,Credit card,0,Yes,No,Yes,Yes,No,Yes,Yes,No,No,No,80.47,80.51,No
44,One year,No,Bank transfer,0,No,No,Yes,Yes,No internet service,No internet service,No internet service,No internet service,No internet service,No internet service,19.12,861.32,No
0,Month-to-month,Fiber optic,Electronic check,0,Yes,No,Yes,Yes,No,No,Yes,No,No,No,70.48,71.77,Yes
62,One year,Fiber optic,Electronic check,0,Yes,Yes,Yes,Yes,Yes,Yes,No,Yes,No,No,90.38,5677.5,No
0,Month-to-month,No,Bank transfer,0,Yes,No,Yes,Yes,No internet service,No internet service,No internet service,No internet service,No internet service,No internet service,20.3,20.93,Yes
41,Two year,Fiber optic,Bank transfer,0,Yes,No,Yes,Yes,No,No,No,No,Yes,Yes,71.92,2827.71,No
0,Month-to-month,Fiber optic,Mailed check,0,No,Yes,Yes,Yes,No,Yes,Yes,Yes,Yes,No,90.87,91.93,Yes
47,Month-to-month,No,Electronic check,1,Yes,No,No,Yes,No internet service,No internet service,No internet service,No internet service,No internet service,No internet service,19.86,931.88,No
54,Two year,DSL,Bank transfer,0,Yes,Yes,No,Yes,No,Yes,No,No,No,Yes,61.36,3466.29,No
54,Month-to-month,DSL,Mailed check,0,No,No,No,Yes,Yes,No,No,Yes,Yes,No,65.77,3410.12,No
50,Month-to-month,Fiber optic,Electronic check,0,Yes,No,Yes,Yes,Yes,No,No,No,Yes,Yes,82.74,4178.29,No
58,One year,Fiber optic,Credit card,0,No,No,Yes,Yes,Yes,Yes,Yes,No,No,Yes,90.21,5029.48,No
0,Month-to-month,No,Bank transfer,0,Yes,No,Yes,Yes,No internet service,No internet service,No internet service,No internet service,No internet service,No internet service,18.79,19.57,Yes
21,Month-to-month,Fiber optic,Electronic check,0,No,No,Yes,Yes,No,Yes,No,No,No,Yes,79.1,1739.98,Yes
40,Month-to-month,Fiber optic,Electronic check,1,No,Yes,Yes,Yes,Yes,No,No,Yes,Yes,Yes,92.43,3848.31,Yes
24,Month-to-month,Fiber optic,Bank transfer,1,Yes,No,No,No,Yes,No,No,No,Yes,Yes,83.68,2055.97,No
12,Month-to-month,No,Mailed check,0,Yes,No,Yes,Yes,No internet service,No internet service,No internet service,No internet service,No internet service,No internet service,18.9,234.05,No
24,Month-to-month,DSL,Electronic check,0,No,No,Yes,Yes,No,Yes,No,Yes,No,No,58.02,1420.36,Yes
25,Month-to-month,DSL,Bank transfer,0,No,No,Yes,Yes,No,No,Yes,Yes,No,No,59.63,1552.12,Yes
0,Month-to-month,No,Bank transfer,1,Yes,No,Yes,Yes,No internet service,No internet service,No internet service,No internet service,No internet service,No internet service,19.12,19.01,Yes
9,Month-to-month,Fiber optic,Electronic check,0,No,No,No,Yes,No,No,Yes,Yes,Yes,Yes,87.24,765.64,No
48,One year,No,Mailed check,0,No,Yes,Yes,Yes,No internet service,No internet service,No internet service,No internet service,No internet service,No internet service,24.53,1187.64,No
52,One year,Fiber optic,Bank transfer,0,No,Yes,Yes,Yes,No,No,No,Yes,No,Yes,77.15,4039.68,No
22,Month-to-month,Fiber optic,Electronic check,0,No,No,Yes,Yes,No,Yes,No,Yes,Yes,Yes,93.16,2050.58,Yes
11,Month-to-month,Fiber optic,Electronic check,1,No,Yes,Yes,Yes,Yes,No,No,No,Yes,Yes,89.13,1016.74,Yes
51,Two year,No,Electronic check,0,No,No,Yes,Yes,No internet service,No internet service,No internet service,No internet service,No internet service,No internet service,23.03,1173.15,No
26,One year,No,Mailed check,0,Yes,No,Yes,Yes,No internet service,No internet service,No internet service,No internet service,No internet service,No internet service,19.91,534.12,No
16,Month-to-month,DSL,Credit card,0,Yes,No,No,No,No,No,No,Yes,Yes,No,55.62,869.4,Yes
32,Month-to-month,Fiber optic,Mailed check,1,Yes,No,Yes,Yes,Yes,Yes,No,No,No,No,76.51,2502.7,No
57,Month-to-month,Fiber optic,Credit card,0,Yes,No,Yes,Yes,No,No,No,No,Yes,No,67.11,3783.16,No
35,Two year,DSL,Mailed check,0,Yes,No,Yes,Yes,No,No,No,No,Yes,Yes,57.72,1923.46,No
72,Two year,Fiber optic,Bank transfer,0,No,Yes,Yes,Yes,No,Yes,Yes,No,Yes,No,77.42,5490.69,No
60,Two year,Fiber optic,Mailed check,0,Yes,Yes,No,Yes,Yes,No,No,No,Yes,No,77.16,4809.29,No
0,Month-to-month,DSL,Bank transfer,0,No,Yes,Yes,Yes,No,No,Yes,Yes,Yes,Yes,73.25,71.67,Yes
16,Month-to-month,DSL,Credit card,0,Yes,No,No,Yes,No,Yes,No,No,Yes,Yes,64.36,1002.48,No
15,Month-to-month,No,Mailed check,1,Yes,Yes,Yes,Yes,No internet service,No internet service,No internet service,No internet service,No internet service,No internet service,18.0,276.05,No
18,Month-to-month,DSL,Mailed check,0,Yes,No,Yes,Yes,No,No,No,No,Yes,Yes,62.41,1068.19,No
35,Month-to-month,Fiber optic,Credit card,0,Yes,Yes,Yes,Yes,No,No,No,Yes,No,No,71.17,2455.96,No
70,One year,DSL,Credit card,0,Yes,No,No,Yes,Yes,Yes,No,No,No,Yes,62.8,4443.83,No
39,Month-to-month,Fiber optic,Credit card,0,Yes,Yes,Yes,Yes,Yes,No,Yes,No,No,No,80.19,3000.77,No
57,Two year,DSL,Electronic check,0,No,No,No,Yes,Yes,Yes,No,No,No,No,57.73,3259.8,Yes
23,Month-to-month,DSL,Electronic check,0,Yes,No,Yes,Yes,Yes,Yes,No,Yes,No,No,63.19,1467.69,No
51,Month-to-month,Fiber optic,Mailed check,0,Yes,No,No,Yes,No,Yes,No,Yes,Yes,Yes,90.19,4707.85,Yes
37,Two year,Fiber optic,Bank transfer,1,Yes,No,Yes,Yes,No,Yes,No,Yes,Yes,Yes,86.76,3109.1,No
58,One year,No,Electronic check,0,Yes,No,No,Yes,No internet service,No internet service,No internet service,No internet service,No internet service,No internet service,21.62,1274.34,No
0,Month-to-month,DSL,Mailed check,1,Yes,Yes,Yes,Yes,Yes,No,Yes,Yes,No,Yes,73.35,76.89,No
14,One year,DSL,Bank transfer,0,Yes,No,No,Yes,No,No,Yes,No,No,Yes,57.72,839.82,No
28,Month-to-month,DSL,Electronic check,0,No,No,No,Yes,Yes,Yes,Yes,Yes,No,Yes,77.34,2204.49,No
0,Month-to-month,DSL,Bank transfer,0,No,No,Yes,Yes,No,Yes,Yes,No,No,No,52.12,51.82,Yes
12,Month-to-month,Fiber optic,Electronic check,0,No,Yes,No,Yes,No,No,No,No,Yes,No,72.41,838.43,No
40,Month-to-month,No,Credit card,0,No,No,Yes,Yes,No internet service,No internet service,No internet service,No internet service,No internet service,No internet service,19.96,778.39,Yes
23,One year,No,Mailed check,0,Yes,No,No,Yes,No internet service,No internet service,No internet service,No internet service,No internet service,No internet service,20.61,492.77,No
47,Month-to-month,Fiber optic,Bank transfer,0,Yes,No,Yes,Yes,Yes,No,Yes,No,No,No,75.27,3432.61,No
2,One year,Fiber optic,Mailed check,0,No,No,Yes,Yes,Yes,No,No,No,No,No,71.89,140.18,No
71,Two year,DSL,Electronic check,1,Yes,Yes,Yes,Yes,No,Yes,No,Yes,No,Yes,65.07,4411.31,No
0,Month-to-month,DSL,Mailed check,0,Yes,No,No,Yes,No,No,No,No,No,No,48.56,50.03,Yes
15,Month-to-month,Fiber optic,Credit card,0,No,Yes,No,Yes,Yes,No,Yes,Yes,No,Yes,90.14,1379.34,No
21,Month-to-month,DSL,Mailed check,0,No,No,Yes,Yes,Yes,No,No,No,No,No,52.53,1070.04,Yes
49,Two year,DSL,Electronic check,0,Yes,Yes,Yes,No,Yes,No,No,No,No,Yes,61.65,3108.25,No
34,One year,DSL,Bank transfer,0,Yes,No,No,Yes,No,Yes,No,Yes,Yes,No,64.71,2223.65,No
15,One year,Fiber optic,Electronic check,0,Yes,No,Yes,Yes,Yes,No,No,No,Yes,No,82.23,1248.26,No
41,Month-to-month,Fiber optic,Mailed check,0,Yes,No,No,No,No,Yes,No,Yes,Yes,Yes,90.88,3911.23,Yes
0,Month-to-month,Fiber optic,Mailed check,0,Yes,No,Yes,Yes,Yes,No,No,No,No,Yes,75.39,79.09,No
0,Month-to-month,No,Mailed check,0,No,Yes,Yes,Yes,No internet service,No internet service,No internet service,No internet service,No internet service,No internet service,18.0,18.0,No
16,Month-to-month,DSL,Electronic check,0,Yes,No,Yes,Yes,No,No,Yes,No,No,No,50.78,815.88,No
27,One year,Fiber optic,Electronic check,0,Yes,No,No,Yes,No,Yes,Yes,Yes,Yes,Yes,96.11,2695.41,Yes
31,Month-to-month,No,Electronic check,0,Yes,No,Yes,Yes,No internet service,No internet service,No internet service,No internet service,No internet service,No internet service,21.88,653.89,Yes
9,Month-to-month,Fiber optic,Mailed check,0,No,No,No,Yes,No,No,No,Yes,Yes,No,84.36,755.15,Yes
18,Month-to-month,DSL,Bank transfer,0,Yes,No,Yes,Yes,No,No,Yes,No,No,Yes,54.22,980.63,Yes
20,Month-to-month,Fiber optic,Bank transfer,0,Yes,No,Yes,Yes,No,No,Yes,Yes,No,Yes,88.22,1688.47,Yes
54,One year,DSL,Electronic check,0,No,No,Yes,Yes,No,No,No,Yes,Yes,No,57.59,2954.52,Yes
10,Month-to-month,DSL,Electronic check,0,Yes,No,No,Yes,No,Yes,Yes,Yes,No,Yes,73.18,752.3,Yes
27,Two year,No,Bank transfer,1,Yes,No,Yes,Yes,No internet service,No internet service,No internet service,No internet service,No internet service,No internet service,19.25,537.57,No
41,Two year,Fiber optic,Mailed check,0,Yes,No,Yes,No,No,No,No,No,No,No,63.56,2625.66,No
72,Two year,Fiber optic,Credit card,0,No,No,No,No,No,Yes,Yes,Yes,Yes,No,91.61,6614.96,No
44,One year,Fiber optic,Electronic check,0,No,No,Yes,Yes,No,No,Yes,No,No,No,71.36,3105.97,Yes
32,One year,No,Electronic check,0,No,No,No,Yes,No internet service,No internet service,No internet service,No internet service,No internet service,No internet service,21.7,699.73,Yes
39,One year,Fiber optic,Mailed check,0,No,No,No,Yes,No,No,No,No,Yes,Yes,77.32,3157.4,Yes
14,Month-to-month,DSL,Bank transfer,0,No,No,Yes,No,Yes,Yes,Yes,No,Yes,No,74.66,1064.87,No
31,Month-to-month,DSL,Mailed check,0,Yes,Yes,No,Yes,Yes,No,Yes,No,No,Yes,69.4,2097.54,No
43,One year,Fiber optic,Electronic check,1,Yes,Yes,Yes,Yes,No,No,No,No,No,No,64.24,2700.63,No
14,Month-to-month,Fiber optic,Electronic check,0,Yes,Yes,Yes,Yes,No,No,No,Yes,No,No,71.67,1022.5,Yes
33,Month-to-month,Fiber optic,Bank transfer,0,Yes,No,No,Yes,No,No,Yes,No,Yes,Yes,80.24,2614.7,Yes
72,Two year,DSL,Electronic check,0,No,No,Yes,Yes,No,No,No,Yes,Yes,No,54.34,4000.78,No
3,Month-to-month,No,Bank transfer,0,Yes,No,No,Yes,No internet service,No internet service,No internet service,No internet service,No internet service,No internet service,20.16,57.91,No
4,Month-to-month,Fiber optic,Electronic check,0,Yes,Yes,Yes,Yes,Yes,Yes,No,No,No,Yes,84.16,328.9,No
72,One year,No,Electronic check,1,Yes,Yes,Yes,Yes,No internet service,No internet service,No internet service,No internet service,No internet service,No internet service,18.0,1281.58,No
28,Month-to-month,Fiber optic,Electronic check,0,Yes,Yes,Yes,Yes,No,Yes,Yes,Yes,Yes,No,88.12,2471.18,Yes
72,Two year,Fiber optic,Credit card,1,No,No,Yes,Yes,No,Yes,Yes,No,Yes,Yes,91.36,6548.66,No
32,Month-to-month,No,Electronic check,1,No,No,No,Yes,No internet service,No internet service,No internet service,No internet service,No internet service,No internet service,18.0,585.28,No
61,Two year,No,Electronic check,0,Yes,No,No,Yes,No internet service,No internet service,No internet service,No internet service,No internet service,No internet service,18.0,1065.0,No
20,Two year,Fiber optic,Credit card,1,No,Yes,Yes,Yes,No,No,No,No,No,No,64.0,1272.37,No
0,Month-to-month,DSL,Electronic check,0,No,No,No,No,Yes,Yes,No,Yes,Yes,Yes,83.54,79.61,No
28,Month-to-month,No,Electronic check,0,Yes,No,Yes,Yes,No internet service,No internet service,No internet service,No internet service,No internet service,No internet service,18.0,517.82,No
4,Month-to-month,DSL,Electronic check,0,No,No,Yes,Yes,No,No,Yes,No,No,No,48.94,193.08,Yes
16,Month-to-month,DSL,Bank transfer,1,No,No,No,Yes,Yes,No,Yes,No,No,No,63.57,976.0,No
33,Month-to-month,Fiber optic,Mailed check,0,Yes,No,No,Yes,No,No,No,Yes,No,Yes,75.0,2470.28,No
56,Two year,Fiber optic,Credit card,0,No,No,Yes,Yes,No,No,No,No,Yes,No,70.23,4058.52,No
24,Month-to-month,DSL,Bank transfer,0,No,No,No,Yes,No,Yes,No,Yes,No,No,59.56,1386.7,No
72,Two year,DSL,Mailed check,0,No,No,Yes,Yes,No,No,Yes,No,Yes,No,52.12,3711.75,No
42,Month-to-month,Fiber optic,Electronic check,0,No,No,Yes,Yes,Yes,Yes,No,No,No,No,76.96,3091.59,Yes
53,Two year,Fiber optic,Credit card,0,No,No,No,Yes,No,No,Yes,Yes,No,Yes,84.14,4294.14,No
38,Month-to-month,Fiber optic,Credit card,0,Yes,Yes,Yes,Yes,Yes,No,No,Yes,No,No,81.82,3006.62,Yes
3,Month-to-month,DSL,Credit card,0,No,No,No,No,No,Yes,Yes,Yes,No,No,68.18,205.47,No
42,One year,Fiber optic,Electronic check,0,No,Yes,No,Yes,No,Yes,Yes,No,Yes,Yes,90.17,3841.23,No
27,Month-to-month,Fiber optic,Bank transfer,0,Yes,No,Yes,Yes,No,No,No,No,Yes,No,71.59,1979.71,No
52,Two year,Fiber optic,Bank transfer,0,No,No,Yes,Yes,No,No,No,No,No,No,63.29,3221.76,No
14,Month-to-month,No,Credit card,0,No,Yes,No,Yes,No internet service,No internet service,No internet service,No internet service,No internet service,No internet service,19.42,273.59,No
0,Month-to-month,DSL,Electronic check,0,No,No,Yes,Yes,Yes,No,Yes,No,Yes,Yes,69.24,72.57,No
17,Month-to-month,Fiber optic,Bank transfer,0,Yes,No,Yes,Yes,No,No,Yes,Yes,Yes,Yes,96.78,1572.83,Yes
12,One year,Fiber optic,Bank transfer,0,Yes,No,Yes,Yes,No,No,No,Yes,Yes,No,76.82,966.76,Yes
16,Month-to-month,Fiber optic,Credit card,0,No,Yes,Yes,Yes,No,No,No,No,No,Yes,72.69,1168.84,No
19,Month-to-month,DSL,Bank transfer,1,No,No,Yes,Yes,No,No,Yes,Yes,No,Yes,64.88,1261.17,No
30,Month-to-month,DSL,Credit card,0,Yes,No,No,Yes,No,No,No,No,No,No,42.55,1256.38,Yes
0,Month-to-month,DSL,Mailed check,1,Yes,No,Yes,Yes,No,Yes,No,Yes,Yes,No,68.5,66.56,Yes
23,Month-to-month,DSL,Electronic check,0,No,No,Yes,Yes,No,No,No,No,Yes,Yes,59.7,1394.71,No
63,Two year,Fiber optic,Mailed check,0,Yes,No,No,Yes,No,No,No,No,Yes,No,71.28,4321.23,No
18,Month-to-month,Fiber optic,Credit card,0,No,Yes,Yes,Yes,Yes,No,No,No,Yes,Yes,86.76,1608.75,Yes
45,One year,Fiber optic,Electronic check,0,No,No,Yes,Yes,No,Yes,No,Yes,No,No,83.2,3878.91,Yes
22,Month-to-month,DSL,Bank transfer,1,Yes,Yes,No,Yes,No,No,Yes,Yes,Yes,Yes,67.08,1516.3,Yes
0,Month-to-month,Fiber optic,Credit card,0,No,No,Yes,Yes,Yes,No,Yes,No,No,Yes,74.19,75.75,Yes
3,Month-to-month,DSL,Credit card,0,No,Yes,Yes,Yes,Yes,Yes,No,No,No,Yes,66.19,197.68,Yes
52,Month-to-month,Fiber optic,Bank transfer,0,Yes,No,No,No,No,No,Yes,Yes,No,No,78.97,4060.14,No
28,Month-to-month,DSL,Credit card,1,Yes,No,Yes,Yes,No,No,Yes,No,Yes,Yes,62.52,1763.11,No
8,Month-to-month,Fiber optic,Electronic check,0,No,No,Yes,No,No,Yes,No,No,Yes,No,79.46,619.17,Yes
24,Month-to-month,Fiber optic,Mailed check,0,No,Yes,No,Yes,No,Yes,No,Yes,Yes,No,87.0,2039.76,Yes
65,Two year,DSL,Mailed check,0,No,No,Yes,Yes,No,No,Yes,No,No,Yes,59.86,3867.71,No
43,Month-to-month,Fiber optic,Bank transfer,0,No,No,No,Yes,No,No,Yes,No,No,Yes,74.81,3302.15,No
12,Month-to-month,Fiber optic,Electronic check,0,Yes,No,Yes,Yes,Yes,Yes,No,Yes,Yes,No,90.64,1092.99,Yes
8,Month-to-month,Fiber optic,Electronic check,0,No,Yes,No,Yes,Yes,No,No,No,No,Yes,79.05,659.24,No
10,Month-to-month,DSL,Bank transfer,0,No,No,Yes,Yes,Yes,No,Yes,No,Yes,Yes,68.68,683.38,No
29,One year,Fiber optic,Mailed check,0,Yes,No,Yes,Yes,No,No,No,No,No,Yes,73.08,2190.18,Yes
8,Month-to-month,No,Credit card,0,Yes,No,Yes,Yes,No internet service,No internet service,No internet service,No internet service,No internet service,No internet service,21.15,177.23,Yes
41,One year,No,Mailed check,0,Yes,No,Yes,Yes,No internet service,No internet service,No internet service,No internet service,No internet service,No internet service,20.79,839.31,No
11,Month-to-month,No,Credit card,0,Yes,Yes,Yes,Yes,No internet service,No internet service,No internet service,No internet service,No internet service,No internet service,20.83,219.05,No
17,Month-to-month,Fiber optic,Mailed check,0,No,Yes,No,Yes,No,Yes,No,No,Yes,No,81.64,1322.3,No
72,Two year,DSL,Bank transfer,0,No,Yes,No,Yes,No,No,Yes,Yes,Yes,Yes,71.91,5421.37,No
3,Month-to-month,Fiber optic,Bank transfer,0,Yes,Yes,Yes,Yes,Yes,No,No,No,No,No,72.09,220.96,Yes
59,Two year,No,Electronic check,0,Yes,No,No,Yes,No internet service,No internet service,No internet service,No internet service,No internet service,No internet service,18.0,1019.6,No
0,Month-to-month,DSL,Electronic check,0,No,No,Yes,Yes,No,No,Yes,No,No,Yes,58.95,58.5,Yes
69,Two year,Fiber optic,Credit card,0,No,Yes,No,Yes,No,No,No,No,Yes,No,73.92,5037.1,No
36,Month-to-month,Fiber optic,Electronic check,1,No,No,Yes,No,No,No,Yes,No,Yes,No,76.13,2808.32,Yes
4,Month-to-month,No,Bank transfer,1,Yes,Yes,No,Yes,No internet service,No internet service,No internet service,No internet service,No internet service,No internet service,18.0,72.79,No
27,One year,No,Electronic check,0,Yes,No,Yes,Yes,No internet service,No internet service,No internet service,No internet service,No internet service,No internet service,22.6,626.08,No
29,Month-to-month,DSL,Bank transfer,0,Yes,Yes,Yes,Yes,No,No,Yes,No,No,No,49.76,1487.06,Yes
14,Month-to-month,DSL,Electronic check,0,No,No,Yes,Yes,No,No,Yes,No,No,No,49.94,685.81,No
72,Two year,DSL,Bank transfer,0,Yes,No,Yes,No,No,No,Yes,Yes,No,Yes,66.76,4591.98,No
19,One year,No,Mailed check,0,Yes,Yes,Yes,Yes,No internet service,No internet service,No internet service,No internet service,No internet service,No internet service,24.65,455.17,No
55,One year,DSL,Electronic check,0,No,Yes,Yes,No,Yes,No,No,No,No,No,54.26,3076.4,No
72,One year,Fiber optic,Mailed check,1,Yes,No,Yes,No,Yes,Yes,Yes,No,Yes,Yes,98.0,7380.28,No
60,Two year,DSL,Credit card,0,No,No,Yes,Yes,No,No,No,No,No,No,49.42,2817.09,No
44,Two year,No,Bank transfer,0,No,No,Yes,Yes,No internet service,No internet service,No internet service,No internet service,No internet service,No internet service,21.38,960.45,No
26,One year,Fiber optic,Credit card,1,Yes,No,Yes,Yes,No,No,No,Yes,No,Yes,81.15,2162.38,No
15,Month-to-month,Fiber optic,Bank transfer,0,Yes,Yes,No,Yes,No,No,Yes,Yes,Yes,Yes,83.7,1219.41,Yes
29,Month-to-month,Fiber optic,Bank transfer,0,No,No,Yes,Yes,Yes,No,Yes,Yes,No,No,85.01,2410.93,No
14,One year,Fiber optic,Mailed check,0,No,No,Yes,Yes,Yes,No,Yes,No,No,No,76.06,1074.68,No
49,Two year,DSL,Credit card,1,Yes,Yes,Yes,No,No,Yes,No,Yes,Yes,No,64.54,3032.09,No
20,Month-to-month,Fiber optic,Mailed check,0,No,Yes,No,Yes,No,Yes,Yes,No,No,Yes,82.87,1724.84,No
43,Month-to-month,DSL,Mailed check,0,No,No,No,No,Yes,Yes,No,No,Yes,Yes,73.59,3009.66,No
48,Month-to-month,Fiber optic,Credit card,0,No,No,Yes,Yes,Yes,No,No,No,No,Yes,74.94,3478.33,No
16,Month-to-month,No,Credit card,0,Yes,No,Yes,Yes,No internet service,No internet service,No internet service,No internet service,No internet service,No internet service,23.67,391.75,No
36,Two year,No,Mailed check,0,Yes,No,No,Yes,No internet service,No internet service,No internet service,No internet service,No internet service,No internet service,18.67,668.17,No
20,Month-to-month,DSL,Electronic check,0,No,Yes,Yes,Yes,Yes,No,No,Yes,Yes,No,61.49,1287.59,Yes
41,One year,DSL,Bank transfer,0,Yes,No,No,Yes,No,No,No,No,Yes,No,48.25,1884.77,No
57,One year,Fiber optic,Bank transfer,1,No,No,Yes,Yes,No,No,Yes,Yes,No,Yes,84.0,4841.98,No
47,Two year,No,Mailed check,0,Yes,Yes,No,Yes,No internet service,No internet service,No internet service,No internet service,No internet service,No internet service,21.64,1037.79,No
2,Month-to-month,DSL,Bank transfer,0,Yes,No,No,Yes,No,No,No,Yes,No,No,53.81,103.41,No
54,Two year,Fiber optic,Mailed check,0,No,No,Yes,Yes,Yes,Yes,No,No,No,Yes,80.27,4319.42,No
33,One year,No,Electronic check,0,No,No,Yes,No,No internet service,No internet service,No internet service,No internet service,No internet service,No internet service,20.94,691.15,No
48,Two year,Fiber optic,Bank transfer,0,Yes,No,Yes,Yes,No,Yes,No,No,Yes,No,78.57,3849.28,No
4,Month-to-month,DSL,Mailed check,0,No,No,No,Yes,No,No,Yes,No,No,Yes,57.57,220.91,Yes
0,Month-to-month,Fiber optic,Bank transfer,0,No,No,Yes,Yes,No,No,Yes,No,Yes,No,81.24,80.04,Yes
48,One year,DSL,Electronic check,0,Yes,No,Yes,Yes,Yes,No,Yes,No,Yes,No,65.9,3163.53,No
22,Month-to-month,Fiber optic,Credit card,0,Yes,No,Yes,Yes,Yes,No,Yes,No,No,No,78.44,1805.42,No
5,Month-to-month,Fiber optic,Electronic check,0,No,No,No,No,Yes,No,No,No,No,No,74.8,380.2,Yes
51,One year,DSL,Credit card,0,No,No,Yes,No,No,Yes,No,No,Yes,Yes,59.72,3196.87,No
9,One year,No,Bank transfer,0,Yes,Yes,Yes,Yes,No internet service,No internet service,No internet service,No internet service,No internet service,No internet service,21.89,187.31,No
11,Month-to-month,Fiber optic,Electronic check,0,Yes,No,Yes,Yes,No,No,No,Yes,No,No,73.84,843.86,Yes
21,Month-to-month,DSL,Credit card,0,No,Yes,Yes,Yes,Yes,Yes,No,No,No,No,57.73,1251.37,No
36,Month-to-month,DSL,Mailed check,0,Yes,Yes,Yes,Yes,No,No,No,No,No,Yes,53.47,1828.82,No
45,Two year,No,Mailed check,0,No,No,No,Yes,No internet service,No internet service,No internet service,No internet service,No internet service,No internet service,24.78,1137.23,No
72,Two year,Fiber optic,Credit card,1,Yes,Yes,No,Yes,Yes,No,Yes,No,Yes,Yes,99.35,7309.26,No
8,Month-to-month,DSL,Credit card,0,No,Yes,No,No,Yes,No,Yes,No,Yes,Yes,77.17,625.75,No
31,Month-to-month,No,Bank transfer,0,No,No,Yes,Yes,No internet service,No internet service,No internet service,No internet service,No internet service,No internet service,19.82,597.85,No
45,Month-to-month,Fiber optic,Credit card,0,Yes,Yes,Yes,Yes,No,No,Yes,No,No,No,66.88,2994.73,No
2,Month-to-month,Fiber optic,Electronic check,0,No,No,Yes,Yes,No,No,Yes,Yes,Yes,No,80.02,153.63,Yes
56,Two year,No,Electronic check,0,Yes,No,Yes,Yes,No internet service,No internet service,No internet service,No internet service,No internet service,No internet service,19.69,1150.39,No
27,Month-to-month,Fiber optic,Electronic check,0,No,No,No,No,No,Yes,No,No,No,No,72.21,1993.58,No
0,Month-to-month,Fiber optic,Mailed check,1,No,Yes,No,Yes,No,No,No,No,Yes,No,69.32,72.32,Yes
25,Month-to-month,Fiber optic,Bank transfer,1,No,No,No,Yes,Yes,No,No,No,No,No,72.83,1765.92,Yes
9,Month-to-month,No,Electronic check,0,Yes,Yes,No,Yes,No internet service,No internet service,No internet service,No internet service,No internet service,No internet service,18.76,168.98,Yes
41,Two year,No,Bank transfer,0,No,No,Yes,Yes,No internet service,No internet service,No internet service,No internet service,No internet service,No internet service,18.36,735.82,No
31,One year,DSL,Electronic check,0,No,Yes,Yes,Yes,No,No,No,No,Yes,Yes,55.79,1746.6,No
30,One year,DSL,Mailed check,0,Yes,No,No,Yes,No,No,No,No,Yes,Yes,61.26,1861.83,No
31,Month-to-month,Fiber optic,Bank transfer,0,No,Yes,Yes,Yes,No,No,Yes,No,No,Yes,78.27,2537.45,No
54,Two year,Fiber optic,Electronic check,0,Yes,No,No,Yes,No,Yes,No,No,Yes,No,78.84,4205.44,No
55,Month-to-month,Fiber optic,Bank transfer,1,No,Yes,Yes,Yes,Yes,No,Yes,No,Yes,Yes,95.32,5422.58,No
45,Two year,Fiber optic,Bank transfer,0,No,No,Yes,Yes,No,No,Yes,Yes,No,Yes,85.92,4010.7,No
62,Two year,Fiber optic,Mailed check,1,No,Yes,Yes,No,No,Yes,No,Yes,Yes,No,87.12,5384.03,No
16,Month-to-month,DSL,Credit card,0,Yes,No,Yes,Yes,Yes,No,No,No,No,No,52.82,824.42,Yes
34,Two year,Fiber optic,Credit card,0,No,No,Yes,Yes,No,No,No,Yes,No,Yes,83.46,2812.35,No
43,Month-to-month,Fiber optic,Electronic check,0,Yes,Yes,Yes,Yes,No,No,Yes,No,No,No,71.82,3171.4,Yes
40,One year,Fiber optic,Bank transfer,0,No,Yes,Yes,Yes,No,Yes,No,No,Yes,Yes,87.97,3588.95,No
6,Month-to-month,Fiber optic,Electronic check,1,No,Yes,Yes,Yes,No,No,No,No,No,Yes,69.8,433.17,Yes
24,Month-to-month,Fiber optic,Mailed check,0,Yes,No,Yes,Yes,No,Yes,Yes,Yes,No,Yes,89.26,2235.24,Yes
35,Month-to-month,Fiber optic,Bank transfer,0,Yes,No,No,Yes,No,Yes,Yes,No,No,No,79.58,2807.85,No
4,Month-to-month,Fiber optic,Bank transfer,0,Yes,No,Yes,No,No,No,No,No,Yes,Yes,73.73,294.34,Yes
19,Month-to-month,DSL,Credit card,0,No,No,No,Yes,Yes,No,No,Yes,Yes,Yes,72.41,1319.2,No
35,Month-to-month,DSL,Bank transfer,0,No,Yes,Yes,Yes,No,No,Yes,Yes,No,Yes,60.4,2092.03,No
41,One year,No,Bank transfer,0,No,No,No,Yes,No internet service,No internet service,No internet service,No internet service,No internet service,No internet service,19.32,786.37,No
27,Month-to-month,DSL,Bank transfer,0,No,No,Yes,Yes,Yes,Yes,No,No,Yes,No,62.41,1745.56,No
14,Month-to-month,DSL,Electronic check,1,No,No,No,Yes,Yes,No,Yes,Yes,No,Yes,66.97,977.52,No
29,Two year,No,Electronic check,0,No,No,Yes,Yes,No internet service,No internet service,No internet service,No internet service,No internet service,No internet service,18.0,525.76,Yes
50,Two year,DSL,Mailed check,0,No,No,Yes,No,No,Yes,Yes,No,Yes,Yes,75.31,3922.49,No
9,Month-to-month,DSL,Bank transfer,0,No,No,No,Yes,Yes,Yes,No,No,Yes,No,63.09,548.03,No
16,Month-to-month,Fiber optic,Electronic check,0,Yes,No,Yes,Yes,No,No,Yes,Yes,Yes,Yes,87.68,1423.9,Yes
29,One year,Fiber optic,Mailed check,0,No,Yes,Yes,Yes,Yes,Yes,No,No,No,No,75.96,2200.91,No
41,One year,Fiber optic,Electronic check,1,No,No,Yes,Yes,No,No,No,Yes,No,No,65.27,2658.31,No
12,Month-to-month,Fiber optic,Mailed check,0,Yes,No,No,Yes,No,No,Yes,Yes,No,Yes,85.11,1002.04,No
51,One year,No,Mailed check,1,No,Yes,No,Yes,No internet service,No internet service,No internet service,No internet service,No internet service,No internet service,18.0,943.31,No
28,Month-to-month,Fiber optic,Electronic check,0,No,No,No,Yes,No,Yes,No,No,Yes,No,79.44,2116.05,Yes
3,Month-to-month,DSL,Electronic check,0,Yes,Yes,Yes,Yes,Yes,Yes,Yes,No,No,No,64.65,190.84,Yes
58,One year,No,Electronic check,0,Yes,Yes,Yes,Yes,No internet service,No internet service,No internet service,No internet service,No internet service,No internet service,20.32,1141.34,No
26,One year,DSL,Mailed check,0,No,No,Yes,Yes,No,Yes,No,No,No,Yes,57.24,1449.98,No
36,Two year,Fiber optic,Credit card,0,No,No,No,Yes,No,No,No,No,Yes,Yes,78.48,2687.37,Yes
35,Month-to-month,Fiber optic,Electronic check,0,Yes,Yes,Yes,Yes,Yes,Yes,No,No,No,No,77.27,2750.56,No
9,Month-to-month,Fiber optic,Mailed check,0,No,No,Yes,Yes,Yes,No,Yes,No,No,No,75.82,656.35,Yes
20,Month-to-month,No,Mailed check,0,No,No,No,Yes,No internet service,No internet service,No internet service,No internet service,No internet service,No internet service,21.19,404.81,No
0,Month-to-month,DSL,Bank transfer,0,Yes,Yes,Yes,Yes,Yes,Yes,No,Yes,No,No,72.19,71.04,No
12,Month-to-month,DSL,Electronic check,0,Yes,Yes,Yes,Yes,Yes,No,No,Yes,No,No,53.05,615.58,No
16,Month-to-month,DSL,Electronic check,0,Yes,No,Yes,Yes,Yes,Yes,No,No,No,Yes,63.17,1028.51,No
12,Month-to-month,DSL,Credit card,0,No,No,Yes,Yes,No,No,No,No,Yes,Yes,55.24,673.53,No
30,One year,DSL,Credit card,0,Yes,Yes,Yes,No,Yes,Yes,No,No,No,Yes,57.92,1743.64,No
19,Month-to-month,Fiber optic,Mailed check,0,No,No,Yes,Yes,No,No,Yes,No,No,Yes,83.18,1650.82,No
34,Month-to-month,Fiber optic,Bank transfer,0,No,No,Yes,Yes,No,No,No,No,Yes,No,74.05,2595.83,Yes
23,One year,Fiber optic,Electronic check,0,No,No,Yes,Yes,No,No,No,Yes,Yes,No,77.34,1789.85,Yes
0,Month-to-month,DSL,Electronic check,0,No,No,Yes,Yes,No,Yes,Yes,Yes,No,Yes,70.25,73.06,No
72,Two year,No,Electronic check,0,No,Yes,Yes,Yes,No internet service,No internet service,No internet service,No internet service,No internet service,No internet service,18.88,1329.28,No
7,Month-to-month,DSL,Bank transfer,0,No,No,No,Yes,No,No,No,No,No,Yes,48.91,340.69,No
9,Month-to-month,DSL,Electronic check,0,Yes,Yes,Yes,Yes,Yes,Yes,No,No,Yes,No,67.98,612.2,No
45,Two year,No,Electronic check,0,Yes,No,Yes,Yes,No internet service,No internet service,No internet service,No internet service,No internet service,No internet service,18.0,781.5,No
17,One year,Fiber optic,Electronic check,0,Yes,No,No,No,Yes,Yes,No,Yes,Yes,Yes,94.96,1672.92,No
32,One year,Fiber optic,Electronic check,0,Yes,No,No,Yes,No,No,No,No,Yes,Yes,76.52,2365.99,No
34,One year,No,Mailed check,1,Yes,No,Yes,Yes,No internet service,No internet service,No internet service,No internet service,No internet service,No internet service,19.3,649.7,No
25,Month-to-month,No,Mailed check,0,Yes,No,Yes,Yes,No internet service,No internet service,No internet service,No internet service,No internet service,No internet service,18.0,460.48,No
29,One year,DSL,Bank transfer,0,Yes,No,No,Yes,No,No,No,No,No,Yes,49.35,1387.48,Yes
15,Two year,Fiber optic,Mailed check,0,No,No,No,Yes,No,Yes,Yes,Yes,Yes,No,89.95,1321.43,No
33,Two year,No,Mailed check,0,No,Yes,Yes,No,No internet service,No internet service,No internet service,No internet service,No internet service,No internet service,20.71,681.71,No
36,Month-to-month,DSL,Bank transfer,0,Yes,Yes,Yes,Yes,No,No,Yes,Yes,Yes,No,68.46,2566.88,Yes
5,Month-to-month,DSL,Electronic check,0,Yes,No,Yes,Yes,No,No,No,No,No,No,45.5,216.28,Yes
47,One year,Fiber optic,Electronic check,0,No,No,Yes,Yes,No,Yes,Yes,No,Yes,Yes,91.79,4141.27,No
7,Month-to-month,DSL,Credit card,0,Yes,No,Yes,Yes,Yes,Yes,Yes,Yes,No,No,76.36,555.66,Yes
31,Month-to-month,No,Bank transfer,0,No,No,Yes,No,No internet service,No internet service,No internet service,No internet service,No internet service,No internet service,19.24,585.79,Yes
20,Month-to-month,No,Mailed check,1,Yes,Yes,No,No,No internet service,No internet service,No internet service,No internet service,No internet service,No internet service,22.08,459.71,No
0,Month-to-month,DSL,Electronic check,1,Yes,No,No,Yes,No,No,Yes,No,Yes,Yes,67.16,66.18,No
0,Month-to-month,DSL,Electronic check,0,No,No,Yes,No,No,No,No,Yes,No,No,50.33,49.45,Yes
0,Month-to-month,DSL,Electronic check,1,No,Yes,Yes,No,Yes,Yes,No,Yes,No,No,63.07,63.81,No
33,Month-to-month,DSL,Credit card,0,No,Yes,Yes,Yes,No,Yes,No,Yes,Yes,Yes,67.7,2124.21,No
0,Month-to-month,Fiber optic,Bank transfer,0,Yes,No,Yes,No,Yes,No,Yes,No,Yes,Yes,94.73,94.31,Yes
48,Two year,Fiber optic,Electronic check,0,Yes,No,No,Yes,Yes,No,Yes,Yes,Yes,No,90.22,4154.26,No
17,Month-to-month,Fiber optic,Electronic check,0,Yes,Yes,No,Yes,Yes,No,No,Yes,Yes,No,87.84,1422.94,Yes
22,Month-to-month,DSL,Electronic check,0,No,No,Yes,Yes,Yes,Yes,No,No,Yes,No,61.27,1295.01,Yes
11,Month-to-month,Fiber optic,Electronic check,0,Yes,No,Yes,Yes,Yes,Yes,Yes,No,No,No,85.93,933.7,No
0,Month-to-month,Fiber optic,Mailed check,0,Yes,No,No,No,No,No,No,Yes,Yes,No,76.23,78.87,Yes
35,Two year,No,Mailed check,1,No,No,Yes,Yes,No internet service,No internet service,No internet service,No internet service,No internet service,No internet service,19.93,689.88,No
37,Two year,DSL,Credit card,0,No,No,Yes,Yes,Yes,Yes,No,No,No,Yes,61.33,2298.15,No
0,Month-to-month,Fiber optic,Bank transfer,0,Yes,No,No,Yes,No,Yes,No,No,No,No,72.06,74.19,No
25,Month-to-month,Fiber optic,Credit card,0,No,No,Yes,Yes,No,Yes,Yes,Yes,Yes,No,92.53,2317.82,Yes
26,Month-to-month,DSL,Credit card,1,No,No,Yes,Yes,No,No,No,Yes,Yes,No,55.47,1449.7,Yes
1,Month-to-month,Fiber optic,Credit card,0,No,Yes,No,Yes,No,Yes,Yes,Yes,No,Yes,85.61,86.3,Yes
39,Month-to-month,DSL,Credit card,0,Yes,Yes,Yes,Yes,Yes,No,No,No,No,Yes,59.54,2228.35,Yes
16,Month-to-month,DSL,Electronic check,0,No,No,Yes,Yes,Yes,No,No,Yes,Yes,Yes,73.38,1230.65,No
32,Month-to-month,Fiber optic,Electronic check,0,Yes,No,Yes,No,No,Yes,No,No,Yes,Yes,85.36,2723.01,No
50,One year,DSL,Electronic check,0,Yes,No,Yes,Yes,No,No,Yes,No,No,Yes,61.01,2902.24,No
16,Month-to-month,Fiber optic,Bank transfer,0,Yes,No,No,Yes,Yes,Yes,Yes,No,No,No,84.89,1353.7,Yes
0,Month-to-month,DSL,Bank transfer,0,Yes,Yes,No,Yes,No,No,No,Yes,Yes,Yes,66.36,63.61,No
21,Month-to-month,Fiber optic,Electronic check,1,No,Yes,No,Yes,Yes,No,Yes,Yes,Yes,Yes,94.17,2046.93,No
26,Month-to-month,Fiber optic,Credit card,0,No,No,Yes,Yes,No,No,Yes,No,No,No,72.68,1826.45,Yes
8,Month-to-month,Fiber optic,Bank transfer,0,Yes,No,No,Yes,Yes,No,No,No,No,No,70.51,567.74,No
21,Month-to-month,No,Bank transfer,0,Yes,No,Yes,Yes,No internet service,No internet service,No internet service,No internet service,No internet service,No internet service,19.57,399.45,Yes
18,Month-to-month,Fiber optic,Mailed check,0,Yes,Yes,Yes,Yes,Yes,Yes,Yes,Yes,No,Yes,92.55,1611.85,Yes
3,Month-to-month,Fiber optic,Electronic check,0,No,No,Yes,Yes,No,No,Yes,No,Yes,Yes,85.71,268.01,Yes
52,Two year,Fiber optic,Mailed check,0,Yes,Yes,No,Yes,Yes,No,No,Yes,Yes,Yes,91.3,4867.19,No
46,Two year,DSL,Electronic check,0,No,No,Yes,No,No,Yes,Yes,Yes,No,No,67.51,2985.27,No
24,Month-to-month,DSL,Bank transfer,0,Yes,Yes,No,Yes,Yes,No,No,No,Yes,No,58.59,1379.19,No
9,Month-to-month,No,Electronic check,0,No,Yes,No,Yes,No internet service,No internet service,No internet service,No internet service,No internet service,No internet service,20.81,186.29,Yes
27,One year,DSL,Electronic check,0,No,No,Yes,Yes,No,No,No,No,Yes,No,50.13,1292.01,No
12,One year,DSL,Mailed check,0,Yes,No,No,Yes,No,Yes,No,Yes,Yes,Yes,72.01,852.45,No
53,Month-to-month,DSL,Bank transfer,0,No,Yes,Yes,Yes,Yes,Yes,Yes,No,No,No,62.97,3464.26,No
11,Month-to-month,Fiber optic,Mailed check,0,No,No,Yes,Yes,No,No,No,Yes,No,Yes,74.83,855.85,Yes
0,Month-to-month,No,Credit card,0,No,Yes,Yes,Yes,No internet service,No internet service,No internet service,No internet service,No internet service,No internet service,20.28,20.04,Yes
48,One year,No,Electronic check,0,Yes,Yes,No,Yes,No internet service,No internet service,No internet service,No internet service,No internet service,No internet service,21.63,1083.41,No
21,Month-to-month,Fiber optic,Credit card,0,No,Yes,Yes,Yes,No,No,No,Yes,No,No,68.49,1409.62,Yes
27,Month-to-month,DSL,Electronic check,0,Yes,No,No,Yes,Yes,Yes,No,No,Yes,No,65.45,1755.63,No
28,Month-to-month,Fiber optic,Electronic check,0,No,Yes,Yes,Yes,No,Yes,Yes,No,No,No,80.63,2311.68,Yes
36,Month-to-month,DSL,Credit card,0,No,No,No,Yes,Yes,Yes,Yes,No,Yes,No,70.93,2645.93,No
1,Month-to-month,DSL,Bank transfer,1,No,No,Yes,No,No,No,Yes,Yes,No,No,59.48,56.97,Yes
40,One year,No,Bank transfer,0,No,Yes,Yes,Yes,No internet service,No internet service,No internet service,No internet service,No internet service,No internet service,18.0,699.81,No
0,Month-to-month,Fiber optic,Bank transfer,0,Yes,No,Yes,Yes,Yes,No,No,Yes,Yes,No,82.71,81.37,Yes
13,Month-to-month,DSL,Mailed check,0,No,No,Yes,Yes,Yes,No,No,No,Yes,Yes,62.9,809.76,No
29,Month-to-month,DSL,Bank transfer,0,No,No,Yes,Yes,No,Yes,No,Yes,Yes,No,64.93,1955.79,No
40,Two year,Fiber optic,Electronic check,0,Yes,No,Yes,Yes,No,No,No,Yes,Yes,Yes,91.28,3592.78,No
54,Month-to-month,DSL,Credit card,1,Yes,No,Yes,Yes,No,No,No,No,Yes,Yes,56.53,3193.73,Yes
18,Month-to-month,DSL,Credit card,0,No,Yes,Yes,Yes,Yes,No,No,Yes,Yes,No,65.57,1129.98,No
0,Month-to-month,DSL,Credit card,0,Yes,No,Yes,Yes,Yes,No,Yes,No,No,No,55.71,57.47,Yes
65,Two year,No,Bank transfer,0,No,Yes,No,Yes,No internet service,No internet service,No internet service,No internet service,No internet service,No internet service,18.21,1188.1,No
72,One year,Fiber optic,Bank transfer,1,Yes,No,Yes,Yes,No,No,No,No,No,Yes,70.72,5176.1,No
18,Two year,Fiber optic,Mailed check,0,No,No,Yes,Yes,Yes,No,No,No,Yes,No,79.11,1405.82,No
49,One year,Fiber optic,Mailed check,1,No,No,Yes,Yes,No,No,No,Yes,No,No,68.28,3240.87,No
2,Month-to-month,Fiber optic,Credit card,0,Yes,No,No,Yes,Yes,No,Yes,No,Yes,No,88.04,169.55,No
17,Month-to-month,DSL,Bank transfer,1,Yes,Yes,Yes,Yes,No,No,Yes,No,No,No,53.09,870.05,No
0,Month-to-month,No,Mailed check,0,Yes,Yes,Yes,Yes,No internet service,No internet service,No internet service,No internet service,No internet service,No internet service,18.3,18.72,No
52,One year,DSL,Bank transfer,1,No,Yes,No,Yes,No,No,Yes,Yes,Yes,Yes,70.01,3570.51,No
33,One year,DSL,Electronic check,1,Yes,No,No,Yes,Yes,Yes,No,Yes,Yes,Yes,74.74,2438.82,No
37,Month-to-month,Fiber optic,Credit card,1,Yes,No,Yes,Yes,Yes,No,No,Yes,No,No,77.19,2919.08,No
38,Two year,Fiber optic,Credit card,1,No,Yes,No,Yes,No,Yes,Yes,No,Yes,Yes,87.96,3277.72,No
15,Month-to-month,No,Electronic check,0,No,No,No,No,No internet service,No internet service,No internet service,No internet service,No internet service,No internet service,20.83,323.01,No
0,Month-to-month,DSL,Electronic check,0,Yes,No,No,Yes,No,No,Yes,No,Yes,No,54.79,54.17,No
60,Month-to-month,Fiber optic,Bank transfer,0,No,No,Yes,Yes,Yes,No,Yes,No,No,No,83.05,5002.58,No
72,Two year,No,Electronic check,0,No,No,No,Yes,No internet service,No internet service,No internet service,No internet service,No internet service,No internet service,19.0,1314.1,No
72,Two year,DSL,Credit card,0,No,No,Yes,No,Yes,Yes,Yes,Yes,Yes,Yes,78.13,5370.04,No
43,Month-to-month,Fiber optic,Electronic check,0,No,No,No,Yes,No,No,Yes,No,No,Yes,77.16,3434.18,Yes
45,Two year,DSL,Electronic check,0,No,No,Yes,Yes,Yes,No,No,No,No,Yes,53.87,2404.96,No
53,Two year,DSL,Electronic check,0,No,No,No,Yes,No,No,No,Yes,Yes,Yes,63.89,3380.36,No
59,Two year,Fiber optic,Bank transfer,1,No,No,No,Yes,Yes,Yes,No,Yes,Yes,Yes,98.31,5521.12,No
60,Two year,No,Bank transfer,0,Yes,No,Yes,Yes,No internet service,No internet service,No internet service,No internet service,No internet service,No internet service,21.0,1238.61,No
0,Month-to-month,DSL,Credit card,0,No,Yes,Yes,Yes,No,No,No,No,No,Yes,57.34,58.99,Yes
20,One year,DSL,Credit card,1,No,Yes,Yes,Yes,No,No,No,Yes,No,No,49.4,1007.12,No
17,One year,No,Bank transfer,0,Yes,No,Yes,Yes,No internet service,No internet service,No internet service,No internet service,No internet service,No internet service,18.21,299.2,No
31,One year,DSL,Electronic check,0,Yes,No,Yes,Yes,Yes,No,Yes,Yes,No,No,65.4,1965.84,Yes
13,Month-to-month,Fiber optic,Electronic check,0,No,No,No,Yes,Yes,No,No,No,Yes,Yes,84.4,1112.99,Yes
31,One year,Fiber optic,Credit card,0,Yes,Yes,No,Yes,No,No,Yes,No,No,Yes,79.68,2446.92,No
58,Two year,Fiber optic,Electronic check,0,Yes,Yes,No,Yes,No,No,No,No,Yes,No,69.68,3855.83,No
0,Month-to-month,Fiber optic,Credit card,0,Yes,No,Yes,Yes,No,No,No,Yes,Yes,No,76.14,78.23,Yes
40,Two year,Fiber optic,Credit card,0,Yes,No,Yes,Yes,Yes,No,Yes,No,Yes,No,84.35,3307.46,No
6,Month-to-month,DSL,Bank transfer,1,No,No,No,Yes,No,No,Yes,Yes,No,No,52.72,301.05,No
31,Month-to-month,Fiber optic,Bank transfer,1,Yes,No,Yes,Yes,No,No,Yes,No,No,No,73.06,2181.53,Yes
21,Month-to-month,Fiber optic,Credit card,0,Yes,Yes,No,Yes,Yes,Yes,No,No,No,No,79.3,1690.11,Yes
59,Two year,DSL,Bank transfer,1,Yes,No,Yes,Yes,No,No,No,No,No,Yes,49.31,2840.27,No
23,One year,Fiber optic,Bank transfer,0,No,No,No,Yes,No,No,No,Yes,Yes,No,76.8,1775.8,Yes
19,Month-to-month,DSL,Mailed check,0,No,No,Yes,Yes,No,Yes,No,No,No,Yes,53.14,997.85,Yes
26,One year,DSL,Mailed check,0,Yes,No,No,Yes,No,Yes,No,No,Yes,Yes,63.04,1636.52,No
6,Month-to-month,Fiber optic,Mailed check,0,Yes,No,Yes,Yes,No,No,Yes,Yes,Yes,No,84.41,529.33,Yes
24,Month-to-month,Fiber optic,Credit card,0,Yes,Yes,Yes,No,No,No,No,No,No,No,64.8,1498.76,Yes
44,Two year,DSL,Bank transfer,1,Yes,Yes,Yes,Yes,Yes,Yes,No,No,Yes,Yes,70.16,2942.54,No
36,One year,Fiber optic,Bank transfer,0,No,Yes,Yes,Yes,Yes,No,No,Yes,No,No,79.38,2888.91,No
50,Two year,DSL,Electronic check,0,No,No,No,Yes,No,No,No,No,Yes,No,52.22,2522.09,No
19,One year,DSL,Credit card,0,No,No,Yes,Yes,No,No,No,Yes,No,No,52.98,1004.69,No
45,Two year,DSL,Mailed check,0,No,Yes,Yes,Yes,No,Yes,No,No,Yes,No,60.43,2595.48,Yes
9,Month-to-month,DSL,Bank transfer,0,No,Yes,Yes,Yes,Yes,No,Yes,No,Yes,No,66.23,624.39,Yes
12,Month-to-month,No,Electronic check,0,Yes,Yes,Yes,No,No internet service,No internet service,No internet service,No internet service,No internet service,No internet service,18.0,223.29,Yes
0,Month-to-month,Fiber optic,Credit card,0,No,No,Yes,Yes,No,No,No,Yes,No,Yes,78.51,80.39,Yes
26,One year,No,Bank transfer,0,Yes,No,No,No,No internet service,No internet service,No internet service,No internet service,No internet service,No internet service,21.05,555.28,No
53,One year,No,Mailed check,0,No,No,No,Yes,No internet service,No internet service,No internet service,No internet service,No internet service,No internet service,18.93,1006.99,No
45,One year,Fiber optic,Electronic check,1,Yes,No,Yes,No,No,No,No,Yes,No,Yes,76.28,3579.93,No
12,Month-to-month,Fiber optic,Electronic check,0,Yes,No,No,Yes,No,No,No,No,Yes,No,72.53,883.35,No
0,Month-to-month,Fiber optic,Electronic check,1,Yes,No,No,Yes,No,No,Yes,Yes,Yes,Yes,94.84,98.89,Yes
40,One year,No,Electronic check,1,Yes,No,No,Yes,No internet service,No internet service,No internet service,No internet service,No internet service,No internet service,21.93,876.68,No
69,Two year,Fiber optic,Mailed check,0,Yes,No,No,Yes,No,Yes,Yes,Yes,No,No,88.53,6233.59,No
42,Month-to-month,No,Mailed check,0,No,No,No,Yes,No internet service,No internet service,No internet service,No internet service,No internet service,No internet service,18.96,760.68,No
10,Month-to-month,DSL,Mailed check,0,Yes,No,Yes,Yes,No,No,Yes,No,No,Yes,53.71,538.58,No
1,Month-to-month,DSL,Bank transfer,1,No,No,Yes,Yes,No,No,No,No,No,Yes,54.53,56.16,Yes
26,Month-to-month,DSL,Mailed check,0,Yes,No,No,Yes,No,No,No,No,Yes,Yes,58.55,1520.73,No
24,Month-to-month,Fiber optic,Electronic check,0,No,No,Yes,Yes,Yes,No,Yes,Yes,Yes,Yes,94.09,2345.22,No
18,Month-to-month,Fiber optic,Credit card,0,Yes,No,Yes,Yes,No,Yes,No,Yes,No,No,75.25,1322.41,No
28,One year,No,Mailed check,0,Yes,No,Yes,Yes,No internet service,No internet service,No internet service,No internet service,No internet service,No internet service,19.37,555.91,No
0,Month-to-month,Fiber optic,Bank transfer,0,Yes,Yes,Yes,Yes,No,No,No,Yes,Yes,Yes,84.9,81.7,Yes
29,Month-to-month,No,Credit card,0,Yes,No,Yes,No,No internet service,No internet service,No internet service,No internet service,No internet service,No internet service,21.89,615.01,No
32,Month-to-month,No,Bank transfer,0,Yes,Yes,No,Yes,No internet service,No internet service,No internet service,No internet service,No internet service,No internet service,22.07,672.09,No
48,Two year,Fiber optic,Mailed check,1,No,No,No,Yes,No,Yes,No,No,No,No,73.55,3700.98,No
45,Month-to-month,DSL,Mailed check,0,Yes,No,No,Yes,No,No,No,No,Yes,No,53.01,2468.93,Yes
22,Month-to-month,Fiber optic,Credit card,0,Yes,No,No,Yes,Yes,No,No,Yes,No,No,72.68,1553.42,No
15,Month-to-month,DSL,Credit card,1,Yes,No,Yes,Yes,No,No,Yes,No,No,Yes,64.82,950.82,No
19,One year,No,Electronic check,0,No,No,Yes,No,No internet service,No internet service,No internet service,No internet service,No internet service,No internet service,18.0,344.34,No
27,Two year,No,Bank transfer,1,Yes,No,Yes,Yes,No internet service,No internet service,No internet service,No internet service,No internet service,No internet service,20.49,569.08,No
10,Month-to-month,No,Credit card,0,Yes,Yes,No,Yes,No internet service,No internet service,No internet service,No internet service,No internet service,No internet service,20.05,206.19,Yes
24,Month-to-month,Fiber optic,Credit card,0,Yes,No,No,Yes,No,No,No,No,No,Yes,74.19,1729.04,No
55,Month-to-month,DSL,Electronic check,0,No,No,Yes,Yes,Yes,No,Yes,Yes,No,Yes,74.79,4245.9,Yes
39,One year,Fiber optic,Mailed check,0,No,Yes,Yes,No,No,No,No,Yes,Yes,No,72.02,2669.32,No
63,Two year,No,Mailed check,0,Yes,No,No,No,No internet service,No internet service,No internet service,No internet service,No internet service,No internet service,18.0,1116.45,No
5,Month-to-month,Fiber optic,Electronic check,0,No,Yes,Yes,Yes,No,No,No,Yes,Yes,No,83.09,418.19,Yes
21,Month-to-month,Fiber optic,Bank transfer,0,Yes,No,Yes,Yes,Yes,No,No,No,Yes,No,78.83,1700.9,No
55,Two year,Fiber optic,Mailed check,0,No,No,No,Yes,Yes,Yes,No,Yes,No,Yes,86.42,4864.8,No
23,One year,Fiber optic,Electronic check,0,No,No,Yes,Yes,No,No,No,Yes,Yes,No,79.04,1750.43,No
39,Month-to-month,Fiber optic,Electronic check,0,No,Yes,No,Yes,Yes,No,No,No,No,No,70.16,2718.55,No
16,Month-to-month,Fiber optic,Credit card,0,Yes,No,No,Yes,No,Yes,No,No,Yes,No,76.06,1257.44,No
36,Month-to-month,No,Credit card,1,No,No,No,Yes,No internet service,No internet service,No internet service,No internet service,No internet service,No internet service,20.98,777.64,No
54,Two year,DSL,Credit card,0,No,No,No,Yes,No,No,No,No,Yes,Yes,59.43,3115.49,No
33,One year,Fiber optic,Credit card,1,No,No,No,Yes,No,No,No,Yes,No,Yes,76.47,2414.03,Yes
25,One year,No,Credit card,0,No,No,No,Yes,No internet service,No internet service,No internet service,No internet service,No internet service,No internet service,19.13,455.1,No
48,Two year,Fiber optic,Mailed check,0,No,No,Yes,Yes,No,No,Yes,No,No,No,71.53,3371.51,No
41,Month-to-month,DSL,Electronic check,0,Yes,Yes,Yes,Yes,No,No,No,No,Yes,Yes,59.1,2358.04,No
4,Month-to-month,Fiber optic,Credit card,0,Yes,Yes,No,Yes,Yes,No,Yes,Yes,Yes,Yes,93.71,369.28,Yes
29,Month-to-month,DSL,Bank transfer,0,Yes,No,Yes,Yes,No,No,Yes,No,No,No,52.53,1463.37,No
49,Two year,Fiber optic,Mailed check,1,Yes,No,Yes,Yes,No,No,Yes,Yes,No,No,85.64,4160.18,No
47,One year,Fiber optic,Credit card,0,Yes,No,Yes,Yes,No,No,Yes,No,Yes,Yes,82.78,3703.82,No
21,Month-to-month,DSL,Electronic check,0,No,No,No,Yes,Yes,Yes,Yes,No,No,Yes,77.39,1543.95,No
0,Month-to-month,DSL,Credit card,0,No,No,No,Yes,No,No,Yes,No,No,No,59.54,59.79,No
41,One year,DSL,Bank transfer,0,No,No,Yes,Yes,Yes,Yes,No,No,Yes,Yes,68.88,2916.98,No
72,One year,Fiber optic,Electronic check,0,No,Yes,No,Yes,No,No,No,Yes,Yes,Yes,83.02,5733.78,No
43,One year,DSL,Credit card,0,Yes,No,Yes,No,Yes,No,Yes,No,No,Yes,66.83,2807.43,No
33,Month-to-month,DSL,Bank transfer,0,Yes,No,Yes,Yes,No,Yes,No,No,Yes,Yes,61.63,2046.33,No
59,Two year,Fiber optic,Bank transfer,1,Yes,Yes,No,Yes,No,No,No,Yes,No,Yes,76.67,4681.44,No
51,One year,Fiber optic,Bank transfer,0,No,No,Yes,Yes,Yes,No,No,Yes,No,Yes,93.98,4737.15,No
27,One year,Fiber optic,Electronic check,0,Yes,No,No,Yes,No,No,Yes,Yes,No,Yes,81.79,2288.33,No
36,One year,Fiber optic,Electronic check,1,Yes,Yes,No,Yes,No,No,No,Yes,Yes,No,77.82,2688.52,No
68,Two year,Fiber optic,Electronic check,0,Yes,Yes,Yes,Yes,Yes,No,No,No,Yes,Yes,84.74,5842.11,No
48,Two year,Fiber optic,Electronic check,0,No,No,Yes,Yes,No,No,Yes,No,Yes,Yes,88.77,4272.45,No
55,One year,DSL,Electronic check,0,No,No,Yes,Yes,Yes,No,Yes,No,No,No,61.25,3433.15,No
2,Month-to-month,DSL,Mailed check,0,No,No,No,No,Yes,No,No,No,Yes,Yes,62.35,120.15,Yes
19,Month-to-month,No,Electronic check,0,Yes,No,Yes,Yes,No internet service,No internet service,No internet service,No internet service,No internet service,No internet service,18.0,349.62,No
50,Two year,DSL,Mailed check,0,No,No,Yes,Yes,No,No,No,No,No,Yes,50.17,2388.06,No
72,One year,Fiber optic,Electronic check,0,Yes,No,Yes,Yes,No,No,No,Yes,Yes,Yes,83.65,5967.65,No
12,Month-to-month,No,Electronic check,0,No,No,No,Yes,No internet service,No internet service,No internet service,No internet service,No internet service,No internet service,18.06,213.6,No
25,Month-to-month,DSL,Credit card,0,Yes,Yes,No,Yes,Yes,No,Yes,No,No,No,58.42,1467.96,No
22,Two year,DSL,Credit card,0,Yes,No,Yes,Yes,Yes,No,Yes,No,Yes,Yes,72.32,1616.2,Yes
35,Two year,Fiber optic,Credit card,0,No,No,Yes,Yes,Yes,No,No,Yes,Yes,No,83.19,2962.41,No
59,Two year,DSL,Electronic check,1,Yes,No,No,Yes,Yes,Yes,No,Yes,Yes,No,68.84,4045.24,No
14,Month-to-month,DSL,Bank transfer,0,No,No,Yes,No,No,No,No,No,No,Yes,51.18,727.58,No
50,Two year,DSL,Electronic check,1,Yes,No,Yes,Yes,No,No,No,No,No,No,44.48,2242.46,No
49,Two year,No,Mailed check,1,No,No,Yes,Yes,No internet service,No internet service,No internet service,No internet service,No internet service,No internet service,22.31,1089.29,No
15,Month-to-month,No,Credit card,0,Yes,Yes,Yes,Yes,No internet service,No internet service,No internet service,No internet service,No internet service,No internet service,19.37,286.74,No
0,Month-to-month,No,Mailed check,0,Yes,No,Yes,Yes,No internet service,No internet service,No internet service,No internet service,No internet service,No internet service,18.0,18.88,No
53,Two year,DSL,Credit card,0,No,No,Yes,Yes,No,No,No,Yes,Yes,No,60.82,3161.51,No
14,Month-to-month,No,Bank transfer,0,No,Yes,No,Yes,No internet service,No internet service,No internet service,No internet service,No internet service,No internet service,22.39,320.73,No
55,One year,No,Electronic check,0,No,No,No,Yes,No internet service,No internet service,No internet service,No internet service,No internet service,No internet service,23.62,1334.43,No
51,One year,Fiber optic,Electronic check,0,No,No,Yes,Yes,No,No,No,Yes,No,Yes,79.2,3953.34,No
0,One year,DSL,Credit card,0,No,No,Yes,Yes,Yes,No,Yes,Yes,No,No,67.95,71.23,No
6,Month-to-month,Fiber optic,Mailed check,1,Yes,No,No,Yes,No,No,Yes,Yes,Yes,Yes,94.31,556.82,Yes
67,One year,Fiber optic,Electronic check,0,No,No,Yes,Yes,Yes,No,No,Yes,No,No,74.65,4857.14,No
32,Month-to-month,Fiber optic,Electronic check,0,No,No,Yes,No,No,No,Yes,No,Yes,No,78.46,2633.1,Yes
62,Two year,DSL,Credit card,0,No,Yes,Yes,Yes,Yes,No,Yes,No,No,No,56.66,3558.97,No
10,Month-to-month,Fiber optic,Electronic check,0,No,No,Yes,Yes,No,No,Yes,No,Yes,No,75.16,769.38,Yes
50,One year,Fiber optic,Credit card,0,Yes,No,Yes,Yes,No,No,No,Yes,No,No,69.81,3627.71,No
30,Two year,Fiber optic,Bank transfer,0,No,No,Yes,Yes,No,Yes,Yes,Yes,Yes,Yes,93.3,2745.55,No
9,Month-to-month,DSL,Electronic check,0,No,Yes,Yes,Yes,Yes,Yes,Yes,No,No,Yes,66.35,611.54,No
24,Month-to-month,No,Mailed check,0,No,No,No,Yes,No internet service,No internet service,No internet service,No internet service,No internet service,No internet service,20.12,471.65,Yes
64,Two year,No,Bank transfer,1,No,No,Yes,No,No internet service,No internet service,No internet service,No internet service,No internet service,No internet service,20.52,1269.08,No
21,Month-to-month,DSL,Mailed check,0,Yes,Yes,Yes,Yes,No,No,Yes,Yes,No,Yes,70.6,1409.48,No
24,Month-to-month,Fiber optic,Electronic check,1,No,No,No,Yes,Yes,Yes,No,No,Yes,Yes,85.62,2013.95,No
21,Month-to-month,No,Electronic check,0,No,Yes,No,Yes,No internet service,No internet service,No internet service,No internet service,No internet service,No internet service,20.63,454.88,No
49,Two year,Fiber optic,Credit card,1,Yes,No,Yes,Yes,Yes,No,No,No,No,No,74.96,3735.25,No
59,One year,No,Bank transfer,0,No,No,No,Yes,No internet service,No internet service,No internet service,No internet service,No internet service,No internet service,21.25,1300.91,No
48,Month-to-month,DSL,Mailed check,0,No,No,Yes,Yes,No,No,No,Yes,Yes,No,61.95,2862.52,No
53,Two year,DSL,Electronic check,0,No,No,Yes,Yes,No,Yes,No,Yes,Yes,No,67.77,3497.05,No
0,Month-to-month,Fiber optic,Mailed check,0,No,No,No,No,No,No,No,No,No,Yes,70.87,69.75,No
14,Month-to-month,Fiber optic,Bank transfer,0,Yes,No,No,Yes,Yes,No,Yes,Yes,No,Yes,90.38,1286.4,Yes
19,Month-to-month,DSL,Electronic check,0,Yes,No,Yes,No,No,No,No,No,Yes,No,51.12,940.11,Yes
0,Month-to-month,Fiber optic,Credit card,0,Yes,No,Yes,Yes,No,No,No,Yes,No,No,74.72,73.43,Yes
39,Month-to-month,No,Credit card,0,No,No,Yes,No,No internet service,No internet service,No internet service,No internet service,No internet service,No internet service,22.91,919.78,Yes
28,One year,DSL,Electronic check,0,No,Yes,Yes,Yes,Yes,No,Yes,Yes,No,Yes,70.09,2017.75,No
5,Month-to-month,Fiber optic,Credit card,0,No,No,Yes,Yes,No,No,No,Yes,No,No,69.12,334.65,Yes
33,One year,Fiber optic,Bank transfer,0,No,No,No,Yes,Yes,No,Yes,No,No,No,78.74,2547.94,No
10,Month-to-month,DSL,Bank transfer,0,No,No,Yes,No,No,No,No,No,Yes,Yes,58.23,570.95,Yes
19,Month-to-month,Fiber optic,Electronic check,0,No,Yes,No,Yes,No,No,No,No,Yes,No,72.25,1348.45,No
31,Month-to-month,DSL,Credit card,0,No,No,Yes,No,Yes,No,No,Yes,No,Yes,68.61,2130.56,No
58,One year,DSL,Mailed check,0,Yes,Yes,No,No,No,No,No,No,No,Yes,49.19,2880.75,No
51,One year,No,Credit card,0,Yes,No,No,No,No internet service,No internet service,No internet service,No internet service,No internet service,No internet service,18.78,957.26,No
3,Month-to-month,DSL,Electronic check,0,Yes,No,No,Yes,No,No,Yes,No,No,Yes,60.17,171.62,No
16,Month-to-month,Fiber optic,Electronic check,1,Yes,No,Yes,Yes,No,Yes,Yes,No,Yes,No,84.81,1309.31,No
20,Month-to-month,No,Credit card,0,No,Yes,Yes,Yes,No internet service,No internet service,No internet service,No internet service,No internet service,No internet service,21.33,407.92,No
59,Two year,DSL,Mailed check,0,Yes,No,Yes,Yes,No,No,No,Yes,No,No,52.51,2965.85,No
26,Month-to-month,DSL,Electronic check,0,Yes,Yes,Yes,Yes,No,Yes,Yes,No,Yes,No,65.7,1764.88,No
55,Two year,DSL,Credit card,0,Yes,No,No,Yes,Yes,No,Yes,No,Yes,No,68.86,3751.63,No
17,Month-to-month,No,Electronic check,1,Yes,Yes,Yes,Yes,No internet service,No internet service,No internet service,No internet service,No internet service,No internet service,18.0,294.04,No
33,Month-to-month,Fiber optic,Credit card,0,Yes,No,Yes,No,No,No,Yes,No,Yes,Yes,85.82,2962.85,Yes
36,One year,Fiber optic,Credit card,0,No,No,Yes,Yes,No,Yes,No,Yes,No,No,73.12,2592.9,Yes
33,Month-to-month,No,Electronic check,0,No,No,No,Yes,No internet service,No internet service,No internet service,No internet service,No internet service,No internet service,21.74,729.73,No
31,Month-to-month,Fiber optic,Bank transfer,0,No,No,Yes,Yes,Yes,No,No,No,No,No,66.09,2081.79,No
72,Two year,No,Credit card,0,No,No,No,No,No internet service,No internet service,No internet service,No internet service,No internet service,No internet service,18.14,1253.81,No
21,Month-to-month,Fiber optic,Credit card,0,Yes,No,No,Yes,Yes,Yes,No,No,Yes,Yes,93.53,2029.8,No
41,Month-to-month,Fiber optic,Mailed check,0,No,No,Yes,Yes,No,No,No,No,No,Yes,68.42,2881.96,No
13,Month-to-month,Fiber optic,Bank transfer,0,Yes,No,No,Yes,Yes,No,No,Yes,Yes,No,82.69,1099.17,Yes
24,Month-to-month,No,Bank transfer,0,Yes,No,Yes,Yes,No internet service,No internet service,No internet service,No internet service,No internet service,No internet service,23.01,557.38,Yes
66,Two year,DSL,Electronic check,0,No,Yes,Yes,Yes,No,Yes,Yes,Yes,Yes,No,72.0,4858.52,No
2,Month-to-month,Fiber optic,Bank transfer,1,No,No,Yes,No,Yes,No,No,Yes,Yes,No,82.29,166.36,Yes
48,Two year,Fiber optic,Electronic check,0,No,No,No,No,Yes,No,No,Yes,Yes,No,87.74,4047.19,No
27,One year,Fiber optic,Electronic check,0,Yes,No,Yes,Yes,No,No,Yes,Yes,Yes,Yes,86.35,2329.08,Yes
53,Two year,Fiber optic,Mailed check,0,No,Yes,Yes,Yes,No,No,No,No,No,Yes,68.12,3633.02,No
45,Two year,DSL,Credit card,0,Yes,Yes,Yes,No,No,No,Yes,No,Yes,Yes,57.11,2677.34,No
56,Two year,Fiber optic,Electronic check,0,No,No,Yes,Yes,Yes,No,No,Yes,Yes,Yes,92.28,5356.83,No
37,One year,Fiber optic,Electronic check,1,No,No,Yes,Yes,Yes,No,No,Yes,Yes,Yes,90.48,3339.15,No
14,Month-to-month,Fiber optic,Electronic check,0,No,No,Yes,Yes,No,Yes,Yes,Yes,No,Yes,99.59,1400.66,Yes
20,Month-to-month,DSL,Electronic check,1,Yes,Yes,Yes,Yes,Yes,No,Yes,No,Yes,No,67.3,1379.21,No
27,One year,DSL,Credit card,0,No,No,Yes,Yes,Yes,No,No,No,No,No,52.48,1464.76,No
4,Month-to-month,DSL,Mailed check,0,No,No,No,Yes,Yes,No,No,No,Yes,Yes,68.69,276.23,No
19,One year,DSL,Electronic check,0,No,No,No,No,No,No,No,No,No,No,45.14,821.6,No
0,Month-to-month,No,Credit card,0,No,Yes,Yes,Yes,No internet service,No internet service,No internet service,No internet service,No internet service,No internet service,18.0,17.67,No
43,Two year,DSL,Electronic check,0,No,No,No,Yes,No,Yes,Yes,Yes,Yes,No,63.04,2841.28,No
27,Month-to-month,No,Mailed check,0,Yes,No,Yes,No,No internet service,No internet service,No internet service,No internet service,No internet service,No internet service,20.81,573.19,No
51,Two year,DSL,Credit card,1,No,Yes,Yes,Yes,No,No,No,No,Yes,Yes,56.45,2916.71,No
18,Month-to-month,Fiber optic,Bank transfer,0,Yes,No,No,Yes,No,Yes,Yes,No,No,No,78.11,1339.47,Yes
12,Month-to-month,No,Electronic check,0,No,Yes,No,Yes,No internet service,No internet service,No internet service,No internet service,No internet service,No internet service,18.73,216.58,No
72,Two year,DSL,Bank transfer,0,No,No,Yes,Yes,No,Yes,No,No,Yes,Yes,62.34,4584.58,No
57,Two year,DSL,Bank transfer,0,No,No,Yes,Yes,No,No,Yes,Yes,Yes,Yes,74.21,4272.68,No
29,One year,Fiber optic,Bank transfer,0,No,No,Yes,Yes,No,No,Yes,Yes,Yes,No,85.91,2556.87,Yes
37,Two year,Fiber optic,Electronic check,0,Yes,Yes,Yes,Yes,No,No,No,No,No,No,66.52,2342.62,No
45,Month-to-month,No,Credit card,0,Yes,No,No,Yes,No internet service,No internet service,No internet service,No internet service,No internet service,No internet service,18.0,810.32,No
32,Two year,Fiber optic,Mailed check,0,No,Yes,No,Yes,No,No,No,No,Yes,Yes,78.29,2570.58,No
5,Month-to-month,Fiber optic,Bank transfer,0,Yes,No,Yes,Yes,No,Yes,Yes,Yes,No,No,85.33,421.65,Yes
5,Month-to-month,Fiber optic,Credit card,0,Yes,Yes,No,Yes,No,No,No,No,No,Yes,69.39,360.09,No
17,Month-to-month,DSL,Credit card,0,No,No,Yes,Yes,No,Yes,Yes,Yes,No,Yes,75.78,1226.02,Yes
24,Month-to-month,No,Bank transfer,0,No,Yes,Yes,Yes,No internet service,No internet service,No internet service,No internet service,No internet service,No internet service,21.23,525.03,No
39,One year,DSL,Electronic check,1,Yes,No,No,Yes,Yes,No,Yes,Yes,Yes,Yes,78.75,3191.05,No
32,One year,No,Electronic check,0,Yes,No,Yes,No,No internet service,No internet service,No internet service,No internet service,No internet service,No internet service,19.26,588.42,No
0,Month-to-month,DSL,Bank transfer,0,Yes,No,No,Yes,No,Yes,Yes,No,No,Yes,62.31,62.52,No
72,Two year,Fiber optic,Electronic check,0,No,No,Yes,Yes,Yes,Yes,No,Yes,No,Yes,95.61,6759.0,No
22,Month-to-month,Fiber optic,Bank transfer,0,No,No,Yes,Yes,Yes,No,Yes,Yes,No,No,88.79,1918.29,No
27,Month-to-month,Fiber optic,Bank transfer,0,Yes,No,Yes,Yes,Yes,No,No,Yes,Yes,Yes,95.86,2525.7,No
27,One year,DSL,Mailed check,0,Yes,No,Yes,Yes,Yes,No,No,No,Yes,Yes,60.78,1604.23,Yes
13,Month-to-month,Fiber optic,Electronic check,0,No,Yes,Yes,Yes,No,No,No,No,No,Yes,70.96,882.35,No
37,Month-to-month,Fiber optic,Credit card,0,Yes,Yes,No,Yes,Yes,Yes,Yes,Yes,Yes,No,94.2,3324.32,No
3,One year,No,Bank transfer,1,No,No,No,Yes,No internet service,No internet service,No internet service,No internet service,No internet service,No internet service,22.24,66.19,No
30,Month-to-month,DSL,Mailed check,0,Yes,Yes,No,Yes,No,Yes,Yes,Yes,No,Yes,70.97,2179.53,No
14,Month-to-month,Fiber optic,Mailed check,0,No,No,Yes,Yes,No,No,No,Yes,No,No,72.31,989.05,Yes
45,One year,DSL,Electronic check,1,No,No,Yes,Yes,No,Yes,No,No,No,Yes,54.66,2489.08,No
45,Month-to-month,DSL,Bank transfer,0,Yes,No,No,Yes,No,Yes,No,Yes,No,No,59.5,2644.4,No
46,Two year,No,Electronic check,0,Yes,No,Yes,Yes,No internet service,No internet service,No internet service,No internet service,No internet service,No internet service,18.0,830.8,No
11,Two year,DSL,Bank transfer,0,Yes,No,Yes,Yes,No,Yes,No,No,No,Yes,63.01,706.05,No
1,Month-to-month,Fiber optic,Electronic check,0,Yes,No,No,Yes,No,No,Yes,Yes,Yes,Yes,88.76,87.25,Yes
18,Month-to-month,Fiber optic,Electronic check,0,Yes,Yes,Yes,Yes,Yes,No,No,No,Yes,No,75.6,1332.23,Yes
44,Month-to-month,Fiber optic,Electronic check,1,No,No,No,Yes,No,Yes,No,No,Yes,No,80.13,3646.51,No
32,One year,DSL,Electronic check,0,No,Yes,No,Yes,Yes,No,No,No,Yes,No,56.17,1784.58,No
43,Month-to-month,DSL,Credit card,0,Yes,Yes,No,Yes,No,No,No,Yes,Yes,Yes,62.14,2723.29,No
17,Two year,DSL,Credit card,0,Yes,Yes,Yes,Yes,Yes,No,No,Yes,Yes,Yes,64.19,1088.31,No
10,Month-to-month,DSL,Electronic check,1,No,No,Yes,Yes,No,No,Yes,No,Yes,Yes,68.99,676.8,Yes
55,One year,Fiber optic,Electronic check,0,Yes,No,Yes,No,Yes,Yes,No,Yes,Yes,Yes,97.59,5163.55,No
33,Month-to-month,Fiber optic,Bank transfer,0,No,Yes,No,Yes,No,No,No,Yes,No,Yes,79.62,2633.95,Yes
0,Month-to-month,Fiber optic,Electronic check,0,No,No,Yes,Yes,No,Yes,No,No,No,Yes,75.92,77.34,Yes
5,Month-to-month,Fiber optic,Mailed check,0,No,No,Yes,Yes,No,Yes,Yes,Yes,Yes,Yes,95.69,491.21,Yes
36,One year,DSL,Electronic check,0,No,No,No,Yes,No,No,Yes,No,No,No,52.51,1838.14,Yes
43,Two year,No,Bank transfer,0,No,Yes,Yes,No,No internet service,No internet service,No internet service,No internet service,No internet service,No internet service,20.99,896.25,No
37,Month-to-month,Fiber optic,Credit card,0,Yes,No,Yes,Yes,No,No,Yes,Yes,No,No,77.3,2910.14,No
18,Month-to-month,DSL,Electronic check,0,Yes,No,No,No,No,Yes,Yes,No,No,No,53.81,973.32,No
0,Month-to-month,Fiber optic,Credit card,0,Yes,No,Yes,Yes,No,No,No,Yes,Yes,Yes,82.64,86.45,Yes
25,Month-to-month,DSL,Credit card,0,Yes,No,Yes,Yes,No,No,No,No,No,Yes,50.8,1295.88,No
62,Two year,Fiber optic,Credit card,0,Yes,No,Yes,No,No,No,Yes,No,Yes,Yes,79.96,4735.04,No
36,Two year,DSL,Bank transfer,0,Yes,No,Yes,Yes,No,No,Yes,Yes,No,No,54.79,2016.51,Yes
40,Two year,Fiber optic,Credit card,0,No,No,Yes,Yes,Yes,No,Yes,No,Yes,No,82.92,3302.18,No
7,Month-to-month,Fiber optic,Bank transfer,0,Yes,No,Yes,Yes,No,No,No,Yes,No,No,72.28,519.22,Yes
40,Month-to-month,DSL,Credit card,1,No,Yes,Yes,Yes,Yes,No,No,No,No,No,51.9,1977.17,No
37,One year,Fiber optic,Electronic check,0,Yes,No,Yes,Yes,No,Yes,No,No,No,No,71.93,2736.43,No
0,Month-to-month,DSL,Bank transfer,0,No,No,Yes,Yes,No,No,Yes,Yes,Yes,No,66.83,65.08,No
19,One year,Fiber optic,Bank transfer,0,Yes,Yes,Yes,Yes,No,No,No,Yes,Yes,Yes,85.15,1550.48,Yes
29,Month-to-month,No,Electronic check,1,Yes,No,Yes,Yes,No internet service,No internet service,No internet service,No internet service,No internet service,No internet service,22.28,622.46,Yes
11,Month-to-month,Fiber optic,Electronic check,1,No,No,Yes,Yes,Yes,Yes,Yes,No,Yes,No,102.13,1175.67,Yes
34,Two year,DSL,Electronic check,0,Yes,No,Yes,Yes,Yes,Yes,No,Yes,Yes,No,70.49,2382.66,No
12,Month-to-month,No,Mailed check,0,No,No,No,Yes,No internet service,No internet service,No internet service,No internet service,No internet service,No internet service,18.1,217.89,Yes
70,Two year,DSL,Electronic check,0,No,Yes,Yes,Yes,No,No,No,Yes,Yes,Yes,62.43,4348.3,No
53,Month-to-month,Fiber optic,Electronic check,0,No,Yes,Yes,Yes,Yes,Yes,No,Yes,Yes,No,92.91,4798.97,No
17,Month-to-month,DSL,Electronic check,0,No,No,No,Yes,Yes,No,No,Yes,Yes,No,66.4,1165.9,No
26,Month-to-month,Fiber optic,Bank transfer,0,No,No,No,Yes,Yes,Yes,No,No,Yes,No,80.35,2148.87,No
16,Month-to-month,DSL,Electronic check,1,Yes,No,No,Yes,Yes,No,No,Yes,Yes,No,64.98,1007.58,Yes
22,Month-to-month,Fiber optic,Electronic check,0,No,No,No,Yes,Yes,Yes,Yes,No,No,No,89.85,1978.63,Yes
3,Month-to-month,DSL,Electronic check,0,Yes,No,Yes,Yes,No,No,Yes,No,No,No,54.11,157.35,No
61,One year,No,Mailed check,1,No,Yes,No,Yes,No internet service,No internet service,No internet service,No internet service,No internet service,No internet service,22.73,1351.49,No
47,Two year,Fiber optic,Electronic check,1,No,No,No,Yes,No,No,Yes,No,Yes,Yes,83.88,3847.99,No
0,Month-to-month,Fiber optic,Credit card,0,Yes,No,No,Yes,Yes,No,Yes,Yes,Yes,No,94.77,93.2,Yes
6,Month-to-month,Fiber optic,Electronic check,0,No,No,Yes,Yes,No,Yes,Yes,No,No,Yes,81.3,505.64,Yes
29,Month-to-month,DSL,Electronic check,0,No,No,Yes,Yes,No,No,Yes,Yes,No,No,53.87,1560.6,No
43,Two year,Fiber optic,Mailed check,1,No,No,Yes,Yes,Yes,No,No,No,No,No,69.5,2917.36,No
62,One year,DSL,Credit card,0,Yes,No,Yes,No,Yes,No,No,No,Yes,No,63.24,4082.05,No
28,Month-to-month,DSL,Mailed check,0,No,No,No,No,No,No,No,Yes,No,Yes,59.91,1659.47,Yes
32,Month-to-month,No,Electronic check,0,Yes,No,No,Yes,No internet service,No internet service,No internet service,No internet service,No internet service,No internet service,21.28,653.26,No
11,Month-to-month,Fiber optic,Mailed check,0,Yes,No,Yes,Yes,Yes,Yes,Yes,Yes,Yes,Yes,98.76,1092.3,Yes
8,Month-to-month,Fiber optic,Mailed check,0,No,Yes,Yes,No,No,Yes,No,Yes,Yes,Yes,94.96,764.39,No
19,Month-to-month,Fiber optic,Mailed check,0,No,No,Yes,No,Yes,Yes,Yes,No,Yes,Yes,93.37,1758.59,No
35,Two year,DSL,Credit card,1,No,No,Yes,Yes,Yes,Yes,Yes,No,No,No,68.51,2381.83,No
26,Month-to-month,Fiber optic,Credit card,0,No,Yes,No,Yes,No,Yes,Yes,No,Yes,Yes,88.18,2339.63,Yes
33,Month-to-month,Fiber optic,Mailed check,0,No,Yes,Yes,Yes,No,No,Yes,No,No,No,67.5,2244.59,No
7,Month-to-month,Fiber optic,Electronic check,0,Yes,No,Yes,Yes,No,No,Yes,No,No,No,70.38,493.03,Yes
49,One year,DSL,Mailed check,0,Yes,No,Yes,Yes,No,No,No,Yes,No,No,51.32,2457.37,No
22,Month-to-month,No,Credit card,0,No,No,Yes,Yes,No internet service,No internet service,No internet service,No internet service,No internet service,No internet service,19.01,438.36,No
36,Month-to-month,Fiber optic,Credit card,0,No,No,No,Yes,No,Yes,No,Yes,No,No,76.28,2770.63,Yes
44,Month-to-month,Fiber optic,Electronic check,0,Yes,No,Yes,Yes,Yes,Yes,No,Yes,Yes,Yes,94.65,4354.21,No
51,One year,Fiber optic,Electronic check,1,Yes,No,No,Yes,Yes,No,Yes,Yes,No,No,83.92,4273.89,Yes
17,Month-to-month,Fiber optic,Electronic check,0,Yes,No,No,Yes,Yes,No,No,No,No,No,71.41,1167.15,Yes
72,Two year,No,Credit card,0,No,Yes,Yes,Yes,No internet service,No internet service,No internet service,No internet service,No internet service,No internet service,22.16,1538.03,No
19,Month-to-month,DSL,Mailed check,0,Yes,No,Yes,Yes,No,No,No,Yes,No,No,50.56,974.58,No
14,Month-to-month,DSL,Electronic check,1,No,No,Yes,Yes,Yes,No,No,No,Yes,Yes,66.42,906.51,No
44,Two year,No,Electronic check,1,No,Yes,Yes,Yes,No internet service,No internet service,No internet service,No internet service,No internet service,No internet service,21.78,936.62,Yes
56,Two year,DSL,Electronic check,1,No,Yes,Yes,Yes,No,No,Yes,Yes,No,Yes,62.32,3491.87,No
34,Month-to-month,Fiber optic,Credit card,1,Yes,No,Yes,Yes,Yes,Yes,Yes,No,Yes,Yes,96.72,3248.12,No
37,Two year,DSL,Mailed check,0,No,Yes,Yes,Yes,Yes,No,Yes,No,No,Yes,65.27,2406.32,No
0,Month-to-month,Fiber optic,Electronic check,0,No,No,Yes,Yes,Yes,No,No,Yes,Yes,Yes,89.63,86.87,Yes
0,Month-to-month,Fiber optic,Bank transfer,0,Yes,No,No,Yes,No,Yes,No,No,Yes,No,80.67,79.02,No
70,Two year,No,Bank transfer,0,Yes,No,No,Yes,No internet service,No internet service,No internet service,No internet service,No internet service,No internet service,18.0,1236.06,No
44,One year,Fiber optic,Bank transfer,0,Yes,No,Yes,No,No,Yes,No,No,Yes,Yes,88.08,3827.29,No
42,Month-to-month,DSL,Credit card,0,Yes,No,Yes,Yes,Yes,No,No,No,No,Yes,56.2,2300.43,No
30,One year,Fiber optic,Electronic check,0,Yes,No,No,No,No,No,Yes,No,No,No,76.85,2280.6,Yes
0,Month-to-month,Fiber optic,Electronic check,0,Yes,No,Yes,Yes,No,No,Yes,Yes,Yes,No,86.85,87.5,Yes
43,Month-to-month,DSL,Electronic check,0,No,No,Yes,Yes,No,Yes,No,No,No,Yes,52.28,2200.85,No
42,Two year,DSL,Bank transfer,0,Yes,No,Yes,Yes,Yes,No,Yes,No,No,No,59.45,2519.09,No
29,Month-to-month,DSL,Credit card,0,Yes,Yes,Yes,Yes,Yes,No,Yes,No,Yes,No,67.14,1885.78,No
17,One year,Fiber optic,Electronic check,0,No,No,Yes,Yes,Yes,Yes,Yes,Yes,Yes,Yes,104.83,1840.87,No
41,One year,Fiber optic,Bank transfer,1,No,No,No,Yes,No,No,Yes,Yes,No,No,76.42,2999.65,No
35,One year,DSL,Bank transfer,0,No,No,No,Yes,No,No,No,Yes,Yes,Yes,60.84,2108.97,No
0,Month-to-month,DSL,Credit card,0,No,No,No,Yes,Yes,Yes,No,No,No,Yes,68.57,68.2,Yes
72,Two year,DSL,Mailed check,0,No,No,No,Yes,No,No,No,Yes,Yes,Yes,65.9,4935.52,No
24,One year,DSL,Electronic check,0,Yes,Yes,Yes,Yes,No,Yes,Yes,No,Yes,No,61.06,1518.02,No
23,One year,No,Bank transfer,0,No,No,No,Yes,No internet service,No internet service,No internet service,No internet service,No internet service,No internet service,24.32,544.24,No
8,Month-to-month,No,Credit card,0,Yes,No,No,Yes,No internet service,No internet service,No internet service,No internet service,No internet service,No internet service,19.93,153.18,No
0,Month-to-month,Fiber optic,Bank transfer,0,No,No,Yes,Yes,Yes,No,Yes,Yes,Yes,No,100.02,103.69,Yes
13,Month-to-month,DSL,Credit card,1,Yes,No,No,Yes,Yes,No,Yes,Yes,No,Yes,75.32,1019.75,Yes
8,Month-to-month,DSL,Mailed check,0,No,No,No,Yes,Yes,Yes,Yes,Yes,Yes,Yes,83.8,700.81,No
34,Month-to-month,No,Bank transfer,0,Yes,No,Yes,Yes,No internet service,No internet service,No internet service,No internet service,No internet service,No internet service,19.75,664.81,No
43,One year,Fiber optic,Electronic check,0,No,Yes,Yes,Yes,No,Yes,No,No,Yes,No,77.37,3391.07,No
34,Two year,DSL,Mailed check,0,Yes,Yes,No,Yes,No,No,Yes,Yes,No,No,56.47,1988.04,No
8,Month-to-month,Fiber optic,Electronic check,0,No,Yes,Yes,Yes,Yes,Yes,Yes,Yes,No,Yes,99.84,830.67,Yes
52,Month-to-month,DSL,Electronic check,0,No,No,Yes,Yes,Yes,No,Yes,Yes,No,No,60.8,3082.49,No
23,One year,No,Electronic check,1,Yes,No,Yes,Yes,No internet service,No internet service,No internet service,No internet service,No internet service,No internet service,21.57,498.53,No
31,Month-to-month,No,Bank transfer,0,No,Yes,Yes,Yes,No internet service,No internet service,No internet service,No internet service,No internet service,No internet service,19.26,616.5,Yes
43,Two year,Fiber optic,Credit card,0,Yes,Yes,Yes,Yes,No,No,No,No,Yes,No,74.47,3046.86,No
2,Month-to-month,Fiber optic,Electronic check,0,Yes,Yes,Yes,Yes,No,No,Yes,Yes,No,No,78.7,164.36,Yes
9,Month-to-month,DSL,Mailed check,0,Yes,No,Yes,Yes,Yes,No,No,Yes,Yes,No,64.12,595.82,No
42,Month-to-month,DSL,Electronic check,0,No,No,Yes,Yes,Yes,Yes,Yes,Yes,Yes,Yes,90.58,3757.44,No
31,Two year,No,Mailed check,0,Yes,No,No,Yes,No internet service,No internet service,No internet service,No internet service,No internet service,No internet service,22.44,680.66,No
29,Month-to-month,Fiber optic,Electronic check,0,No,No,Yes,Yes,Yes,No,No,Yes,No,No,76.01,2169.17,Yes
58,One year,No,Bank transfer,1,No,No,No,Yes,No internet service,No internet service,No internet service,No internet service,No internet service,No internet service,18.78,1087.39,No
9,Month-to-month,DSL,Credit card,0,Yes,Yes,Yes,Yes,Yes,No,Yes,Yes,Yes,No,67.41,615.1,No
34,Month-to-month,Fiber optic,Mailed check,0,Yes,No,Yes,Yes,No,No,Yes,Yes,Yes,No,84.22,2967.14,No
67,Two year,Fiber optic,Bank transfer,0,Yes,No,No,Yes,No,No,No,No,Yes,No,74.4,5193.47,No
5,Month-to-month,DSL,Bank transfer,0,Yes,No,No,Yes,No,Yes,No,No,Yes,Yes,68.92,359.58,No
3,Month-to-month,Fiber optic,Electronic check,0,No,No,No,No,No,No,No,Yes,No,Yes,71.16,223.53,Yes
16,Month-to-month,No,Mailed check,0,Yes,Yes,No,Yes,No internet service,No internet service,No internet service,No internet service,No internet service,No internet service,18.0,300.97,No
56,Two year,DSL,Electronic check,0,No,No,Yes,Yes,No,Yes,Yes,No,No,Yes,59.54,3199.6,No
12,Month-to-month,DSL,Mailed check,0,No,No,Yes,Yes,No,No,No,Yes,Yes,No,57.41,692.13,Yes
27,Month-to-month,Fiber optic,Credit card,0,Yes,No,No,Yes,Yes,Yes,No,No,Yes,No,83.32,2342.06,Yes
42,Two year,No,Mailed check,1,No,No,Yes,Yes,No internet service,No internet service,No internet service,No internet service,No internet service,No internet service,21.25,898.34,No
23,One year,DSL,Mailed check,0,No,No,Yes,No,No,No,No,No,Yes,No,49.04,1092.1,No
54,Two year,DSL,Electronic check,0,No,No,Yes,Yes,No,No,No,No,No,Yes,52.03,2726.33,No
42,One year,DSL,Electronic check,1,Yes,No,No,No,No,Yes,No,Yes,No,Yes,62.27,2615.57,No
59,One year,DSL,Credit card,0,No,Yes,Yes,Yes,No,No,Yes,Yes,Yes,No,69.39,4031.86,No
25,Month-to-month,No,Electronic check,0,No,No,Yes,Yes,No internet service,No internet service,No internet service,No internet service,No internet service,No internet service,19.59,467.48,No
29,Month-to-month,DSL,Bank transfer,0,No,No,Yes,Yes,No,No,Yes,No,Yes,No,60.61,1744.53,Yes
32,One year,DSL,Electronic check,0,No,No,Yes,Yes,Yes,Yes,Yes,Yes,No,No,67.79,2158.47,No
33,One year,Fiber optic,Electronic check,0,No,Yes,Yes,Yes,Yes,No,Yes,No,Yes,Yes,90.89,3057.23,No
44,Two year,Fiber optic,Electronic check,0,No,No,Yes,Yes,Yes,No,No,Yes,No,No,77.26,3541.61,No
41,One year,DSL,Credit card,0,Yes,Yes,No,Yes,Yes,No,Yes,No,No,Yes,68.84,2716.57,No
20,Month-to-month,Fiber optic,Electronic check,0,No,No,Yes,Yes,No,No,No,No,No,No,63.58,1303.78,Yes
20,Month-to-month,DSL,Bank transfer,0,Yes,No,No,Yes,No,No,No,No,No,Yes,51.01,1061.57,No
35,One year,No,Electronic check,1,No,No,Yes,Yes,No internet service,No internet service,No internet service,No internet service,No internet service,No internet service,18.0,611.65,No
17,Month-to-month,Fiber optic,Bank transfer,0,Yes,Yes,Yes,Yes,No,No,No,Yes,Yes,Yes,78.67,1324.64,Yes
72,Two year,Fiber optic,Bank transfer,1,No,No,No,No,No,No,No,No,Yes,Yes,72.27,5127.55,No
42,One year,DSL,Bank transfer,0,No,No,Yes,No,No,Yes,Yes,Yes,No,Yes,73.67,3046.28,No
27,Month-to-month,Fiber optic,Electronic check,0,No,No,Yes,Yes,Yes,No,No,Yes,No,No,75.65,2116.98,No
46,One year,No,Electronic check,0,Yes,No,Yes,Yes,No internet service,No internet service,No internet service,No internet service,No internet service,No internet service,20.47,902.09,No
35,One year,DSL,Credit card,0,No,Yes,Yes,Yes,Yes,No,No,No,Yes,Yes,64.51,2203.42,No
63,Two year,DSL,Mailed check,0,Yes,No,Yes,Yes,No,Yes,No,No,Yes,No,59.09,3695.69,No
18,Month-to-month,DSL,Electronic check,0,Yes,Yes,No,Yes,Yes,Yes,No,No,No,Yes,62.79,1180.4,No
18,One year,DSL,Mailed check,0,No,No,Yes,Yes,No,Yes,Yes,No,No,Yes,61.9,1073.21,No
9,Month-to-month,Fiber optic,Electronic check,1,No,No,Yes,Yes,No,Yes,No,No,No,No,69.55,613.13,Yes
50,Month-to-month,Fiber optic,Mailed check,0,No,Yes,Yes,Yes,No,No,Yes,No,Yes,No,82.13,4179.0,Yes
37,Month-to-month,Fiber optic,Mailed check,0,No,Yes,Yes,Yes,Yes,No,No,No,No,No,66.54,2513.54,No
49,Two year,No,Electronic check,0,No,No,Yes,Yes,No internet service,No internet service,No internet service,No internet service,No internet service,No internet service,18.53,938.6,No
65,Two year,Fiber optic,Mailed check,0,Yes,No,Yes,Yes,No,Yes,Yes,Yes,Yes,No,85.65,5447.21,No
21,Month-to-month,Fiber optic,Bank transfer,0,Yes,Yes,Yes,Yes,No,No,No,Yes,No,Yes,76.85,1634.97,No
66,One year,Fiber optic,Credit card,0,No,No,Yes,Yes,No,No,Yes,No,Yes,No,79.07,5191.39,No
16,Month-to-month,Fiber optic,Bank transfer,0,No,No,Yes,Yes,No,No,No,No,No,No,64.83,1085.52,No
42,One year,Fiber optic,Mailed check,0,No,Yes,No,Yes,No,Yes,No,Yes,Yes,No,87.07,3759.99,No
5,Month-to-month,DSL,Bank transfer,0,Yes,Yes,Yes,Yes,No,Yes,No,No,No,Yes,54.93,268.84,No
36,One year,Fiber optic,Electronic check,1,Yes,No,No,Yes,No,Yes,No,No,No,Yes,82.58,3009.27,No
0,Month-to-month,DSL,Bank transfer,0,Yes,No,Yes,Yes,Yes,Yes,Yes,Yes,Yes,No,72.09,75.23,No
42,One year,Fiber optic,Electronic check,0,No,Yes,Yes,Yes,No,No,No,Yes,No,Yes,81.71,3577.57,No
34,Month-to-month,DSL,Electronic check,0,Yes,No,Yes,Yes,Yes,Yes,Yes,No,Yes,Yes,77.44,2726.55,Yes
65,One year,Fiber optic,Bank transfer,0,Yes,No,Yes,Yes,No,No,Yes,No,Yes,No,72.58,4564.8,Yes
46,One year,DSL,Electronic check,0,No,No,No,Yes,No,No,No,No,No,No,47.53,2175.28,No
12,Month-to-month,No,Bank transfer,0,Yes,No,No,Yes,No internet service,No internet service,No internet service,No internet service,No internet service,No internet service,19.04,224.02,No
5,Month-to-month,Fiber optic,Bank transfer,0,Yes,Yes,Yes,Yes,Yes,Yes,Yes,No,No,No,81.41,386.98,No
46,Two year,No,Electronic check,0,No,No,Yes,Yes,No internet service,No internet service,No internet service,No internet service,No internet service,No internet service,21.93,1019.53,No
12,One year,Fiber optic,Mailed check,0,Yes,No,No,Yes,Yes,No,Yes,No,No,Yes,78.08,963.48,No
14,Month-to-month,DSL,Bank transfer,0,No,Yes,Yes,Yes,Yes,Yes,No,No,No,Yes,61.43,855.55,No
0,Month-to-month,DSL,Bank transfer,0,No,No,No,Yes,Yes,No,No,Yes,No,No,58.57,61.01,No
8,Month-to-month,Fiber optic,Credit card,0,Yes,Yes,No,No,Yes,No,No,No,Yes,Yes,84.26,675.93,No
35,One year,DSL,Electronic check,0,Yes,No,No,Yes,Yes,No,Yes,No,Yes,No,64.1,2310.11,No
43,One year,Fiber optic,Credit card,0,No,No,Yes,Yes,No,No,No,Yes,Yes,Yes,86.17,3527.1,No
0,Month-to-month,DSL,Mailed check,0,No,No,Yes,Yes,No,No,No,No,Yes,No,48.39,48.25,Yes
33,One year,Fiber optic,Electronic check,0,No,No,Yes,Yes,Yes,Yes,No,Yes,No,No,85.06,2745.38,No
49,One year,No,Bank transfer,0,Yes,No,Yes,Yes,No internet service,No internet service,No internet service,No internet service,No internet service,No internet service,18.0,876.07,No
72,Two year,Fiber optic,Electronic check,0,No,Yes,No,Yes,Yes,No,No,No,No,Yes,82.76,6150.78,No
17,Month-to-month,No,Electronic check,1,No,No,Yes,Yes,No internet service,No internet service,No internet service,No internet service,No internet service,No internet service,21.19,350.62,Yes
53,Month-to-month,Fiber optic,Electronic check,0,Yes,Yes,Yes,Yes,Yes,No,No,Yes,Yes,No,89.88,4917.0,No
29,Month-to-month,DSL,Credit card,0,No,Yes,Yes,Yes,Yes,No,Yes,No,No,Yes,61.87,1860.97,Yes
19,Month-to-month,Fiber optic,Credit card,0,Yes,No,Yes,Yes,Yes,No,Yes,No,Yes,Yes,89.82,1667.73,Yes
38,Month-to-month,Fiber optic,Credit card,1,Yes,No,Yes,Yes,Yes,Yes,No,No,No,Yes,91.42,3471.48,No
10,Month-to-month,Fiber optic,Electronic check,1,Yes,Yes,Yes,Yes,Yes,No,Yes,Yes,Yes,Yes,98.46,982.48,No
1,Month-to-month,DSL,Mailed check,0,Yes,No,Yes,No,No,Yes,Yes,Yes,No,No,64.6,62.19,No
53,One year,Fiber optic,Credit card,0,No,No,No,Yes,Yes,No,Yes,No,Yes,Yes,92.94,5131.29,No
26,Month-to-month,DSL,Electronic check,0,Yes,No,No,Yes,No,Yes,No,No,Yes,No,53.24,1407.49,No
55,One year,No,Mailed check,0,Yes,No,Yes,Yes,No internet service,No internet service,No internet service,No internet service,No internet service,No internet service,18.33,1026.53,No
34,Month-to-month,Fiber optic,Electronic check,0,Yes,No,Yes,No,No,No,No,Yes,Yes,No,84.56,2948.33,Yes
70,One year,Fiber optic,Bank transfer,0,No,No,No,Yes,Yes,Yes,Yes,Yes,Yes,Yes,104.23,7048.48,No
0,Month-to-month,Fiber optic,Bank transfer,1,No,No,No,Yes,Yes,No,Yes,No,Yes,Yes,97.79,100.13,No
48,Two year,Fiber optic,Electronic check,0,Yes,Yes,Yes,Yes,No,No,No,No,Yes,No,69.52,3240.68,No
49,Two year,DSL,Electronic check,0,No,Yes,Yes,Yes,Yes,No,Yes,No,Yes,No,65.45,3325.65,No
37,Month-to-month,DSL,Bank transfer,0,No,No,No,Yes,No,Yes,No,No,Yes,No,58.08,2121.07,Yes
44,One year,Fiber optic,Bank transfer,0,No,No,Yes,Yes,No,No,No,No,Yes,No,71.58,3265.6,No
37,Month-to-month,Fiber optic,Electronic check,0,No,No,Yes,Yes,No,No,Yes,No,Yes,Yes,87.7,3290.11,Yes
43,One year,DSL,Electronic check,0,Yes,No,Yes,Yes,No,No,Yes,No,No,No,45.71,1947.7,No
18,Month-to-month,Fiber optic,Credit card,0,No,No,No,Yes,Yes,Yes,No,No,No,Yes,89.52,1603.76,No
29,Month-to-month,DSL,Bank transfer,0,No,No,Yes,Yes,No,Yes,No,No,Yes,No,58.9,1722.66,No
22,Month-to-month,No,Bank transfer,0,No,No,Yes,Yes,No internet service,No internet service,No internet service,No internet service,No internet service,No internet service,18.67,391.18,Yes
60,Two year,Fiber optic,Bank transfer,0,No,Yes,No,Yes,Yes,No,Yes,Yes,Yes,Yes,100.13,5806.98,No
28,Month-to-month,DSL,Credit card,0,No,No,Yes,Yes,No,Yes,No,No,No,Yes,58.36,1678.67,No
45,One year,No,Electronic check,0,No,No,Yes,Yes,No internet service,No internet service,No internet service,No internet service,No internet service,No internet service,18.0,810.67,Yes
34,Month-to-month,DSL,Electronic check,0,Yes,No,Yes,Yes,No,No,Yes,Yes,Yes,Yes,71.89,2457.07,Yes
19,Month-to-month,DSL,Mailed check,0,No,No,No,Yes,Yes,No,Yes,Yes,No,No,61.52,1163.32,Yes
21,Month-to-month,DSL,Credit card,0,No,No,No,Yes,Yes,Yes,No,No,Yes,No,62.5,1374.86,No
38,Two year,DSL,Electronic check,0,No,No,No,Yes,No,Yes,No,No,Yes,Yes,63.65,2423.81,No
70,Two year,DSL,Electronic check,0,Yes,No,No,No,Yes,No,No,No,Yes,No,58.72,4268.94,No
45,Month-to-month,DSL,Electronic check,0,No,No,No,Yes,No,No,No,Yes,Yes,Yes,65.27,2900.64,No
9,One year,DSL,Bank transfer,0,Yes,No,No,Yes,No,No,No,No,No,No,42.58,376.59,No
28,Month-to-month,DSL,Bank transfer,0,Yes,No,Yes,Yes,Yes,No,No,Yes,No,Yes,64.56,1751.91,No
16,Month-to-month,Fiber optic,Mailed check,0,Yes,No,No,Yes,Yes,Yes,Yes,Yes,Yes,Yes,101.7,1553.35,Yes
15,Month-to-month,No,Electronic check,0,Yes,No,Yes,Yes,No internet service,No internet service,No internet service,No internet service,No internet service,No internet service,19.79,299.82,Yes
28,Month-to-month,Fiber optic,Bank transfer,0,Yes,No,No,Yes,Yes,No,Yes,Yes,No,Yes,83.16,2329.65,No
18,Month-to-month,Fiber optic,Electronic check,0,Yes,Yes,Yes,Yes,Yes,No,No,No,Yes,Yes,79.46,1429.01,Yes
44,One year,Fiber optic,Bank transfer,0,Yes,No,Yes,Yes,Yes,Yes,No,Yes,Yes,No,92.36,4005.43,No
12,Month-to-month,Fiber optic,Electronic check,1,Yes,No,Yes,Yes,No,No,No,No,Yes,No,68.65,816.17,Yes
72,Two year,DSL,Credit card,0,Yes,Yes,Yes,Yes,No,No,Yes,No,No,No,52.57,3851.45,No
34,One year,Fiber optic,Mailed check,0,No,No,No,No,No,No,No,No,No,Yes,66.8,2223.38,No
42,Two year,DSL,Bank transfer,0,No,No,No,Yes,Yes,No,No,Yes,Yes,Yes,69.54,2784.12,No
44,One year,DSL,Electronic check,1,Yes,No,No,Yes,No,Yes,Yes,Yes,Yes,Yes,80.85,3576.38,No
41,Two year,Fiber optic,Electronic check,1,No,No,Yes,No,No,Yes,No,No,Yes,No,79.15,3254.55,No
22,Month-to-month,Fiber optic,Bank transfer,0,No,No,No,Yes,No,No,No,Yes,Yes,Yes,83.1,1821.09,Yes
44,Month-to-month,DSL,Mailed check,0,No,No,Yes,Yes,No,No,Yes,No,No,No,52.66,2328.32,No
17,Month-to-month,DSL,Bank transfer,0,Yes,No,Yes,Yes,No,No,Yes,No,No,Yes,53.8,877.39,Yes
32,Two year,Fiber optic,Mailed check,0,No,No,No,Yes,No,No,Yes,No,No,No,70.19,2263.58,No
11,Month-to-month,Fiber optic,Mailed check,0,Yes,No,Yes,Yes,Yes,No,No,No,Yes,No,76.02,846.53,No
51,One year,Fiber optic,Credit card,0,Yes,Yes,No,Yes,Yes,No,No,No,No,Yes,77.07,4043.81,No
40,One year,Fiber optic,Mailed check,0,No,No,Yes,Yes,Yes,No,No,No,No,No,68.08,2833.96,No
29,Month-to-month,Fiber optic,Credit card,0,Yes,No,No,Yes,No,Yes,Yes,Yes,No,Yes,89.22,2636.48,No
44,Two year,No,Mailed check,0,Yes,Yes,No,Yes,No internet service,No internet service,No internet service,No internet service,No internet service,No internet service,19.24,842.98,No
11,Month-to-month,Fiber optic,Electronic check,0,Yes,No,Yes,Yes,No,No,No,Yes,Yes,Yes,85.33,923.14,No
28,Month-to-month,Fiber optic,Bank transfer,0,No,Yes,Yes,Yes,No,No,No,No,No,No,68.03,1855.06,No
64,One year,No,Electronic check,0,Yes,Yes,Yes,Yes,No internet service,No internet service,No internet service,No internet service,No internet service,No internet service,22.28,1386.84,No
12,Month-to-month,DSL,Electronic check,0,Yes,Yes,Yes,Yes,Yes,No,No,No,No,No,55.7,700.58,No
19,Month-to-month,Fiber optic,Electronic check,1,Yes,No,No,Yes,No,No,No,No,No,Yes,72.59,1385.8,Yes
36,Month-to-month,DSL,Mailed check,0,Yes,Yes,No,Yes,No,Yes,Yes,No,Yes,Yes,71.2,2655.94,No
20,Month-to-month,No,Bank transfer,0,Yes,No,Yes,Yes,No internet service,No internet service,No internet service,No internet service,No internet service,No internet service,18.04,344.09,No
64,Two year,Fiber optic,Electronic check,0,Yes,No,Yes,Yes,Yes,No,Yes,No,Yes,Yes,99.12,6236.92,No
42,Two year,Fiber optic,Electronic check,0,Yes,No,Yes,Yes,No,No,Yes,Yes,No,Yes,85.36,3512.63,No
18,Month-to-month,No,Electronic check,0,Yes,No,No,Yes,No internet service,No internet service,No internet service,No internet service,No internet service,No internet service,22.82,408.98,Yes
8,Month-to-month,No,Electronic check,0,No,No,Yes,Yes,No internet service,No internet service,No internet service,No internet service,No internet service,No internet service,19.66,160.17,Yes
0,Month-to-month,No,Electronic check,0,No,No,No,Yes,No internet service,No internet service,No internet service,No internet service,No internet service,No internet service,22.6,23.24,No
40,Two year,Fiber optic,Electronic check,0,Yes,No,No,Yes,Yes,No,No,No,No,Yes,75.79,2998.83,No
45,One year,No,Credit card,0,Yes,No,Yes,Yes,No internet service,No internet service,No internet service,No internet service,No internet service,No internet service,21.36,987.26,No
27,Month-to-month,Fiber optic,Bank transfer,0,No,Yes,Yes,Yes,No,No,Yes,Yes,No,No,81.35,2090.06,No
30,Month-to-month,DSL,Electronic check,0,No,Yes,Yes,Yes,No,Yes,No,No,Yes,No,58.29,1755.65,No
62,Two year,No,Electronic check,0,Yes,No,No,Yes,No internet service,No internet service,No internet service,No internet service,No internet service,No internet service,20.48,1254.77,No
50,Two year,Fiber optic,Electronic check,1,Yes,Yes,Yes,Yes,Yes,Yes,No,No,No,No,76.91,3922.93,No
0,Month-to-month,Fiber optic,Mailed check,0,No,No,Yes,Yes,Yes,Yes,No,No,No,No,79.58,79.53,Yes
36,Two year,DSL,Mailed check,0,Yes,Yes,No,Yes,Yes,No,No,No,Yes,No,59.01,2223.26,No
36,Month-to-month,No,Credit card,0,Yes,Yes,Yes,Yes,No internet service,No internet service,No internet service,No internet service,No internet service,No internet service,21.63,798.91,No
5,Month-to-month,Fiber optic,Bank transfer,0,Yes,No,Yes,Yes,No,Yes,No,No,Yes,Yes,82.42,420.91,No
37,One year,No,Mailed check,0,No,Yes,Yes,Yes,No internet service,No internet service,No internet service,No internet service,No internet service,No internet service,22.53,871.74,No
19,Month-to-month,Fiber optic,Electronic check,0,Yes,No,Yes,Yes,No,No,No,No,Yes,Yes,78.34,1427.2,Yes
0,Month-to-month,Fiber optic,Bank transfer,0,Yes,Yes,No,Yes,Yes,Yes,No,No,Yes,No,84.64,84.05,No
59,Two year,Fiber optic,Credit card,0,Yes,No,No,No,No,No,Yes,Yes,Yes,No,84.91,5090.28,No
72,Two year,No,Electronic check,0,No,No,No,Yes,No internet service,No internet service,No internet service,No internet service,No internet service,No internet service,23.62,1643.15,No
18,Month-to-month,Fiber optic,Credit card,1,No,No,Yes,Yes,Yes,Yes,Yes,No,Yes,Yes,95.62,1707.44,No
34,One year,DSL,Electronic check,0,No,No,Yes,No,Yes,No,Yes,No,Yes,No,66.72,2233.48,No
35,Two year,Fiber optic,Bank transfer,0,No,No,Yes,No,Yes,Yes,No,No,No,No,76.84,2644.48,No
34,One year,No,Electronic check,0,No,Yes,Yes,Yes,No internet service,No internet service,No internet service,No internet service,No internet service,No internet service,18.0,595.13,No
63,Two year,No,Bank transfer,0,Yes,No,No,Yes,No internet service,No internet service,No internet service,No internet service,No internet service,No internet service,21.04,1371.02,No
38,One year,Fiber optic,Electronic check,0,No,No,Yes,Yes,Yes,No,No,No,Yes,Yes,84.86,3147.9,No
11,Month-to-month,Fiber optic,Mailed check,0,No,No,Yes,Yes,No,Yes,No,Yes,No,Yes,85.06,936.38,No
34,Month-to-month,Fiber optic,Bank transfer,0,Yes,Yes,Yes,Yes,No,Yes,No,Yes,Yes,Yes,90.33,3041.78,No
50,Two year,Fiber optic,Bank transfer,0,No,No,Yes,Yes,No,No,No,Yes,No,Yes,75.14,3790.4,No
47,Two year,No,Bank transfer,0,Yes,No,No,Yes,No internet service,No internet service,No internet service,No internet service,No internet service,No internet service,20.63,1016.65,No
20,Month-to-month,DSL,Electronic check,1,Yes,No,No,Yes,No,No,Yes,No,Yes,Yes,67.34,1381.6,No
39,Month-to-month,Fiber optic,Bank transfer,0,Yes,No,No,Yes,Yes,Yes,Yes,No,Yes,Yes,96.03,3714.5,No
52,Two year,DSL,Electronic check,0,No,No,Yes,Yes,Yes,No,No,No,No,Yes,58.75,3068.31,No
4,Month-to-month,DSL,Bank transfer,0,No,Yes,Yes,Yes,No,No,Yes,No,No,Yes,56.23,221.76,No
27,Month-to-month,Fiber optic,Electronic check,0,No,No,No,Yes,Yes,No,Yes,No,No,Yes,84.19,2380.9,No
49,Two year,Fiber optic,Mailed check,0,No,No,No,Yes,No,No,No,No,No,Yes,72.15,3515.27,No
63,Two year,Fiber optic,Mailed check,1,Yes,No,No,Yes,No,No,No,No,No,No,65.17,4135.07,No
21,Two year,DSL,Credit card,0,No,No,Yes,No,Yes,No,No,No,Yes,No,54.97,1106.3,No
39,One year,Fiber optic,Bank transfer,0,Yes,No,No,No,No,No,No,No,No,Yes,70.7,2712.67,No
14,Month-to-month,DSL,Electronic check,0,No,Yes,Yes,Yes,No,No,No,No,No,Yes,50.71,735.55,Yes
39,Two year,Fiber optic,Bank transfer,0,Yes,No,Yes,No,Yes,Yes,No,No,Yes,Yes,96.09,3798.58,No
0,Month-to-month,DSL,Electronic check,1,Yes,No,No,Yes,No,Yes,No,No,Yes,Yes,60.86,58.28,No
14,Month-to-month,Fiber optic,Electronic check,0,No,No,No,Yes,Yes,Yes,No,No,No,Yes,83.36,1193.03,Yes
37,Two year,DSL,Mailed check,1,Yes,Yes,Yes,Yes,Yes,No,Yes,Yes,No,Yes,68.9,2613.79,No
0,One year,Fiber optic,Bank transfer,1,Yes,No,No,Yes,Yes,Yes,No,Yes,No,Yes,95.84,95.79,No
35,Two year,Fiber optic,Credit card,0,No,Yes,Yes,Yes,Yes,No,No,Yes,No,No,74.17,2677.02,No
0,Month-to-month,Fiber optic,Credit card,0,No,No,Yes,Yes,No,No,No,Yes,Yes,Yes,82.59,82.85,No
54,Two year,DSL,Electronic check,0,Yes,Yes,No,Yes,No,No,Yes,No,No,Yes,55.56,2980.05,No
19,One year,DSL,Electronic check,0,No,No,No,Yes,Yes,No,Yes,No,No,No,53.49,969.95,No
38,One year,Fiber optic,Credit card,0,No,No,Yes,Yes,Yes,No,No,No,Yes,Yes,80.83,2939.41,Yes
39,Two year,DSL,Electronic check,0,Yes,No,No,Yes,No,No,No,Yes,No,Yes,52.92,1967.82,No
31,Month-to-month,DSL,Bank transfer,0,Yes,No,Yes,Yes,No,No,No,No,Yes,No,52.15,1611.51,No
44,One year,DSL,Credit card,0,No,Yes,Yes,Yes,Yes,No,No,Yes,No,Yes,63.93,2880.24,Yes
33,One year,DSL,Electronic check,0,No,Yes,No,Yes,No,No,No,No,No,No,43.24,1376.94,Yes
56,Two year,Fiber optic,Mailed check,0,Yes,No,No,Yes,No,No,Yes,No,No,Yes,79.75,4660.03,No
63,Two year,DSL,Credit card,0,No,No,Yes,Yes,Yes,Yes,Yes,No,Yes,Yes,78.8,5193.74,No
39,One year,DSL,Bank transfer,0,No,No,Yes,Yes,No,No,Yes,Yes,No,Yes,63.97,2581.42,No
20,Month-to-month,DSL,Credit card,0,No,Yes,No,Yes,Yes,Yes,No,No,Yes,No,67.69,1290.05,Yes
0,Month-to-month,Fiber optic,Bank transfer,0,No,No,No,Yes,Yes,Yes,No,Yes,No,No,88.35,89.2,No
46,Two year,DSL,Electronic check,0,No,No,Yes,Yes,No,No,No,No,Yes,No,48.0,2310.2,No
42,Two year,Fiber optic,Credit card,0,Yes,No,Yes,No,Yes,No,No,No,Yes,No,76.27,3117.12,No
71,Two year,DSL,Bank transfer,0,No,No,Yes,Yes,No,Yes,Yes,Yes,Yes,No,73.75,5381.03,No
12,Month-to-month,Fiber optic,Credit card,0,No,No,Yes,Yes,No,Yes,No,No,Yes,Yes,83.71,1049.54,No
7,Month-to-month,Fiber optic,Mailed check,0,No,No,Yes,No,No,No,No,No,Yes,No,70.32,487.43,Yes
47,One year,DSL,Mailed check,0,No,Yes,No,Yes,No,Yes,Yes,No,No,Yes,67.29,3215.36,No
14,One year,No,Electronic check,0,Yes,No,Yes,Yes,No internet service,No internet service,No internet service,No internet service,No internet service,No internet service,21.41,313.86,No
17,Month-to-month,Fiber optic,Electronic check,0,No,No,No,Yes,No,No,Yes,Yes,Yes,No,82.83,1352.73,Yes
6,One year,DSL,Credit card,0,No,No,Yes,Yes,No,No,No,Yes,No,No,55.33,316.22,No
6,Month-to-month,DSL,Credit card,1,Yes,No,No,Yes,Yes,No,Yes,No,Yes,Yes,70.98,446.75,No
11,Month-to-month,No,Mailed check,0,Yes,No,No,Yes,No internet service,No internet service,No internet service,No internet service,No internet service,No internet service,18.0,195.84,No
41,Month-to-month,DSL,Credit card,0,No,No,Yes,Yes,Yes,No,Yes,No,Yes,Yes,74.03,2985.4,Yes
16,Month-to-month,Fiber optic,Mailed check,0,Yes,No,Yes,Yes,Yes,No,Yes,No,Yes,Yes,87.45,1330.72,Yes
4,Month-to-month,Fiber optic,Credit card,0,No,No,No,Yes,No,No,No,No,No,No,65.53,258.78,No
52,Two year,DSL,Bank transfer,0,Yes,Yes,Yes,Yes,No,Yes,Yes,No,Yes,Yes,69.58,3630.57,No
61,One year,Fiber optic,Bank transfer,0,No,No,Yes,Yes,Yes,No,Yes,Yes,No,Yes,87.21,5069.76,No
21,Two year,No,Bank transfer,0,Yes,No,Yes,Yes,No internet service,No internet service,No internet service,No internet service,No internet service,No internet service,21.81,450.46,No
30,Month-to-month,No,Bank transfer,0,No,No,Yes,Yes,No internet service,No internet service,No internet service,No internet service,No internet service,No internet service,19.3,574.61,Yes
24,Month-to-month,No,Credit card,1,No,Yes,Yes,Yes,No internet service,No internet service,No internet service,No internet service,No internet service,No internet service,21.76,521.89,No
16,Month-to-month,Fiber optic,Mailed check,0,Yes,No,No,Yes,Yes,No,No,No,Yes,No,77.04,1184.39,Yes
33,One year,DSL,Credit card,0,No,No,No,Yes,No,Yes,Yes,No,Yes,Yes,66.08,2127.82,No
41,Month-to-month,DSL,Electronic check,0,Yes,No,Yes,Yes,No,No,No,No,No,No,45.75,1871.11,No
49,One year,Fiber optic,Electronic check,0,Yes,Yes,Yes,Yes,Yes,No,No,No,Yes,Yes,89.3,4555.51,No
37,Two year,Fiber optic,Bank transfer,0,No,No,Yes,Yes,Yes,No,No,No,No,No,71.88,2535.31,Yes
54,Two year,Fiber optic,Bank transfer,0,No,No,Yes,Yes,Yes,Yes,No,Yes,No,No,83.11,4562.1,No
38,Month-to-month,Fiber optic,Credit card,0,No,No,Yes,No,Yes,Yes,No,Yes,No,No,86.16,3248.44,No
27,Month-to-month,No,Electronic check,0,No,No,Yes,Yes,No internet service,No internet service,No internet service,No internet service,No internet service,No internet service,18.98,530.67,Yes
22,Month-to-month,No,Electronic check,0,No,No,Yes,Yes,No internet service,No internet service,No internet service,No internet service,No internet service,No internet service,18.0,395.4,No
0,Month-to-month,Fiber optic,Mailed check,0,Yes,No,Yes,Yes,No,No,Yes,Yes,Yes,Yes,91.14,94.97,Yes
72,One year,DSL,Credit card,0,Yes,No,Yes,Yes,Yes,No,No,Yes,No,Yes,63.92,4488.51,No
30,Month-to-month,Fiber optic,Credit card,0,No,No,Yes,Yes,No,No,Yes,Yes,No,Yes,87.76,2533.91,Yes
67,One year,Fiber optic,Credit card,0,Yes,Yes,No,Yes,No,Yes,Yes,No,No,No,76.15,5040.92,No
23,Month-to-month,Fiber optic,Mailed check,1,No,Yes,Yes,Yes,Yes,Yes,No,No,Yes,No,85.97,1946.85,Yes
54,Two year,DSL,Credit card,0,No,No,No,Yes,No,No,No,No,Yes,Yes,58.9,3090.11,No
44,Two year,DSL,Electronic check,0,No,No,No,Yes,No,Yes,Yes,Yes,Yes,No,67.93,2929.5,No
34,Month-to-month,No,Credit card,1,Yes,Yes,No,Yes,No internet service,No internet service,No internet service,No internet service,No internet service,No internet service,22.22,756.88,No
72,Two year,No,Mailed check,1,No,No,Yes,Yes,No internet service,No internet service,No internet service,No internet service,No internet service,No internet service,18.0,1278.5,No
35,Month-to-month,Fiber optic,Mailed check,0,Yes,No,Yes,Yes,No,Yes,Yes,No,No,Yes,86.07,2912.88,Yes
72,One year,DSL,Bank transfer,1,No,No,Yes,Yes,Yes,Yes,Yes,No,Yes,No,72.13,5409.99,No
56,Two year,Fiber optic,Bank transfer,0,No,No,Yes,Yes,No,No,Yes,Yes,Yes,Yes,94.99,5132.08,No
44,Two year,Fiber optic,Electronic check,0,No,No,Yes,Yes,No,No,No,Yes,No,Yes,81.47,3529.23,No
58,Two year,DSL,Electronic check,0,Yes,Yes,Yes,Yes,Yes,No,No,No,No,No,54.31,3175.45,No
31,Month-to-month,Fiber optic,Bank transfer,0,Yes,Yes,No,Yes,No,Yes,No,Yes,No,No,76.29,2313.81,No
50,Two year,Fiber optic,Credit card,1,Yes,Yes,No,Yes,No,Yes,Yes,No,Yes,No,83.82,4270.85,No
37,One year,Fiber optic,Bank transfer,0,No,No,Yes,Yes,Yes,Yes,No,Yes,No,No,82.95,2935.71,No
21,Month-to-month,Fiber optic,Electronic check,0,No,No,Yes,Yes,No,Yes,Yes,No,Yes,No,84.64,1742.22,Yes
26,Month-to-month,No,Bank transfer,0,No,Yes,Yes,Yes,No internet service,No internet service,No internet service,No internet service,No internet service,No internet service,21.66,589.55,Yes
56,Two year,Fiber optic,Electronic check,1,Yes,No,No,No,No,No,Yes,Yes,No,Yes,83.5,4744.61,No
41,One year,DSL,Electronic check,0,Yes,No,No,Yes,No,No,Yes,No,Yes,No,54.93,2189.42,Yes
28,Month-to-month,No,Electronic check,0,No,Yes,No,Yes,No internet service,No internet service,No internet service,No internet service,No internet service,No internet service,18.0,491.69,No
66,Two year,DSL,Mailed check,0,No,No,Yes,Yes,No,Yes,No,Yes,No,Yes,70.34,4818.13,No
30,One year,Fiber optic,Electronic check,0,No,No,Yes,Yes,Yes,No,No,No,No,Yes,80.53,2487.21,No
0,Month-to-month,No,Electronic check,1,Yes,No,Yes,No,No internet service,No internet service,No internet service,No internet service,No internet service,No internet service,21.11,21.74,Yes
1,Month-to-month,Fiber optic,Electronic check,1,Yes,No,Yes,Yes,No,No,No,Yes,No,No,74.1,76.65,Yes
45,One year,Fiber optic,Bank transfer,0,No,No,Yes,Yes,No,No,Yes,No,No,Yes,78.78,3398.16,No
42,Two year,DSL,Electronic check,0,No,Yes,No,Yes,Yes,Yes,No,No,Yes,Yes,64.59,2708.02,No
42,One year,Fiber optic,Electronic check,1,No,No,No,Yes,Yes,Yes,No,Yes,No,Yes,88.69,3834.83,No
17,Month-to-month,No,Mailed check,0,No,Yes,No,No,No internet service,No internet service,No internet service,No internet service,No internet service,No internet service,20.0,333.76,No
39,One year,Fiber optic,Bank transfer,0,No,Yes,Yes,Yes,Yes,No,Yes,No,No,No,78.57,3213.21,Yes
46,One year,DSL,Credit card,0,No,No,No,Yes,No,No,Yes,No,No,Yes,60.8,2901.71,No
72,Two year,DSL,Mailed check,0,No,Yes,Yes,Yes,Yes,No,Yes,No,Yes,No,66.06,4718.96,No
18,Month-to-month,No,Bank transfer,0,Yes,No,Yes,Yes,No internet service,No internet service,No internet service,No internet service,No internet service,No internet service,19.61,370.39,Yes
21,One year,Fiber optic,Credit card,0,Yes,No,Yes,Yes,Yes,No,No,Yes,No,No,79.68,1712.62,No
23,Month-to-month,Fiber optic,Bank transfer,0,No,Yes,Yes,Yes,No,Yes,No,No,Yes,No,76.25,1721.03,No
29,Month-to-month,No,Mailed check,0,No,No,Yes,Yes,No internet service,No internet service,No internet service,No internet service,No internet service,No internet service,18.0,523.74,No
2,One year,DSL,Electronic check,0,No,No,Yes,Yes,No,No,No,No,No,No,44.41,91.95,No
26,One year,Fiber optic,Electronic check,0,Yes,No,Yes,Yes,No,No,No,Yes,Yes,No,79.8,2178.0,Yes
18,Month-to-month,Fiber optic,Electronic check,0,No,Yes,Yes,Yes,No,Yes,Yes,No,Yes,Yes,93.52,1629.52,No
46,Two year,No,Mailed check,0,Yes,Yes,No,Yes,No internet service,No internet service,No internet service,No internet service,No internet service,No internet service,19.21,892.71,No
20,Month-to-month,DSL,Credit card,0,Yes,No,Yes,Yes,No,No,No,No,No,Yes,51.89,1063.66,No
8,Month-to-month,DSL,Electronic check,0,No,No,Yes,Yes,No,Yes,No,No,No,No,49.47,401.87,Yes
33,Month-to-month,No,Mailed check,0,No,No,Yes,Yes,No internet service,No internet service,No internet service,No internet service,No internet service,No internet service,21.03,716.27,Yes
19,Month-to-month,Fiber optic,Credit card,0,Yes,No,Yes,Yes,No,No,No,Yes,No,Yes,77.91,1511.47,No
9,One year,Fiber optic,Bank transfer,0,No,No,No,Yes,No,No,No,No,Yes,Yes,72.06,657.53,Yes
66,Two year,DSL,Electronic check,1,No,Yes,No,Yes,Yes,Yes,Yes,Yes,Yes,Yes,78.3,5341.67,No
51,One year,No,Credit card,0,Yes,No,No,Yes,No internet service,No internet service,No internet service,No internet service,No internet service,No internet service,21.44,1082.48,No
17,Month-to-month,Fiber optic,Electronic check,0,Yes,Yes,No,Yes,No,Yes,No,No,No,Yes,82.33,1406.39,Yes
0,Month-to-month,DSL,Electronic check,0,No,Yes,No,No,No,No,No,No,Yes,Yes,59.7,60.0,No
32,Month-to-month,Fiber optic,Mailed check,0,No,Yes,Yes,Yes,No,Yes,No,No,No,No,73.54,2356.42,No
22,One year,Fiber optic,Electronic check,0,No,No,No,Yes,No,No,Yes,Yes,No,No,79.04,1691.0,No
12,Month-to-month,No,Credit card,0,Yes,No,Yes,Yes,No internet service,No internet service,No internet service,No internet service,No internet service,No internet service,20.86,250.67,No
9,Month-to-month,Fiber optic,Electronic check,0,No,No,Yes,Yes,Yes,No,Yes,No,No,Yes,86.71,777.76,Yes
31,Two year,Fiber optic,Credit card,1,No,Yes,No,Yes,No,No,Yes,Yes,No,Yes,81.89,2472.53,No
38,One year,DSL,Electronic check,0,Yes,Yes,No,Yes,No,Yes,No,Yes,Yes,Yes,67.4,2438.31,No
21,Month-to-month,Fiber optic,Credit card,0,No,Yes,Yes,No,No,No,No,No,Yes,No,67.04,1464.03,Yes
20,Month-to-month,Fiber optic,Electronic check,0,Yes,No,No,Yes,No,No,No,No,No,No,65.38,1271.37,Yes
35,One year,No,Credit card,0,No,No,Yes,No,No internet service,No internet service,No internet service,No internet service,No internet service,No internet service,20.45,713.79,No
6,Month-to-month,Fiber optic,Electronic check,0,Yes,Yes,Yes,Yes,No,No,Yes,No,Yes,No,80.39,483.76,No
42,Month-to-month,DSL,Credit card,0,Yes,No,Yes,Yes,No,No,Yes,Yes,Yes,No,64.05,2600.73,No
57,Two year,Fiber optic,Credit card,0,Yes,No,No,Yes,No,No,No,Yes,Yes,No,82.27,4668.99,No
3,Month-to-month,Fiber optic,Bank transfer,0,Yes,No,No,Yes,No,No,Yes,Yes,Yes,No,85.83,247.74,No
25,Month-to-month,DSL,Electronic check,0,Yes,No,No,Yes,Yes,Yes,No,No,Yes,Yes,75.57,1796.94,No
24,Month-to-month,Fiber optic,Bank transfer,0,Yes,No,Yes,Yes,No,No,Yes,No,No,No,77.02,1812.74,No
28,Month-to-month,No,Bank transfer,0,No,Yes,Yes,Yes,No internet service,No internet service,No internet service,No internet service,No internet service,No internet service,18.0,520.49,No
17,Month-to-month,No,Mailed check,0,Yes,No,Yes,Yes,No internet service,No internet service,No internet service,No internet service,No internet service,No internet service,20.97,342.15,No
8,Month-to-month,No,Bank transfer,0,Yes,Yes,No,Yes,No internet service,No internet service,No internet service,No internet service,No internet service,No internet service,20.48,168.21,No
16,One year,Fiber optic,Credit card,1,Yes,No,No,Yes,No,No,Yes,No,No,Yes,77.31,1194.85,Yes
10,Month-to-month,Fiber optic,Credit card,0,No,No,No,Yes,No,Yes,Yes,Yes,Yes,No,92.52,962.51,No
27,Two year,No,Mailed check,0,Yes,No,Yes,Yes,No internet service,No internet service,No internet service,No internet service,No internet service,No internet service,19.67,529.08,No
59,Two year,DSL,Electronic check,0,No,No,Yes,No,No,No,No,Yes,No,No,52.6,3131.8,No
0,Month-to-month,DSL,Electronic check,0,Yes,No,Yes,Yes,No,No,No,Yes,Yes,No,57.48,57.43,Yes
12,Month-to-month,No,Bank transfer,0,Yes,Yes,Yes,Yes,No internet service,No internet service,No internet service,No internet service,No internet service,No internet service,18.0,212.82,No
66,Two year,Fiber optic,Credit card,0,No,No,No,No,No,No,No,No,No,Yes,75.6,5164.11,No
50,Two year,Fiber optic,Mailed check,0,No,No,Yes,Yes,No,No,No,Yes,Yes,No,82.88,4326.02,No
53,Two year,DSL,Electronic check,0,No,Yes,No,Yes,No,Yes,No,Yes,Yes,No,62.12,3302.76,No
25,Month-to-month,DSL,Mailed check,0,Yes,Yes,Yes,Yes,Yes,Yes,No,No,Yes,Yes,71.57,1832.03,No
26,Month-to-month,Fiber optic,Mailed check,0,Yes,No,No,No,No,No,No,No,No,No,62.9,1649.62,No
35,Month-to-month,DSL,Credit card,0,Yes,No,No,Yes,No,No,Yes,Yes,No,Yes,65.36,2340.08,Yes
63,Two year,No,Bank transfer,1,Yes,No,No,Yes,No internet service,No internet service,No internet service,No internet service,No internet service,No internet service,21.75,1314.11,No
44,One year,Fiber optic,Electronic check,0,No,No,No,Yes,No,No,No,Yes,No,No,70.02,3177.11,No
0,Month-to-month,Fiber optic,Electronic check,0,Yes,No,Yes,Yes,Yes,No,Yes,No,No,No,78.64,82.15,Yes
42,One year,DSL,Electronic check,0,Yes,No,Yes,Yes,No,No,Yes,No,Yes,No,55.64,2298.57,No
45,Month-to-month,No,Bank transfer,1,Yes,No,Yes,Yes,No internet service,No internet service,No internet service,No internet service,No internet service,No internet service,21.45,975.73,No
48,One year,No,Bank transfer,0,Yes,No,Yes,Yes,No internet service,No internet service,No internet service,No internet service,No internet service,No internet service,18.0,849.35,No
34,Month-to-month,Fiber optic,Electronic check,0,Yes,Yes,No,Yes,Yes,Yes,No,Yes,Yes,Yes,97.96,3363.78,Yes
27,One year,No,Electronic check,0,Yes,No,Yes,Yes,No internet service,No internet service,No internet service,No internet service,No internet service,No internet service,23.74,642.68,No
37,One year,DSL,Credit card,0,No,No,Yes,Yes,Yes,No,No,Yes,Yes,Yes,70.75,2561.19,No
47,One year,DSL,Credit card,0,No,No,No,Yes,Yes,No,No,No,Yes,Yes,65.9,3144.94,No
25,Month-to-month,Fiber optic,Bank transfer,0,Yes,No,No,Yes,Yes,No,No,No,Yes,Yes,88.76,2158.14,No
67,Two year,Fiber optic,Mailed check,1,Yes,No,No,Yes,Yes,No,Yes,No,No,No,78.56,5382.55,No
20,One year,DSL,Credit card,0,No,Yes,Yes,Yes,No,Yes,No,Yes,Yes,Yes,73.85,1531.87,Yes
5,Month-to-month,Fiber optic,Bank transfer,0,Yes,Yes,Yes,Yes,No,No,No,No,Yes,Yes,76.53,374.7,Yes
0,Month-to-month,Fiber optic,Credit card,0,No,No,Yes,Yes,No,No,No,No,Yes,No,78.14,82.02,Yes
42,One year,No,Electronic check,1,No,No,No,Yes,No internet service,No internet service,No internet service,No internet service,No internet service,No internet service,24.36,1024.45,No
15,Month-to-month,Fiber optic,Electronic check,0,No,Yes,No,Yes,No,Yes,Yes,No,Yes,Yes,100.91,1485.74,Yes
15,Month-to-month,No,Electronic check,0,No,No,No,Yes,No internet service,No internet service,No internet service,No internet service,No internet service,No internet service,20.36,315.8,Yes
7,Month-to-month,DSL,Credit card,0,Yes,No,No,Yes,No,Yes,No,Yes,No,No,60.65,427.49,No
5,Month-to-month,No,Bank transfer,0,Yes,No,Yes,Yes,No internet service,No internet service,No internet service,No internet service,No internet service,No internet service,18.61,91.63,No
18,Month-to-month,Fiber optic,Electronic check,0,No,No,Yes,Yes,No,Yes,No,Yes,No,No,77.1,1423.56,Yes
56,One year,DSL,Credit card,0,Yes,No,Yes,Yes,No,No,Yes,Yes,Yes,Yes,67.88,3917.49,Yes
43,Month-to-month,DSL,Credit card,0,Yes,No,Yes,Yes,No,No,No,Yes,No,Yes,60.11,2511.55,No
63,One year,No,Electronic check,0,No,Yes,No,Yes,No internet service,No internet service,No internet service,No internet service,No internet service,No internet service,21.81,1312.93,No
11,Month-to-month,Fiber optic,Bank transfer,0,No,No,Yes,Yes,Yes,Yes,No,Yes,No,Yes,92.84,1029.26,No
0,Month-to-month,Fiber optic,Bank transfer,0,Yes,No,No,No,No,No,No,No,Yes,Yes,80.42,81.43,Yes
32,Month-to-month,No,Electronic check,0,No,No,Yes,Yes,No internet service,No internet service,No internet service,No internet service,No internet service,No internet service,18.78,629.28,No
72,Two year,Fiber optic,Bank transfer,0,Yes,No,No,No,No,No,Yes,No,Yes,No,76.08,5536.26,No
61,Two year,DSL,Electronic check,0,No,Yes,Yes,Yes,Yes,No,Yes,No,Yes,No,66.04,4016.43,No
18,Month-to-month,Fiber optic,Credit card,0,Yes,No,Yes,Yes,Yes,Yes,Yes,No,Yes,No,90.0,1552.19,Yes
8,Month-to-month,Fiber optic,Credit card,0,No,Yes,No,Yes,No,Yes,Yes,No,Yes,Yes,95.7,751.36,Yes
28,Month-to-month,DSL,Credit card,0,No,No,Yes,Yes,No,No,No,Yes,Yes,No,56.21,1610.35,No
27,Month-to-month,DSL,Bank transfer,1,Yes,No,No,Yes,No,No,No,No,No,Yes,51.55,1387.15,No
59,Two year,DSL,Electronic check,0,No,No,No,Yes,No,Yes,Yes,No,No,Yes,65.88,4013.6,No
0,Month-to-month,DSL,Mailed check,1,Yes,No,Yes,Yes,Yes,No,No,No,No,No,48.9,46.8,No
38,Two year,DSL,Bank transfer,0,No,Yes,Yes,Yes,Yes,Yes,No,Yes,No,No,56.46,2092.26,No
36,One year,No,Electronic check,0,Yes,No,Yes,Yes,No internet service,No internet service,No internet service,No internet service,No internet service,No internet service,18.0,664.67,No
35,Month-to-month,Fiber optic,Bank transfer,1,Yes,Yes,Yes,Yes,No,No,Yes,No,Yes,No,82.84,3005.96,Yes
69,Two year,Fiber optic,Electronic check,1,Yes,No,Yes,Yes,Yes,Yes,No,No,No,No,78.25,5288.34,No
12,Month-to-month,Fiber optic,Electronic check,0,Yes,Yes,Yes,Yes,No,Yes,No,No,No,No,73.7,863.58,Yes
25,Two year,DSL,Mailed check,1,No,No,No,Yes,Yes,No,Yes,No,No,No,57.79,1497.82,No
39,Month-to-month,Fiber optic,Bank transfer,1,No,Yes,No,Yes,Yes,Yes,No,No,No,No,79.85,2964.9,No
72,Two year,DSL,Mailed check,0,No,Yes,Yes,Yes,No,No,Yes,No,No,Yes,56.63,4214.1,No
20,Month-to-month,DSL,Bank transfer,0,No,No,No,Yes,No,Yes,No,No,Yes,Yes,64.21,1318.44,No
11,Month-to-month,DSL,Mailed check,0,No,No,Yes,Yes,Yes,No,Yes,Yes,Yes,Yes,81.95,897.66,Yes
49,Two year,No,Bank transfer,0,Yes,Yes,Yes,Yes,No internet service,No internet service,No internet service,No internet service,No internet service,No internet service,20.84,1032.37,No
33,Month-to-month,DSL,Bank transfer,0,No,No,Yes,Yes,No,Yes,No,Yes,No,No,54.55,1888.95,No
27,Month-to-month,DSL,Bank transfer,0,No,No,Yes,Yes,Yes,Yes,No,Yes,Yes,Yes,80.29,2196.5,No
47,Two year,Fiber optic,Mailed check,0,Yes,No,Yes,Yes,No,No,No,Yes,Yes,Yes,87.6,4043.35,No
53,Month-to-month,DSL,Mailed check,1,Yes,No,No,No,No,No,Yes,Yes,No,No,57.63,3008.64,No
30,Two year,Fiber optic,Electronic check,0,Yes,Yes,Yes,Yes,No,No,No,No,No,No,66.29,2028.4,No
28,One year,No,Bank transfer,0,Yes,Yes,No,No,No internet service,No internet service,No internet service,No internet service,No internet service,No internet service,18.0,512.88,No
29,One year,Fiber optic,Electronic check,0,No,Yes,Yes,Yes,No,Yes,No,No,No,No,73.24,2229.65,No
20,Month-to-month,Fiber optic,Credit card,0,Yes,No,Yes,Yes,Yes,No,No,No,Yes,No,79.58,1627.28,No
36,Month-to-month,Fiber optic,Credit card,0,No,Yes,Yes,Yes,No,No,No,No,Yes,Yes,81.77,3017.48,Yes
67,Two year,DSL,Mailed check,0,Yes,Yes,Yes,Yes,Yes,No,No,No,No,No,53.73,3573.52,No
20,Month-to-month,No,Credit card,1,Yes,Yes,Yes,Yes,No internet service,No internet service,No internet service,No internet service,No internet service,No internet service,18.09,352.67,No
0,Month-to-month,Fiber optic,Bank transfer,0,Yes,No,Yes,Yes,Yes,No,No,No,Yes,No,77.95,81.53,No
33,Month-to-month,Fiber optic,Electronic check,0,Yes,No,No,Yes,Yes,Yes,Yes,Yes,No,Yes,100.16,3163.36,No
0,Month-to-month,Fiber optic,Bank transfer,0,No,No,Yes,Yes,No,No,No,Yes,Yes,Yes,90.18,87.18,No
32,One year,No,Credit card,0,No,No,No,Yes,No internet service,No internet service,No internet service,No internet service,No internet service,No internet service,18.0,589.75,No
53,Two year,No,Electronic check,0,Yes,No,Yes,Yes,No internet service,No internet service,No internet service,No internet service,No internet service,No internet service,19.44,984.66,No
41,Two year,Fiber optic,Electronic check,0,Yes,No,Yes,Yes,No,No,No,Yes,Yes,No,74.97,3034.94,Yes
41,Two year,DSL,Bank transfer,0,No,No,Yes,Yes,Yes,Yes,No,Yes,Yes,Yes,73.62,3167.03,No
32,Month-to-month,No,Mailed check,1,No,No,Yes,Yes,No internet service,No internet service,No internet service,No internet service,No internet service,No internet service,20.53,688.67,Yes
41,Month-to-month,DSL,Bank transfer,0,No,No,Yes,No,No,Yes,Yes,Yes,No,Yes,72.51,3059.89,No
17,Month-to-month,DSL,Bank transfer,0,Yes,Yes,Yes,Yes,No,Yes,Yes,No,Yes,No,62.91,1097.69,No
10,One year,DSL,Bank transfer,0,No,No,No,Yes,Yes,No,No,No,Yes,Yes,57.17,591.55,Yes
22,Month-to-month,DSL,Electronic check,0,Yes,No,Yes,Yes,No,No,Yes,No,Yes,No,54.72,1240.99,Yes
27,One year,Fiber optic,Mailed check,0,Yes,No,Yes,Yes,No,No,No,No,No,Yes,71.26,1850.17,No
24,Month-to-month,Fiber optic,Credit card,0,No,No,Yes,Yes,No,Yes,No,No,No,Yes,81.46,1868.14,Yes
59,Two year,Fiber optic,Mailed check,0,Yes,No,No,Yes,No,Yes,Yes,No,Yes,Yes,92.39,5571.13,No
24,Two year,Fiber optic,Mailed check,0,Yes,Yes,Yes,Yes,No,No,No,No,Yes,No,73.05,1818.63,No
48,Two year,Fiber optic,Electronic check,0,Yes,No,Yes,Yes,No,Yes,No,No,Yes,Yes,83.06,4025.35,No
28,Month-to-month,No,Electronic check,0,Yes,Yes,No,Yes,No internet service,No internet service,No internet service,No internet service,No internet service,No internet service,18.0,506.97,No
53,Two year,No,Mailed check,0,No,No,No,Yes,No internet service,No internet service,No internet service,No internet service,No internet service,No internet service,23.32,1263.9,No
0,Month-to-month,Fiber optic,Mailed check,0,Yes,Yes,Yes,Yes,No,No,Yes,No,Yes,Yes,88.51,90.25,No
29,Month-to-month,Fiber optic,Bank transfer,0,No,No,Yes,Yes,No,Yes,No,Yes,Yes,No,87.77,2524.21,No
0,Month-to-month,DSL,Bank transfer,0,No,No,Yes,Yes,Yes,No,No,No,Yes,No,55.58,55.62,No
22,Month-to-month,DSL,Credit card,1,Yes,Yes,No,Yes,No,No,Yes,Yes,No,Yes,66.48,1528.73,No
29,One year,Fiber optic,Credit card,1,Yes,No,No,No,No,Yes,No,Yes,Yes,No,82.2,2375.31,Yes
25,Month-to-month,No,Electronic check,0,Yes,No,Yes,Yes,No internet service,No internet service,No internet service,No internet service,No internet service,No internet service,22.35,531.71,No
14,Month-to-month,Fiber optic,Electronic check,0,Yes,Yes,Yes,Yes,No,No,Yes,No,No,No,73.33,1000.62,No
46,One year,Fiber optic,Credit card,0,Yes,No,Yes,Yes,No,Yes,No,No,Yes,No,76.11,3445.02,No
72,Two year,DSL,Electronic check,0,No,Yes,No,Yes,No,No,Yes,Yes,No,Yes,63.33,4516.51,No
49,One year,DSL,Mailed check,0,Yes,Yes,No,Yes,Yes,No,No,No,No,Yes,57.33,2673.36,No
49,One year,Fiber optic,Electronic check,0,No,No,Yes,Yes,No,No,Yes,Yes,No,No,84.63,4150.87,Yes
27,Month-to-month,DSL,Bank transfer,1,No,Yes,No,Yes,No,Yes,No,Yes,Yes,Yes,70.42,1863.33,Yes
27,Two year,No,Electronic check,0,Yes,No,No,Yes,No internet service,No internet service,No internet service,No internet service,No internet service,No internet service,19.71,506.49,No
19,Month-to-month,Fiber optic,Electronic check,0,Yes,Yes,No,Yes,No,Yes,No,Yes,Yes,Yes,94.55,1801.59,No
22,Month-to-month,DSL,Mailed check,1,Yes,Yes,Yes,Yes,No,Yes,No,No,Yes,Yes,65.02,1389.4,No
27,Month-to-month,Fiber optic,Bank transfer,0,Yes,No,No,Yes,Yes,No,No,No,Yes,No,78.21,2144.07,No
37,One year,DSL,Electronic check,1,Yes,No,Yes,Yes,Yes,No,No,Yes,Yes,Yes,71.26,2684.85,No
29,Month-to-month,Fiber optic,Bank transfer,0,No,No,Yes,Yes,No,Yes,Yes,Yes,No,Yes,96.18,2769.9,Yes
23,One year,Fiber optic,Mailed check,0,Yes,Yes,Yes,Yes,No,Yes,No,Yes,Yes,Yes,90.13,2107.36,No
50,Month-to-month,Fiber optic,Mailed check,0,Yes,No,No,Yes,No,No,Yes,No,No,Yes,80.53,4007.39,No
27,Month-to-month,No,Mailed check,0,Yes,No,Yes,No,No internet service,No internet service,No internet service,No internet service,No internet service,No internet service,20.64,560.4,No
3,Month-to-month,Fiber optic,Electronic check,0,No,No,Yes,Yes,Yes,No,No,No,No,Yes,79.53,228.39,No
40,Month-to-month,No,Electronic check,0,Yes,No,Yes,No,No internet service,No internet service,No internet service,No internet service,No internet service,No internet service,21.71,869.65,No
0,Month-to-month,Fiber optic,Credit card,0,No,Yes,Yes,Yes,Yes,No,No,Yes,No,No,77.81,76.97,No
38,One year,No,Electronic check,0,No,No,Yes,Yes,No internet service,No internet service,No internet service,No internet service,No internet service,No internet service,19.77,737.17,No
20,Month-to-month,DSL,Credit card,0,Yes,No,Yes,Yes,No,No,No,No,No,Yes,52.13,1026.03,Yes
11,Month-to-month,Fiber optic,Electronic check,1,No,No,Yes,Yes,No,No,No,No,Yes,Yes,80.01,850.14,Yes
36,One year,DSL,Mailed check,0,Yes,Yes,No,Yes,Yes,Yes,Yes,No,No,Yes,70.23,2653.31,No
19,Month-to-month,No,Bank transfer,0,No,Yes,Yes,Yes,No internet service,No internet service,No internet service,No internet service,No internet service,No internet service,22.22,430.88,No
1,Month-to-month,DSL,Credit card,0,Yes,No,Yes,No,No,No,No,No,No,No,44.05,42.16,Yes
22,Month-to-month,Fiber optic,Electronic check,0,No,No,Yes,Yes,No,No,Yes,No,No,Yes,85.64,1924.76,Yes
18,Month-to-month,DSL,Electronic check,0,No,Yes,No,Yes,No,No,No,Yes,Yes,Yes,64.41,1196.66,No
49,Month-to-month,DSL,Bank transfer,1,No,Yes,Yes,Yes,Yes,No,Yes,Yes,Yes,No,73.41,3606.49,No
62,One year,Fiber optic,Electronic check,0,No,Yes,No,Yes,No,No,No,No,No,No,66.91,4229.77,No
6,Month-to-month,DSL,Bank transfer,0,Yes,Yes,No,Yes,No,No,No,No,Yes,Yes,55.99,342.72,No
52,Two year,Fiber optic,Credit card,1,No,Yes,Yes,Yes,No,Yes,No,No,Yes,No,76.69,4146.64,No
7,Month-to-month,DSL,Electronic check,0,Yes,No,No,Yes,No,Yes,No,No,No,Yes,55.48,400.63,Yes
34,One year,DSL,Credit card,0,Yes,No,No,Yes,No,No,No,Yes,Yes,No,59.95,2023.71,No
68,Two year,No,Electronic check,1,Yes,No,No,Yes,No internet service,No internet service,No internet service,No internet service,No internet service,No internet service,19.25,1248.32,No
16,Month-to-month,Fiber optic,Credit card,0,No,Yes,No,Yes,No,No,No,Yes,Yes,Yes,86.63,1367.27,No
10,Month-to-month,Fiber optic,Credit card,0,No,No,Yes,Yes,No,No,Yes,No,No,Yes,80.14,793.48,Yes
28,Month-to-month,Fiber optic,Bank transfer,0,No,No,No,Yes,No,No,No,Yes,Yes,Yes,84.05,2378.35,Yes
23,Two year,DSL,Credit card,0,No,No,No,Yes,Yes,Yes,Yes,No,No,Yes,61.59,1457.96,No
48,Two year,DSL,Credit card,1,No,Yes,No,Yes,Yes,No,No,Yes,No,Yes,61.85,2854.43,No
40,Month-to-month,Fiber optic,Electronic check,0,No,Yes,No,Yes,No,No,No,No,No,Yes,69.65,2777.89,Yes
61,One year,Fiber optic,Electronic check,0,Yes,No,Yes,Yes,Yes,Yes,No,No,Yes,No,82.72,4947.81,No
39,Month-to-month,No,Electronic check,0,No,No,No,Yes,No internet service,No internet service,No internet service,No internet service,No internet service,No internet service,21.98,881.34,No
0,Month-to-month,DSL,Mailed check,0,Yes,Yes,Yes,Yes,No,Yes,Yes,Yes,Yes,No,74.96,74.47,No
18,One year,DSL,Bank transfer,1,Yes,No,No,Yes,No,No,No,No,Yes,No,51.91,924.67,No
10,Month-to-month,Fiber optic,Mailed check,0,No,Yes,No,Yes,No,No,No,No,No,No,63.6,613.44,Yes
18,Month-to-month,Fiber optic,Bank transfer,1,Yes,Yes,No,Yes,No,Yes,Yes,Yes,No,Yes,89.8,1550.02,Yes
42,Two year,Fiber optic,Mailed check,0,No,No,No,Yes,No,No,No,Yes,Yes,Yes,84.97,3739.57,No
0,Month-to-month,Fiber optic,Electronic check,0,No,No,No,No,Yes,Yes,Yes,No,Yes,Yes,100.49,96.72,Yes
53,One year,DSL,Electronic check,0,No,Yes,Yes,Yes,Yes,Yes,Yes,No,Yes,No,72.8,3679.93,No
30,Month-to-month,Fiber optic,Credit card,0,No,No,No,Yes,No,No,Yes,No,Yes,No,77.55,2227.24,No
9,Month-to-month,Fiber optic,Mailed check,0,No,Yes,Yes,Yes,No,No,No,No,Yes,Yes,75.53,711.27,Yes
29,Month-to-month,Fiber optic,Electronic check,0,Yes,No,Yes,Yes,No,No,No,Yes,Yes,Yes,84.57,2369.52,Yes
69,Two year,Fiber optic,Electronic check,0,Yes,Yes,Yes,Yes,Yes,No,Yes,Yes,No,No,87.62,6194.81,No
0,Month-to-month,Fiber optic,Credit card,0,No,Yes,Yes,Yes,No,Yes,No,Yes,No,Yes,84.01,80.21,No
28,Month-to-month,Fiber optic,Electronic check,0,Yes,Yes,No,Yes,No,No,Yes,No,Yes,Yes,78.53,2291.21,No
37,One year,Fiber optic,Bank transfer,0,No,No,Yes,Yes,No,No,No,No,Yes,Yes,75.59,2837.44,No
14,Two year,DSL,Electronic check,0,No,No,Yes,Yes,Yes,No,No,No,Yes,No,56.38,768.71,No
70,Two year,No,Electronic check,0,Yes,Yes,No,No,No internet service,No internet service,No internet service,No internet service,No internet service,No internet service,22.33,1573.65,No
39,One year,DSL,Bank transfer,0,No,Yes,Yes,Yes,No,No,No,No,No,No,45.26,1831.29,Yes
0,Month-to-month,Fiber optic,Bank transfer,0,Yes,No,Yes,Yes,No,No,Yes,No,Yes,No,78.28,81.0,Yes
44,One year,No,Bank transfer,0,Yes,No,Yes,Yes,No internet service,No internet service,No internet service,No internet service,No internet service,No internet service,19.36,831.74,Yes
57,Two year,No,Electronic check,0,No,No,Yes,Yes,No internet service,No internet service,No internet service,No internet service,No internet service,No internet service,19.0,1047.32,No
63,Two year,DSL,Credit card,0,Yes,Yes,No,Yes,No,No,No,No,Yes,No,48.07,3070.66,No
23,Two year,Fiber optic,Mailed check,1,No,No,No,Yes,Yes,Yes,No,No,No,Yes,81.96,1928.63,No
13,Month-to-month,DSL,Credit card,0,Yes,No,No,No,Yes,No,Yes,No,Yes,No,61.29,814.16,Yes
2,Month-to-month,No,Electronic check,0,Yes,No,No,Yes,No internet service,No internet service,No internet service,No internet service,No internet service,No internet service,18.0,36.08,No
35,One year,DSL,Mailed check,0,No,No,Yes,Yes,Yes,No,No,No,No,No,53.47,1942.46,No
0,Month-to-month,DSL,Electronic check,0,No,Yes,No,Yes,No,No,Yes,No,No,No,53.64,54.76,No
0,Month-to-month,DSL,Bank transfer,0,No,Yes,No,Yes,No,No,Yes,No,Yes,No,60.83,60.04,Yes
43,Month-to-month,No,Bank transfer,0,Yes,No,Yes,Yes,No internet service,No internet service,No internet service,No internet service,No internet service,No internet service,20.72,850.12,No
57,One year,Fiber optic,Mailed check,1,No,No,Yes,Yes,No,Yes,Yes,No,Yes,Yes,91.73,5072.82,No
70,Two year,Fiber optic,Electronic check,0,No,No,Yes,Yes,Yes,No,Yes,No,No,No,79.88,5345.1,No
72,Two year,No,Electronic check,0,No,Yes,Yes,Yes,No internet service,No internet service,No internet service,No internet service,No internet service,No internet service,18.34,1270.48,No
24,Two year,Fiber optic,Electronic check,0,Yes,Yes,Yes,Yes,Yes,Yes,Yes,No,No,No,89.94,2219.91,No
53,Two year,Fiber optic,Credit card,0,No,No,No,Yes,No,Yes,Yes,No,Yes,Yes,91.89,4957.5,No
42,One year,Fiber optic,Electronic check,0,No,Yes,Yes,Yes,Yes,No,No,Yes,No,Yes,82.59,3465.93,Yes
12,Month-to-month,Fiber optic,Electronic check,0,No,No,No,Yes,No,No,Yes,No,No,No,73.78,924.99,Yes
8,One year,Fiber optic,Mailed check,0,No,No,Yes,No,Yes,No,No,Yes,No,No,76.18,617.95,No
32,Month-to-month,DSL,Electronic check,0,Yes,Yes,Yes,Yes,No,No,No,Yes,Yes,No,53.93,1668.48,No
28,Month-to-month,Fiber optic,Credit card,1,Yes,No,No,Yes,No,No,No,Yes,Yes,No,73.75,2097.88,Yes
8,Month-to-month,DSL,Electronic check,0,No,Yes,Yes,Yes,Yes,No,No,No,Yes,No,57.35,460.16,Yes
68,Two year,Fiber optic,Credit card,1,No,No,No,Yes,No,Yes,No,No,Yes,No,75.32,5211.08,No
40,One year,No,Bank transfer,0,No,No,Yes,Yes,No internet service,No internet service,No internet service,No internet service,No internet service,No internet service,18.0,705.11,No
64,Two year,DSL,Mailed check,1,No,No,No,Yes,No,No,No,No,No,Yes,50.62,3267.58,No
39,Two year,No,Mailed check,0,Yes,No,Yes,Yes,No internet service,No internet service,No internet service,No internet service,No internet service,No internet service,23.85,964.7,No
58,Two year,Fiber optic,Bank transfer,0,No,Yes,Yes,Yes,No,Yes,No,No,Yes,Yes,89.69,5216.97,No
22,Month-to-month,Fiber optic,Bank transfer,0,Yes,Yes,Yes,Yes,Yes,No,No,Yes,Yes,No,88.15,1891.75,Yes
50,Two year,No,Electronic check,0,No,Yes,Yes,No,No internet service,No internet service,No internet service,No internet service,No internet service,No internet service,22.25,1084.78,No
11,Two year,No,Credit card,0,Yes,No,Yes,Yes,No internet service,No internet service,No internet service,No internet service,No internet service,No internet service,19.49,223.06,No
57,Two year,Fiber optic,Mailed check,0,Yes,Yes,Yes,Yes,No,No,No,No,Yes,Yes,74.81,4465.99,No
22,Month-to-month,DSL,Mailed check,1,No,No,No,Yes,Yes,No,No,No,No,No,50.11,1073.94,No
3,Month-to-month,DSL,Mailed check,0,Yes,No,Yes,Yes,No,Yes,No,No,Yes,No,58.88,169.99,Yes
63,Two year,Fiber optic,Bank transfer,0,Yes,No,Yes,Yes,No,No,Yes,No,No,Yes,74.28,4886.32,No
22,Month-to-month,DSL,Mailed check,0,No,Yes,Yes,Yes,No,Yes,No,No,No,No,54.2,1230.29,No
25,Month-to-month,Fiber optic,Mailed check,0,Yes,No,No,Yes,Yes,No,No,Yes,Yes,No,83.76,2095.89,Yes
12,Month-to-month,Fiber optic,Electronic check,0,No,No,Yes,Yes,Yes,No,No,No,No,No,70.77,818.16,Yes
0,Month-to-month,No,Mailed check,0,Yes,No,No,Yes,No internet service,No internet service,No internet service,No internet service,No internet service,No internet service,18.0,17.88,No
0,Month-to-month,DSL,Electronic check,0,Yes,No,Yes,Yes,No,No,Yes,Yes,No,Yes,62.98,60.76,No
65,Two year,No,Credit card,0,Yes,No,Yes,Yes,No internet service,No internet service,No internet service,No internet service,No internet service,No internet service,21.07,1400.6,No
36,Two year,DSL,Electronic check,0,No,No,Yes,Yes,No,No,Yes,No,Yes,No,57.68,2083.09,No
41,Two year,No,Credit card,0,Yes,No,No,Yes,No internet service,No internet service,No internet service,No internet service,No internet service,No internet service,19.94,793.27,No
31,Month-to-month,Fiber optic,Bank transfer,0,Yes,Yes,Yes,Yes,Yes,No,No,No,No,No,73.95,2223.7,Yes
0,Month-to-month,Fiber optic,Bank transfer,1,Yes,Yes,Yes,Yes,No,Yes,No,Yes,No,Yes,83.03,81.9,Yes
0,Month-to-month,Fiber optic,Credit card,0,Yes,No,No,Yes,No,Yes,No,Yes,No,No,77.29,78.57,Yes
31,Month-to-month,DSL,Electronic check,0,No,No,Yes,No,Yes,No,No,Yes,No,No,59.35,1768.38,No
19,Month-to-month,DSL,Mailed check,0,Yes,No,No,Yes,Yes,No,No,No,Yes,No,54.6,1087.31,No
22,Two year,DSL,Electronic check,0,Yes,No,Yes,Yes,No,No,No,Yes,No,No,49.7,1090.57,No
47,Two year,Fiber optic,Electronic check,1,Yes,No,No,Yes,No,No,Yes,Yes,No,No,75.11,3425.37,No
21,Month-to-month,Fiber optic,Mailed check,0,No,No,No,Yes,No,No,No,Yes,No,No,70.18,1436.46,No
0,Month-to-month,No,Bank transfer,0,Yes,Yes,Yes,Yes,No internet service,No internet service,No internet service,No internet service,No internet service,No internet service,23.74,23.48,Yes
0,Month-to-month,No,Credit card,0,No,No,No,Yes,No internet service,No internet service,No internet service,No internet service,No internet service,No internet service,22.32,23.42,No
0,Month-to-month,Fiber optic,Electronic check,0,Yes,No,No,Yes,Yes,No,No,No,Yes,Yes,86.56,87.08,Yes
32,Month-to-month,DSL,Bank transfer,0,No,Yes,No,No,Yes,Yes,Yes,No,No,No,67.31,2165.03,No
35,Month-to-month,DSL,Electronic check,0,Yes,No,Yes,Yes,Yes,No,No,Yes,No,Yes,64.87,2169.53,No
30,Month-to-month,DSL,Electronic check,0,No,No,No,Yes,Yes,No,No,Yes,Yes,Yes,70.8,2074.76,No
38,Month-to-month,Fiber optic,Electronic check,0,Yes,No,Yes,Yes,Yes,No,Yes,No,Yes,Yes,95.84,3469.83,No
72,Two year,DSL,Bank transfer,0,No,No,No,Yes,Yes,No,Yes,Yes,Yes,Yes,74.56,5541.17,No
0,Month-to-month,Fiber optic,Mailed check,0,Yes,Yes,Yes,Yes,No,Yes,No,Yes,No,No,78.19,82.09,Yes
34,Month-to-month,Fiber optic,Electronic check,1,No,No,No,Yes,No,No,Yes,Yes,No,Yes,81.76,2846.2,Yes
20,Month-to-month,No,Electronic check,0,Yes,No,No,Yes,No internet service,No internet service,No internet service,No internet service,No internet service,No internet service,20.26,417.3,No
48,Month-to-month,Fiber optic,Mailed check,1,No,No,No,Yes,Yes,Yes,No,No,Yes,No,91.28,4439.62,No
72,One year,Fiber optic,Credit card,0,No,Yes,No,Yes,No,Yes,Yes,No,Yes,No,87.14,6498.0,No
51,Two year,Fiber optic,Electronic check,0,Yes,No,No,Yes,No,No,No,Yes,Yes,No,81.1,4106.83,No
49,Two year,Fiber optic,Bank transfer,0,No,Yes,No,Yes,Yes,Yes,No,No,No,Yes,79.12,3974.25,No
32,One year,DSL,Bank transfer,0,No,No,Yes,Yes,No,Yes,No,Yes,Yes,Yes,69.68,2137.13,No
19,Month-to-month,Fiber optic,Mailed check,0,No,No,Yes,No,No,No,No,No,Yes,Yes,85.14,1625.05,Yes
22,Month-to-month,DSL,Electronic check,0,Yes,No,No,Yes,Yes,No,No,Yes,No,No,60.77,1332.66,Yes
60,Month-to-month,No,Credit card,0,Yes,No,Yes,Yes,No internet service,No internet service,No internet service,No internet service,No internet service,No internet service,18.17,1088.93,No
20,Month-to-month,Fiber optic,Mailed check,0,No,Yes,No,Yes,Yes,Yes,Yes,Yes,No,Yes,93.82,1848.97,No
47,Two year,No,Mailed check,0,Yes,No,Yes,Yes,No internet service,No internet service,No internet service,No internet service,No internet service,No internet service,20.62,924.69,No
18,Month-to-month,Fiber optic,Credit card,1,No,No,Yes,Yes,Yes,Yes,Yes,No,Yes,Yes,97.85,1749.07,No
5,Month-to-month,Fiber optic,Credit card,0,Yes,Yes,Yes,No,No,No,No,Yes,Yes,No,81.07,424.81,Yes
0,Month-to-month,Fiber optic,Bank transfer,0,No,No,No,Yes,No,No,No,Yes,Yes,Yes,85.72,87.59,No
16,Month-to-month,Fiber optic,Credit card,1,No,No,Yes,Yes,No,No,Yes,No,Yes,Yes,89.66,1497.86,No
72,Two year,Fiber optic,Electronic check,0,Yes,Yes,Yes,Yes,No,Yes,No,Yes,Yes,Yes,89.05,6558.03,No
32,Month-to-month,Fiber optic,Bank transfer,0,No,No,Yes,Yes,Yes,No,No,No,No,No,73.53,2290.04,No
10,Month-to-month,No,Electronic check,0,No,Yes,Yes,Yes,No internet service,No internet service,No internet service,No internet service,No internet service,No internet service,19.28,189.17,Yes
24,Month-to-month,DSL,Credit card,0,Yes,No,Yes,Yes,No,No,Yes,No,Yes,Yes,68.36,1614.63,No
72,Two year,No,Mailed check,0,Yes,Yes,Yes,Yes,No internet service,No internet service,No internet service,No internet service,No internet service,No internet service,19.33,1407.57,No
21,Month-to-month,DSL,Electronic check,1,Yes,No,No,Yes,No,No,Yes,Yes,No,Yes,61.63,1256.52,Yes
24,One year,DSL,Mailed check,0,Yes,No,No,Yes,Yes,Yes,No,Yes,No,No,62.12,1448.49,No
19,Month-to-month,Fiber optic,Bank transfer,0,Yes,Yes,No,Yes,Yes,No,No,No,No,No,69.84,1279.04,Yes
28,Month-to-month,DSL,Mailed check,0,Yes,No,No,Yes,No,Yes,Yes,No,No,No,54.98,1487.0,No
61,Two year,Fiber optic,Bank transfer,0,Yes,Yes,Yes,Yes,No,No,Yes,No,Yes,No,80.77,4843.1,No
41,Month-to-month,No,Electronic check,0,Yes,Yes,No,Yes,No internet service,No internet service,No internet service,No internet service,No internet service,No internet service,19.6,799.34,No
20,Month-to-month,No,Electronic check,0,Yes,No,No,Yes,No internet service,No internet service,No internet service,No internet service,No internet service,No internet service,22.71,474.65,No
1,One year,Fiber optic,Mailed check,0,Yes,No,No,Yes,No,No,Yes,Yes,Yes,Yes,85.15,87.52,No
26,Month-to-month,DSL,Mailed check,0,No,No,No,Yes,Yes,Yes,Yes,No,Yes,Yes,78.59,1965.38,No
24,Month-to-month,DSL,Bank transfer,0,Yes,No,No,No,Yes,No,No,No,No,No,48.89,1231.16,No
59,Two year,DSL,Credit card,1,Yes,Yes,No,Yes,No,Yes,No,No,No,Yes,57.98,3293.36,No
4,Month-to-month,Fiber optic,Bank transfer,0,No,No,No,Yes,Yes,No,No,Yes,Yes,No,81.97,341.89,No
50,Month-to-month,DSL,Mailed check,0,No,No,Yes,Yes,Yes,No,No,Yes,No,No,63.4,3278.36,No
1,Month-to-month,No,Mailed check,0,No,No,Yes,No,No internet service,No internet service,No internet service,No internet service,No internet service,No internet service,23.41,23.02,Yes
22,One year,Fiber optic,Credit card,0,No,No,No,Yes,Yes,No,No,No,Yes,No,79.5,1782.31,No
14,Month-to-month,DSL,Bank transfer,0,No,No,No,Yes,No,No,No,Yes,No,Yes,57.51,843.9,Yes
39,Month-to-month,Fiber optic,Credit card,0,No,No,No,Yes,No,Yes,Yes,Yes,Yes,Yes,94.58,3639.79,Yes
60,One year,No,Electronic check,0,Yes,Yes,Yes,Yes,No internet service,No internet service,No internet service,No internet service,No internet service,No internet service,19.54,1162.12,No
48,One year,Fiber optic,Bank transfer,0,No,No,Yes,No,No,Yes,Yes,No,Yes,Yes,93.41,4313.16,No
68,Two year,Fiber optic,Electronic check,0,No,Yes,No,Yes,Yes,No,No,No,Yes,No,82.61,5614.85,No
0,Month-to-month,Fiber optic,Bank transfer,0,No,No,Yes,Yes,No,No,Yes,Yes,Yes,No,90.53,87.38,Yes
0,Month-to-month,No,Credit card,0,Yes,Yes,Yes,Yes,No internet service,No internet service,No internet service,No internet service,No internet service,No internet service,20.88,21.57,No
12,Month-to-month,DSL,Credit card,0,No,No,Yes,Yes,Yes,No,No,No,Yes,No,57.82,670.55,No
52,One year,Fiber optic,Electronic check,0,Yes,No,Yes,Yes,No,No,Yes,No,Yes,No,76.29,3800.05,Yes
33,Month-to-month,Fiber optic,Credit card,0,No,No,No,Yes,No,Yes,No,Yes,Yes,Yes,86.08,2751.88,Yes
24,One year,DSL,Electronic check,0,No,No,Yes,Yes,Yes,No,Yes,No,Yes,No,61.67,1407.08,No
2,Month-to-month,Fiber optic,Mailed check,0,No,No,Yes,Yes,No,No,No,No,Yes,No,66.22,129.94,Yes
72,Two year,Fiber optic,Bank transfer,0,Yes,Yes,No,Yes,No,No,No,No,No,No,65.54,4815.33,No
57,Two year,No,Mailed check,1,Yes,No,Yes,Yes,No internet service,No internet service,No internet service,No internet service,No internet service,No internet service,19.47,1159.11,No
0,Month-to-month,Fiber optic,Electronic check,0,No,Yes,No,Yes,No,No,No,No,No,Yes,70.75,70.21,Yes
36,Two year,DSL,Bank transfer,0,No,Yes,Yes,Yes,No,No,Yes,No,No,No,53.95,1942.65,No
62,Two year,Fiber optic,Bank transfer,0,Yes,No,No,Yes,No,No,No,Yes,Yes,Yes,95.15,5653.37,No
0,Month-to-month,DSL,Bank transfer,0,No,Yes,Yes,Yes,Yes,No,No,No,No,Yes,58.28,60.65,Yes
2,Month-to-month,DSL,Mailed check,0,No,No,Yes,Yes,Yes,Yes,Yes,Yes,No,No,69.74,138.98,No
23,One year,Fiber optic,Bank transfer,0,Yes,No,Yes,Yes,Yes,No,No,Yes,No,Yes,87.16,1931.5,Yes
32,Month-to-month,DSL,Mailed check,0,Yes,Yes,Yes,Yes,No,No,No,Yes,No,Yes,53.02,1645.8,No
18,Month-to-month,No,Electronic check,0,No,No,No,Yes,No internet service,No internet service,No internet service,No internet service,No internet service,No internet service,18.11,334.31,No
45,Month-to-month,No,Mailed check,0,No,Yes,Yes,Yes,No internet service,No internet service,No internet service,No internet service,No internet service,No internet service,21.14,917.86,No
47,Two year,Fiber optic,Bank transfer,0,No,No,No,No,No,Yes,No,Yes,No,Yes,87.54,3930.73,No
15,Month-to-month,DSL,Electronic check,0,No,Yes,Yes,Yes,No,No,Yes,Yes,No,No,59.6,917.86,No
59,Two year,No,Electronic check,0,Yes,No,Yes,Yes,No internet service,No internet service,No internet service,No internet service,No internet service,No internet service,19.86,1198.86,No
8,Month-to-month,Fiber optic,Credit card,0,No,Yes,No,No,No,No,No,No,No,No,68.66,557.6,No
0,Month-to-month,Fiber optic,Credit card,0,No,Yes,No,Yes,Yes,No,No,Yes,Yes,Yes,86.16,90.12,No
48,Two year,Fiber optic,Bank transfer,0,Yes,No,Yes,Yes,No,No,Yes,Yes,Yes,Yes,95.92,4483.16,No
6,Month-to-month,No,Bank transfer,0,Yes,No,Yes,Yes,No internet service,No internet service,No internet service,No internet service,No internet service,No internet service,20.73,124.29,Yes
16,Month-to-month,Fiber optic,Credit card,0,No,No,Yes,Yes,No,No,No,Yes,Yes,Yes,86.92,1366.0,Yes
8,Month-to-month,Fiber optic,Mailed check,0,Yes,No,No,Yes,No,No,Yes,Yes,No,Yes,86.35,673.69,Yes
45,One year,DSL,Electronic check,0,No,Yes,Yes,No,No,No,No,No,Yes,Yes,58.2,2729.21,No
12,Month-to-month,Fiber optic,Bank transfer,0,Yes,No,No,Yes,No,No,Yes,Yes,No,Yes,85.2,985.16,Yes
0,Month-to-month,Fiber optic,Credit card,1,Yes,No,No,Yes,No,No,No,Yes,No,No,68.25,67.98,No
8,Month-to-month,DSL,Bank transfer,0,No,Yes,Yes,Yes,No,No,No,No,No,No,48.0,377.29,No
0,Month-to-month,Fiber optic,Electronic check,0,Yes,No,Yes,Yes,Yes,Yes,No,Yes,No,Yes,90.31,89.76,Yes
49,Month-to-month,No,Credit card,0,Yes,No,No,Yes,No internet service,No internet service,No internet service,No internet service,No internet service,No internet service,18.06,875.54,No
19,Month-to-month,Fiber optic,Bank transfer,0,Yes,No,Yes,Yes,No,Yes,No,Yes,No,Yes,87.2,1680.29,No
29,Month-to-month,No,Mailed check,0,No,Yes,Yes,Yes,No internet service,No internet service,No internet service,No internet service,No internet service,No internet service,18.0,520.96,No
16,Month-to-month,DSL,Credit card,1,No,Yes,Yes,Yes,No,No,No,No,No,No,44.71,742.76,No
67,One year,Fiber optic,Bank transfer,0,Yes,No,Yes,Yes,No,No,No,Yes,No,Yes,75.41,5145.31,No
18,One year,Fiber optic,Credit card,0,No,No,No,No,No,Yes,No,No,No,No,73.18,1263.61,Yes
5,Month-to-month,DSL,Credit card,0,No,Yes,No,Yes,No,Yes,No,No,No,No,46.1,220.64,No
36,Month-to-month,Fiber optic,Electronic check,0,Yes,No,No,Yes,Yes,No,Yes,No,Yes,No,86.09,3000.88,Yes
10,Month-to-month,Fiber optic,Bank transfer,0,Yes,No,Yes,Yes,No,No,No,No,Yes,No,73.84,772.87,Yes
42,Two year,No,Mailed check,0,No,No,Yes,No,No internet service,No internet service,No internet service,No internet service,No internet service,No internet service,20.88,903.97,No
9,Month-to-month,DSL,Credit card,0,Yes,No,No,Yes,No,No,Yes,No,No,No,49.91,439.89,No
49,Month-to-month,No,Credit card,0,No,No,Yes,Yes,No internet service,No internet service,No internet service,No internet service,No internet service,No internet service,20.23,970.49,No
51,Month-to-month,Fiber optic,Credit card,1,Yes,No,Yes,No,No,No,No,Yes,Yes,No,76.21,3890.02,Yes
25,Month-to-month,Fiber optic,Bank transfer,0,No,No,Yes,Yes,Yes,Yes,No,Yes,Yes,Yes,97.77,2373.41,Yes
21,Month-to-month,DSL,Credit card,0,Yes,No,No,Yes,No,No,Yes,No,Yes,Yes,69.52,1480.0,No
31,Month-to-month,Fiber optic,Electronic check,0,Yes,Yes,Yes,No,Yes,No,No,Yes,Yes,No,86.25,2756.49,Yes
44,One year,Fiber optic,Mailed check,0,Yes,No,No,Yes,No,No,No,No,No,Yes,70.26,2968.84,No
41,One year,Fiber optic,Electronic check,0,No,No,Yes,Yes,No,No,No,No,Yes,No,67.88,2871.3,Yes
31,One year,Fiber optic,Credit card,0,Yes,No,Yes,Yes,Yes,No,No,Yes,No,No,82.74,2660.15,No
44,Two year,DSL,Bank transfer,0,Yes,No,Yes,Yes,No,No,No,No,Yes,No,47.54,2120.81,No
26,Month-to-month,Fiber optic,Bank transfer,0,Yes,No,Yes,Yes,No,No,No,No,Yes,No,71.87,1778.83,Yes
56,Two year,No,Electronic check,0,Yes,No,No,Yes,No internet service,No internet service,No internet service,No internet service,No internet service,No internet service,21.45,1236.14,Yes
61,One year,Fiber optic,Bank transfer,0,No,No,Yes,Yes,No,Yes,No,No,No,No,71.37,4520.65,No
50,Two year,Fiber optic,Mailed check,0,Yes,No,No,Yes,No,No,Yes,No,No,No,71.6,3482.44,No
23,One year,Fiber optic,Credit card,0,No,No,No,Yes,Yes,No,No,No,Yes,No,82.76,1841.22,Yes
0,Month-to-month,DSL,Credit card,0,No,Yes,Yes,Yes,No,No,No,Yes,No,Yes,62.34,60.12,Yes
6,Month-to-month,No,Mailed check,0,No,No,Yes,Yes,No internet service,No internet service,No internet service,No internet service,No internet service,No internet service,21.29,132.62,No
0,Month-to-month,No,Credit card,0,No,No,No,Yes,No internet service,No internet service,No internet service,No internet service,No internet service,No internet service,20.31,19.3,No
36,Month-to-month,Fiber optic,Electronic check,0,Yes,No,No,Yes,No,No,No,Yes,No,No,70.81,2585.68,Yes
11,Month-to-month,Fiber optic,Electronic check,0,No,No,Yes,Yes,Yes,Yes,No,Yes,Yes,Yes,93.59,1022.08,Yes
6,Month-to-month,No,Bank transfer,0,No,No,No,Yes,No internet service,No internet service,No internet service,No internet service,No internet service,No internet service,19.27,113.33,No
26,Month-to-month,Fiber optic,Bank transfer,0,No,No,Yes,Yes,Yes,No,No,Yes,No,Yes,89.71,2442.09,Yes
72,Two year,DSL,Electronic check,0,No,No,No,Yes,No,Yes,Yes,No,Yes,No,62.76,4606.89,No
31,One year,Fiber optic,Electronic check,0,No,Yes,No,Yes,No,Yes,Yes,No,Yes,Yes,92.93,2861.44,No
20,One year,Fiber optic,Mailed check,0,Yes,Yes,Yes,No,No,Yes,Yes,Yes,Yes,Yes,99.45,2004.43,No
12,Month-to-month,Fiber optic,Electronic check,0,Yes,Yes,Yes,Yes,No,No,No,No,Yes,No,73.82,859.09,No
8,One year,Fiber optic,Mailed check,0,No,Yes,No,Yes,No,No,No,Yes,Yes,No,77.23,641.52,No
62,Two year,No,Mailed check,0,No,No,No,Yes,No internet service,No internet service,No internet service,No internet service,No internet service,No internet service,21.84,1380.1,No
47,One year,DSL,Credit card,0,Yes,No,Yes,No,Yes,Yes,No,Yes,No,Yes,73.99,3468.97,Yes
31,One year,No,Electronic check,0,No,Yes,Yes,Yes,No internet service,No internet service,No internet service,No internet service,No internet service,No internet service,20.7,615.37,No
0,Month-to-month,DSL,Electronic check,0,Yes,No,Yes,Yes,Yes,No,No,No,Yes,No,55.79,56.93,Yes
56,Month-to-month,Fiber optic,Electronic check,0,Yes,No,Yes,Yes,No,No,No,Yes,No,No,69.81,3853.85,No
18,One year,DSL,Electronic check,0,Yes,No,Yes,No,No,No,No,Yes,No,Yes,57.88,1065.3,Yes
42,Two year,Fiber optic,Bank transfer,0,Yes,No,Yes,Yes,Yes,No,No,Yes,No,No,76.89,3112.84,No
19,Month-to-month,No,Mailed check,0,No,No,Yes,Yes,No internet service,No internet service,No internet service,No internet service,No internet service,No internet service,20.42,382.63,No
32,Month-to-month,Fiber optic,Electronic check,0,Yes,Yes,Yes,Yes,Yes,No,No,Yes,No,No,80.5,2513.66,No
16,Month-to-month,No,Credit card,0,No,No,No,Yes,No internet service,No internet service,No internet service,No internet service,No internet service,No internet service,19.81,310.21,Yes
19,Month-to-month,DSL,Bank transfer,0,No,No,Yes,Yes,No,No,No,Yes,No,No,56.04,1100.51,Yes
64,Two year,DSL,Electronic check,0,No,Yes,No,Yes,No,Yes,Yes,No,Yes,No,65.28,4002.43,No
72,One year,DSL,Electronic check,0,Yes,No,Yes,Yes,No,Yes,No,No,No,Yes,62.2,4670.7,No
9,Month-to-month,DSL,Credit card,0,Yes,No,No,No,No,No,Yes,Yes,Yes,No,68.55,614.67,No
10,Month-to-month,DSL,Bank transfer,0,No,No,No,Yes,No,Yes,No,No,No,Yes,51.89,532.74,Yes
16,Month-to-month,DSL,Credit card,0,No,Yes,Yes,Yes,No,No,Yes,Yes,No,No,54.61,836.34,Yes
29,Month-to-month,Fiber optic,Electronic check,0,Yes,No,No,Yes,No,No,Yes,Yes,No,No,77.5,2327.27,No
58,Month-to-month,DSL,Bank transfer,0,Yes,Yes,Yes,Yes,No,No,No,No,Yes,No,52.92,3168.3,No
52,Two year,Fiber optic,Electronic check,0,No,No,Yes,Yes,Yes,No,Yes,Yes,Yes,Yes,94.7,4959.81,No
47,One year,DSL,Electronic check,1,Yes,No,Yes,No,No,Yes,No,No,No,No,47.93,2165.69,No
0,Month-to-month,DSL,Bank transfer,1,Yes,No,Yes,Yes,Yes,No,No,Yes,Yes,No,63.96,65.74,No
39,One year,Fiber optic,Bank transfer,1,No,No,Yes,Yes,No,No,Yes,No,No,Yes,79.36,2989.47,Yes
38,One year,DSL,Electronic check,0,No,Yes,No,Yes,No,Yes,Yes,Yes,No,Yes,73.24,2840.46,No
34,Month-to-month,DSL,Electronic check,0,Yes,No,Yes,Yes,Yes,No,No,Yes,No,Yes,71.02,2328.06,No
30,One year,DSL,Bank transfer,1,No,Yes,No,Yes,Yes,No,Yes,No,Yes,No,64.68,1904.48,No
18,One year,DSL,Electronic check,0,Yes,No,Yes,Yes,No,No,Yes,Yes,Yes,Yes,69.15,1252.9,No
58,Two year,DSL,Electronic check,0,No,Yes,Yes,Yes,No,No,No,Yes,Yes,Yes,68.51,3906.84,No
0,Month-to-month,DSL,Electronic check,0,No,Yes,Yes,Yes,No,No,No,Yes,No,No,50.34,51.34,No
5,Month-to-month,Fiber optic,Electronic check,0,No,Yes,No,Yes,No,Yes,Yes,No,No,No,75.95,364.03,No
19,Month-to-month,Fiber optic,Credit card,0,No,No,No,Yes,No,No,Yes,Yes,Yes,No,81.92,1500.34,Yes
0,Month-to-month,DSL,Electronic check,1,No,No,No,No,No,No,No,No,Yes,Yes,55.64,54.52,Yes
14,Month-to-month,Fiber optic,Mailed check,1,Yes,No,Yes,Yes,No,No,No,Yes,No,Yes,74.58,1050.12,Yes
72,Two year,Fiber optic,Bank transfer,0,No,Yes,No,Yes,Yes,No,No,Yes,No,Yes,79.42,5837.93,No
0,Month-to-month,Fiber optic,Electronic check,0,No,No,Yes,Yes,No,Yes,No,No,No,Yes,73.61,74.96,No
7,Month-to-month,Fiber optic,Bank transfer,0,No,No,No,No,No,Yes,Yes,No,No,Yes,82.78,588.09,Yes
63,Two year,No,Electronic check,0,Yes,No,Yes,Yes,No internet service,No internet service,No internet service,No internet service,No internet service,No internet service,18.0,1128.51,No
31,Month-to-month,Fiber optic,Credit card,0,Yes,No,Yes,Yes,No,No,Yes,No,Yes,Yes,76.47,2252.28,No
19,Month-to-month,Fiber optic,Credit card,0,No,No,Yes,Yes,Yes,Yes,No,No,Yes,Yes,83.1,1618.68,Yes
35,One year,No,Credit card,0,Yes,No,Yes,Yes,No internet service,No internet service,No internet service,No internet service,No internet service,No internet service,18.0,602.5,No
44,Month-to-month,No,Mailed check,0,No,No,Yes,Yes,No internet service,No internet service,No internet service,No internet service,No internet service,No internet service,24.55,1029.48,No
21,Month-to-month,Fiber optic,Credit card,1,No,Yes,Yes,Yes,Yes,No,No,No,No,Yes,77.54,1563.03,Yes
21,One year,No,Bank transfer,0,Yes,No,Yes,Yes,No internet service,No internet service,No internet service,No internet service,No internet service,No internet service,18.26,383.91,No
20,Month-to-month,Fiber optic,Mailed check,0,Yes,No,Yes,No,No,Yes,Yes,Yes,Yes,No,97.23,1924.38,No
16,Month-to-month,DSL,Electronic check,0,Yes,No,No,Yes,No,No,No,Yes,Yes,No,62.12,1004.67,No
11,Month-to-month,Fiber optic,Electronic check,0,Yes,No,No,Yes,Yes,Yes,No,No,Yes,Yes,83.77,954.03,No
27,Two year,Fiber optic,Electronic check,0,No,No,No,Yes,Yes,Yes,No,No,Yes,No,79.68,2122.09,No
18,Month-to-month,Fiber optic,Electronic check,0,Yes,No,Yes,Yes,No,No,No,Yes,No,No,75.75,1304.22,No
47,One year,DSL,Credit card,0,Yes,No,Yes,Yes,Yes,Yes,No,Yes,No,Yes,75.03,3395.41,No
30,Month-to-month,Fiber optic,Credit card,0,No,No,No,Yes,No,No,Yes,Yes,Yes,No,85.09,2470.93,No
38,One year,DSL,Electronic check,0,No,No,No,Yes,No,Yes,No,No,No,No,51.79,1974.13,No
19,Month-to-month,DSL,Credit card,1,Yes,No,No,Yes,No,No,Yes,No,No,No,48.12,955.96,No
9,Month-to-month,Fiber optic,Bank transfer,1,Yes,No,No,Yes,No,No,No,No,No,Yes,74.71,705.1,Yes
33,Month-to-month,No,Mailed check,0,No,No,Yes,Yes,No internet service,No internet service,No internet service,No internet service,No internet service,No internet service,19.63,656.51,Yes
19,One year,Fiber optic,Credit card,1,No,No,No,Yes,No,No,No,No,No,No,64.39,1259.73,No
10,Month-to-month,Fiber optic,Bank transfer,0,No,No,No,No,No,No,No,No,Yes,Yes,82.53,834.28,No
5,Month-to-month,Fiber optic,Bank transfer,1,Yes,No,Yes,Yes,No,No,Yes,No,No,Yes,75.46,377.68,Yes
16,Month-to-month,Fiber optic,Electronic check,1,No,No,No,Yes,Yes,No,Yes,No,No,No,77.56,1202.21,Yes
39,Month-to-month,Fiber optic,Electronic check,0,No,No,Yes,Yes,Yes,No,No,No,Yes,Yes,90.39,3596.13,Yes
19,One year,DSL,Credit card,0,No,No,Yes,Yes,Yes,Yes,Yes,No,Yes,Yes,78.29,1548.61,No
22,Month-to-month,DSL,Electronic check,0,No,Yes,No,Yes,No,No,Yes,Yes,No,Yes,60.47,1290.56,No
23,Month-to-month,Fiber optic,Electronic check,0,No,No,No,Yes,No,No,Yes,Yes,No,No,73.61,1733.68,Yes
3,Month-to-month,Fiber optic,Electronic check,0,Yes,Yes,No,Yes,Yes,Yes,No,No,No,Yes,83.83,243.39,No
15,Month-to-month,No,Mailed check,0,No,No,No,Yes,No internet service,No internet service,No internet service,No internet service,No internet service,No internet service,22.74,355.15,No
4,Month-to-month,Fiber optic,Mailed check,0,No,No,Yes,Yes,Yes,No,No,Yes,No,No,74.58,308.22,Yes
20,Month-to-month,DSL,Credit card,0,Yes,No,Yes,Yes,No,No,No,Yes,No,No,49.58,985.42,No
16,Month-to-month,No,Mailed check,0,Yes,No,Yes,Yes,No internet service,No internet service,No internet service,No internet service,No internet service,No internet service,18.0,290.45,No
72,Two year,Fiber optic,Credit card,0,Yes,No,No,Yes,Yes,No,Yes,Yes,No,No,84.42,6316.46,No
6,Month-to-month,DSL,Bank transfer,0,No,No,Yes,Yes,No,No,No,No,No,Yes,51.06,300.64,No
51,Two year,No,Mailed check,0,No,No,Yes,Yes,No internet service,No internet service,No internet service,No internet service,No internet service,No internet service,21.53,1043.61,No
12,Month-to-month,DSL,Electronic check,1,No,No,No,Yes,Yes,No,Yes,No,No,No,57.73,679.53,No
40,Month-to-month,No,Electronic check,1,No,No,Yes,Yes,No internet service,No internet service,No internet service,No internet service,No internet service,No internet service,18.52,706.3,Yes
10,Month-to-month,Fiber optic,Credit card,0,No,Yes,No,Yes,No,No,No,No,Yes,No,70.02,714.66,No
4,Month-to-month,DSL,Bank transfer,0,No,No,No,Yes,Yes,No,Yes,No,Yes,No,64.19,251.05,No
26,One year,Fiber optic,Mailed check,1,Yes,No,No,Yes,No,Yes,No,No,No,No,70.12,1763.42,No
41,Two year,Fiber optic,Credit card,1,Yes,No,Yes,Yes,Yes,Yes,No,No,No,Yes,86.09,3407.81,No
29,One year,No,Credit card,0,No,No,Yes,Yes,No internet service,No internet service,No internet service,No internet service,No internet service,No internet service,24.48,690.31,No
24,One year,Fiber optic,Electronic check,1,No,No,Yes,Yes,No,Yes,No,Yes,No,No,70.79,1633.56,No
18,Month-to-month,No,Bank transfer,0,No,No,Yes,Yes,No internet service,No internet service,No internet service,No internet service,No internet service,No internet service,24.3,445.41,Yes
0,Month-to-month,DSL,Credit card,0,No,No,Yes,Yes,No,No,No,No,No,No,47.23,48.48,Yes
63,Two year,No,Credit card,0,No,No,Yes,Yes,No internet service,No internet service,No internet service,No internet service,No internet service,No internet service,19.37,1209.79,No
19,Month-to-month,No,Electronic check,0,Yes,No,Yes,Yes,No internet service,No internet service,No internet service,No internet service,No internet service,No internet service,18.65,336.65,No
44,Month-to-month,DSL,Electronic check,1,Yes,No,Yes,Yes,No,No,No,Yes,No,No,52.27,2226.4,Yes
61,Two year,No,Mailed check,0,Yes,No,Yes,Yes,No internet service,No internet service,No internet service,No internet service,No internet service,No internet service,24.52,1479.71,No
60,Two year,DSL,Electronic check,0,No,No,Yes,Yes,No,Yes,No,No,No,No,48.21,2860.67,No
70,One year,DSL,Electronic check,0,No,No,Yes,Yes,No,Yes,Yes,No,No,Yes,66.58,4440.04,Yes
25,Month-to-month,DSL,Bank transfer,1,Yes,No,No,Yes,No,No,No,No,No,No,43.96,1064.5,No
51,Two year,Fiber optic,Mailed check,0,No,Yes,Yes,Yes,Yes,No,No,Yes,No,Yes,80.71,4143.25,No
4,Month-to-month,Fiber optic,Electronic check,0,No,No,Yes,Yes,No,No,No,No,No,Yes,69.33,269.31,Yes
41,Month-to-month,Fiber optic,Bank transfer,1,Yes,No,No,Yes,Yes,Yes,No,Yes,No,Yes,89.33,3481.22,No
2,Month-to-month,Fiber optic,Electronic check,0,No,Yes,No,Yes,No,No,Yes,No,No,No,72.16,142.64,Yes
36,Two year,Fiber optic,Mailed check,1,Yes,No,No,Yes,Yes,Yes,Yes,Yes,No,No,92.74,3415.95,No
36,Two year,DSL,Credit card,0,No,Yes,No,No,Yes,No,Yes,Yes,Yes,No,73.32,2627.54,No
26,One year,DSL,Credit card,0,No,No,No,Yes,No,No,No,Yes,Yes,No,60.47,1515.66,No
19,Month-to-month,DSL,Electronic check,1,Yes,No,No,No,No,Yes,No,Yes,No,No,55.35,1040.34,No
14,Month-to-month,No,Credit card,0,No,No,No,Yes,No internet service,No internet service,No internet service,No internet service,No internet service,No internet service,22.02,314.32,No
26,Month-to-month,No,Credit card,1,No,Yes,No,Yes,No internet service,No internet service,No internet service,No internet service,No internet service,No internet service,22.6,602.45,Yes
37,Two year,No,Bank transfer,0,Yes,No,No,Yes,No internet service,No internet service,No internet service,No internet service,No internet service,No internet service,21.25,750.95,No
4,Month-to-month,DSL,Credit card,0,No,Yes,No,Yes,No,Yes,No,No,No,Yes,63.6,256.76,No
20,Month-to-month,Fiber optic,Electronic check,0,No,Yes,Yes,Yes,No,No,No,No,No,Yes,72.12,1403.57,Yes
23,One year,No,Electronic check,0,No,No,No,Yes,No internet service,No internet service,No internet service,No internet service,No internet service,No internet service,18.0,420.38,No
0,Month-to-month,Fiber optic,Credit card,1,Yes,Yes,Yes,No,No,Yes,No,No,Yes,No,75.15,77.7,Yes
30,Two year,Fiber optic,Mailed check,0,Yes,Yes,Yes,Yes,No,No,No,No,No,No,62.75,1851.03,No
17,Month-to-month,Fiber optic,Mailed check,0,Yes,Yes,Yes,Yes,No,Yes,No,Yes,Yes,No,86.54,1498.49,No
53,Two year,DSL,Electronic check,1,Yes,No,No,Yes,No,No,No,No,Yes,No,52.7,2886.12,No
16,Month-to-month,DSL,Electronic check,0,No,Yes,Yes,Yes,No,No,Yes,Yes,Yes,Yes,69.17,1102.94,Yes
37,Month-to-month,Fiber optic,Electronic check,0,No,No,No,Yes,No,Yes,No,No,Yes,Yes,82.06,3117.49,Yes
23,Month-to-month,DSL,Electronic check,1,Yes,No,Yes,Yes,Yes,No,Yes,No,No,No,54.72,1244.68,Yes
18,Month-to-month,Fiber optic,Credit card,0,No,Yes,Yes,Yes,No,No,Yes,Yes,No,No,78.68,1416.19,Yes
60,One year,Fiber optic,Electronic check,0,No,Yes,No,Yes,No,Yes,No,Yes,No,Yes,79.59,4925.06,No
34,Month-to-month,Fiber optic,Credit card,0,No,No,Yes,Yes,No,No,Yes,No,No,Yes,84.9,2966.34,No
6,Month-to-month,Fiber optic,Electronic check,0,No,No,No,Yes,Yes,No,Yes,Yes,No,Yes,92.66,534.41,Yes
51,One year,DSL,Electronic check,0,Yes,Yes,No,Yes,No,Yes,No,Yes,No,Yes,67.85,3558.39,Yes
46,Month-to-month,Fiber optic,Credit card,0,No,No,Yes,No,No,No,Yes,No,Yes,No,78.22,3598.36,Yes
66,One year,Fiber optic,Electronic check,0,Yes,No,Yes,Yes,Yes,Yes,No,Yes,Yes,Yes,100.47,6509.13,No
54,One year,Fiber optic,Electronic check,0,Yes,Yes,Yes,Yes,No,No,No,No,No,Yes,66.4,3678.07,Yes
24,Month-to-month,DSL,Credit card,0,No,No,Yes,Yes,No,No,No,No,No,No,45.98,1086.87,Yes
59,Two year,No,Electronic check,1,Yes,No,No,Yes,No internet service,No internet service,No internet service,No internet service,No internet service,No internet service,19.61,1122.23,No
41,Month-to-month,DSL,Electronic check,0,Yes,No,Yes,Yes,Yes,Yes,No,Yes,No,No,63.49,2665.17,Yes
0,Month-to-month,DSL,Credit card,0,Yes,Yes,Yes,Yes,No,Yes,No,Yes,No,Yes,62.53,60.49,No
38,Month-to-month,No,Mailed check,1,Yes,No,No,Yes,No internet service,No internet service,No internet service,No internet service,No internet service,No internet service,20.76,775.04,No
56,Two year,Fiber optic,Bank transfer,0,Yes,No,No,Yes,No,No,No,No,Yes,Yes,76.72,4148.35,No
23,One year,Fiber optic,Electronic check,1,Yes,No,Yes,Yes,No,No,No,Yes,Yes,Yes,83.37,1941.08,Yes
0,Month-to-month,DSL,Electronic check,1,Yes,No,Yes,Yes,No,No,Yes,No,Yes,No,62.72,62.78,Yes
27,Two year,Fiber optic,Mailed check,0,No,No,Yes,Yes,No,No,No,No,No,Yes,75.53,2082.97,No
27,Month-to-month,DSL,Bank transfer,0,No,No,Yes,Yes,No,No,No,Yes,Yes,Yes,62.14,1637.7,Yes
72,Two year,DSL,Electronic check,0,No,No,Yes,Yes,No,Yes,Yes,Yes,Yes,Yes,79.88,5910.53,No
30,One year,Fiber optic,Credit card,0,No,No,No,Yes,No,No,Yes,No,Yes,No,79.95,2315.28,No
40,Two year,DSL,Bank transfer,0,No,No,No,Yes,No,No,Yes,No,No,No,52.04,2053.67,No
72,Two year,Fiber optic,Mailed check,0,No,Yes,Yes,No,No,Yes,Yes,No,Yes,No,84.83,6408.26,No
56,Two year,Fiber optic,Mailed check,0,Yes,No,Yes,Yes,Yes,No,No,No,No,No,69.9,3822.83,No
38,Month-to-month,No,Bank transfer,0,Yes,Yes,Yes,Yes,No internet service,No internet service,No internet service,No internet service,No internet service,No internet service,21.81,833.26,No
38,Two year,DSL,Bank transfer,0,No,No,No,Yes,No,No,No,No,No,No,44.63,1768.74,No
64,Two year,Fiber optic,Electronic check,0,No,No,No,No,No,No,No,No,No,Yes,74.74,4963.65,No
67,One year,Fiber optic,Credit card,0,No,No,No,Yes,No,Yes,Yes,No,No,No,75.46,5077.55,Yes
1,Month-to-month,Fiber optic,Mailed check,0,No,No,Yes,Yes,No,No,No,Yes,Yes,No,79.96,80.05,Yes
49,Two year,Fiber optic,Credit card,0,Yes,No,Yes,Yes,Yes,No,Yes,Yes,Yes,No,89.39,4217.12,No
12,Month-to-month,Fiber optic,Credit card,0,Yes,No,No,Yes,No,No,Yes,No,Yes,No,78.48,957.8,Yes
30,Month-to-month,Fiber optic,Electronic check,0,No,No,Yes,Yes,No,Yes,Yes,Yes,Yes,No,96.62,2794.5,Yes
38,Month-to-month,No,Mailed check,0,Yes,No,Yes,Yes,No internet service,No internet service,No internet service,No internet service,No internet service,No internet service,19.09,703.97,No
7,Month-to-month,No,Mailed check,0,Yes,Yes,Yes,Yes,No internet service,No internet service,No internet service,No internet service,No internet service,No internet service,19.37,137.66,No
72,One year,No,Mailed check,1,No,Yes,No,Yes,No internet service,No internet service,No internet service,No internet service,No internet service,No internet service,21.88,1533.16,No
19,Month-to-month,DSL,Credit card,0,No,No,Yes,Yes,Yes,No,Yes,Yes,No,No,66.26,1278.92,No
29,One year,DSL,Electronic check,0,No,No,No,Yes,Yes,No,No,Yes,No,Yes,69.45,2090.24,No
72,Two year,DSL,Bank transfer,0,Yes,No,Yes,Yes,No,No,No,No,No,No,44.33,3188.4,No
20,Month-to-month,No,Credit card,0,Yes,Yes,No,Yes,No internet service,No internet service,No internet service,No internet service,No internet service,No internet service,20.63,407.07,No
32,One year,DSL,Credit card,0,No,Yes,No,Yes,No,No,Yes,No,Yes,Yes,67.5,2068.33,No
9,Month-to-month,DSL,Electronic check,0,No,Yes,No,Yes,No,Yes,No,No,No,No,53.38,470.64,No
72,Two year,No,Credit card,0,No,No,Yes,Yes,No internet service,No internet service,No internet service,No internet service,No internet service,No internet service,18.0,1329.55,No
38,Two year,DSL,Electronic check,0,Yes,No,Yes,No,No,No,No,Yes,Yes,No,60.87,2378.31,No
36,Month-to-month,Fiber optic,Mailed check,0,Yes,No,No,Yes,No,No,No,No,Yes,Yes,75.82,2761.67,No
25,One year,Fiber optic,Electronic check,1,Yes,No,Yes,Yes,No,No,No,No,No,No,62.32,1618.73,No
8,Month-to-month,Fiber optic,Bank transfer,0,No,No,Yes,Yes,Yes,No,No,No,Yes,No,72.49,602.71,No
17,Month-to-month,Fiber optic,Electronic check,1,Yes,No,No,Yes,No,Yes,No,No,No,Yes,72.79,1246.65,Yes
45,One year,Fiber optic,Electronic check,0,Yes,Yes,No,No,Yes,No,No,Yes,No,No,81.93,3759.87,No
0,Month-to-month,Fiber optic,Electronic check,0,Yes,No,No,Yes,Yes,No,No,No,No,Yes,81.58,81.66,Yes
29,One year,Fiber optic,Credit card,0,Yes,No,Yes,Yes,No,Yes,Yes,Yes,No,No,83.31,2520.36,No
34,Month-to-month,No,Bank transfer,0,No,Yes,Yes,Yes,No internet service,No internet service,No internet service,No internet service,No internet service,No internet service,20.14,664.47,No
34,Month-to-month,Fiber optic,Bank transfer,0,Yes,Yes,Yes,Yes,No,No,No,Yes,Yes,No,79.66,2822.71,No
49,Two year,Fiber optic,Bank transfer,0,No,No,No,Yes,No,No,No,No,Yes,Yes,80.2,3891.12,No
0,Month-to-month,Fiber optic,Mailed check,0,No,No,No,Yes,No,No,Yes,No,No,Yes,78.06,80.14,No
41,One year,Fiber optic,Electronic check,0,Yes,No,Yes,Yes,No,No,Yes,No,No,No,69.51,2942.46,Yes
31,Month-to-month,DSL,Electronic check,0,Yes,Yes,Yes,Yes,Yes,Yes,Yes,No,No,Yes,73.28,2201.83,No
57,Two year,DSL,Mailed check,1,Yes,No,No,Yes,No,No,No,No,No,No,44.5,2642.87,No
60,One year,Fiber optic,Credit card,0,Yes,No,Yes,Yes,Yes,No,No,No,No,No,70.66,4059.33,No
14,Month-to-month,DSL,Electronic check,1,No,No,Yes,Yes,No,No,Yes,No,No,No,53.89,773.1,Yes
0,Month-to-month,Fiber optic,Bank transfer,0,No,Yes,No,No,No,No,Yes,No,No,No,70.55,73.81,Yes
8,Month-to-month,DSL,Credit card,0,Yes,No,Yes,Yes,No,Yes,Yes,No,No,No,61.02,511.18,No
54,Two year,No,Credit card,0,Yes,No,No,Yes,No internet service,No internet service,No internet service,No internet service,No internet service,No internet service,19.84,1026.74,No
7,Month-to-month,No,Electronic check,0,No,No,No,Yes,No internet service,No internet service,No internet service,No internet service,No internet service,No internet service,20.92,150.72,Yes
10,Month-to-month,Fiber optic,Credit card,0,No,Yes,No,Yes,Yes,No,Yes,No,Yes,Yes,92.15,893.83,Yes
53,One year,DSL,Bank transfer,0,Yes,Yes,Yes,Yes,No,No,No,No,No,Yes,47.03,2509.97,No
5,Month-to-month,No,Mailed check,1,Yes,No,No,Yes,No internet service,No internet service,No internet service,No internet service,No internet service,No internet service,18.0,88.96,No
0,Month-to-month,No,Bank transfer,0,Yes,No,No,Yes,No internet service,No internet service,No internet service,No internet service,No internet service,No internet service,22.13,22.49,No
31,Month-to-month,Fiber optic,Electronic check,0,Yes,No,No,Yes,No,No,Yes,No,No,No,69.61,2157.42,No
28,Month-to-month,DSL,Credit card,0,No,No,Yes,Yes,Yes,No,No,Yes,Yes,No,63.39,1784.58,No
21,One year,Fiber optic,Bank transfer,0,No,No,No,Yes,No,Yes,Yes,No,No,Yes,85.41,1738.27,Yes
65,Two year,Fiber optic,Credit card,0,Yes,No,No,Yes,Yes,No,No,No,No,Yes,76.85,4919.11,No
36,Two year,DSL,Credit card,0,No,No,Yes,Yes,Yes,No,Yes,No,Yes,Yes,76.81,2851.03,No
42,Two year,Fiber optic,Bank transfer,0,Yes,Yes,No,Yes,Yes,No,No,No,No,Yes,75.2,3036.01,No
0,Month-to-month,Fiber optic,Electronic check,0,Yes,Yes,Yes,Yes,Yes,No,Yes,No,Yes,Yes,88.53,89.6,Yes
11,Month-to-month,No,Electronic check,0,No,No,Yes,Yes,No internet service,No internet service,No internet service,No internet service,No internet service,No internet service,18.88,203.16,Yes
47,One year,DSL,Credit card,0,No,No,Yes,Yes,No,No,No,No,Yes,No,53.41,2560.51,No
58,Two year,No,Bank transfer,0,No,Yes,Yes,Yes,No internet service,No internet service,No internet service,No internet service,No internet service,No internet service,21.63,1285.0,No
25,One year,No,Credit card,0,Yes,No,Yes,Yes,No internet service,No internet service,No internet service,No internet service,No internet service,No internet service,24.55,589.01,No
21,Month-to-month,No,Mailed check,0,Yes,No,No,Yes,No internet service,No internet service,No internet service,No internet service,No internet service,No internet service,19.99,433.15,No
44,One year,DSL,Mailed check,0,No,No,Yes,Yes,Yes,No,No,No,No,No,52.29,2188.05,No
69,Two year,Fiber optic,Credit card,0,Yes,No,Yes,No,No,Yes,No,No,Yes,No,79.63,5755.11,No
60,Two year,Fiber optic,Bank transfer,1,No,Yes,Yes,No,No,Yes,Yes,No,No,Yes,84.11,5272.49,No
66,Two year,No,Mailed check,0,No,Yes,No,Yes,No internet service,No internet service,No internet service,No internet service,No internet service,No internet service,21.91,1390.79,No
19,Month-to-month,Fiber optic,Electronic check,0,Yes,No,Yes,Yes,Yes,No,Yes,No,Yes,No,86.25,1710.88,Yes
5,Month-to-month,Fiber optic,Credit card,0,No,No,No,Yes,Yes,Yes,Yes,No,Yes,Yes,97.39,463.68,No
21,Month-to-month,DSL,Bank transfer,0,No,No,No,Yes,No,No,Yes,Yes,No,No,58.93,1236.4,Yes
37,Month-to-month,Fiber optic,Mailed check,1,No,No,No,Yes,No,No,No,No,No,Yes,70.3,2662.64,No
72,Two year,Fiber optic,Mailed check,0,Yes,No,No,No,No,Yes,No,No,Yes,No,74.41,5191.73,No
0,Month-to-month,DSL,Electronic check,0,No,No,No,Yes,No,No,No,Yes,Yes,Yes,64.86,65.47,Yes
28,Month-to-month,Fiber optic,Mailed check,0,Yes,No,Yes,Yes,No,No,Yes,No,Yes,Yes,84.28,2420.12,Yes
10,Month-to-month,DSL,Electronic check,1,Yes,Yes,Yes,Yes,No,No,Yes,No,Yes,No,57.15,545.29,No
44,One year,Fiber optic,Electronic check,0,No,Yes,Yes,Yes,Yes,No,Yes,Yes,No,Yes,91.04,3969.1,No
0,Month-to-month,DSL,Credit card,0,No,No,No,Yes,No,Yes,Yes,No,No,Yes,64.44,66.23,No
11,Month-to-month,Fiber optic,Mailed check,0,Yes,Yes,No,Yes,No,No,Yes,No,Yes,Yes,79.2,856.12,Yes
28,Two year,DSL,Credit card,0,No,Yes,No,Yes,Yes,Yes,No,No,Yes,Yes,68.34,1873.93,No
11,Month-to-month,Fiber optic,Mailed check,0,No,No,No,Yes,Yes,No,Yes,No,Yes,Yes,90.61,947.32,Yes
28,Month-to-month,Fiber optic,Electronic check,0,No,No,Yes,Yes,Yes,No,No,Yes,Yes,No,85.35,2400.48,Yes
25,Month-to-month,No,Mailed check,0,Yes,Yes,Yes,Yes,No internet service,No internet service,No internet service,No internet service,No internet service,No internet service,20.75,506.41,No
72,One year,Fiber optic,Electronic check,0,Yes,No,Yes,Yes,Yes,No,No,No,No,Yes,83.41,5845.38,No
30,One year,DSL,Bank transfer,0,No,No,Yes,Yes,Yes,Yes,No,No,No,No,55.12,1654.53,No
40,Two year,Fiber optic,Credit card,0,No,No,No,Yes,Yes,Yes,Yes,No,Yes,No,97.13,3966.77,No
40,Month-to-month,Fiber optic,Bank transfer,0,Yes,No,No,Yes,No,Yes,No,No,Yes,Yes,80.23,3253.46,No
27,Two year,Fiber optic,Bank transfer,0,Yes,No,Yes,Yes,No,No,No,No,Yes,Yes,79.97,2229.23,No
41,One year,No,Credit card,0,No,No,Yes,Yes,No internet service,No internet service,No internet service,No internet service,No internet service,No internet service,18.98,757.67,No
26,Month-to-month,Fiber optic,Bank transfer,0,No,No,No,Yes,No,No,Yes,No,Yes,Yes,83.17,2076.15,No
0,Month-to-month,Fiber optic,Mailed check,0,No,No,No,Yes,No,Yes,No,No,Yes,Yes,87.64,89.95,Yes
1,Month-to-month,DSL,Bank transfer,1,No,Yes,No,No,Yes,No,No,No,Yes,Yes,62.81,64.08,No
32,Two year,Fiber optic,Mailed check,0,No,No,Yes,No,No,Yes,No,No,Yes,No,80.04,2599.61,No
31,Month-to-month,No,Electronic check,0,No,Yes,Yes,Yes,No internet service,No internet service,No internet service,No internet service,No internet service,No internet service,21.13,686.86,Yes
8,Month-to-month,No,Bank transfer,0,No,No,Yes,Yes,No internet service,No internet service,No internet service,No internet service,No internet service,No internet service,19.27,154.61,No
34,One year,DSL,Bank transfer,0,No,No,Yes,Yes,Yes,No,No,No,Yes,Yes,58.17,2030.97,No
28,Two year,DSL,Electronic check,1,Yes,No,Yes,Yes,Yes,No,No,Yes,Yes,Yes,73.73,2022.14,No
25,One year,Fiber optic,Credit card,0,Yes,Yes,Yes,Yes,No,No,No,No,Yes,Yes,82.41,1982.7,No
25,One year,No,Electronic check,1,Yes,No,No,Yes,No internet service,No internet service,No internet service,No internet service,No internet service,No internet service,21.55,516.52,No
15,Month-to-month,DSL,Bank transfer,0,No,Yes,Yes,Yes,No,No,Yes,No,No,Yes,59.33,882.23,No
49,Two year,Fiber optic,Credit card,0,Yes,No,Yes,No,No,No,No,No,No,Yes,70.3,3445.33,No
42,Month-to-month,No,Electronic check,0,Yes,Yes,Yes,Yes,No internet service,No internet service,No internet service,No internet service,No internet service,No internet service,19.23,831.71,No
29,Month-to-month,No,Credit card,0,No,No,Yes,Yes,No internet service,No internet service,No internet service,No internet service,No internet service,No internet service,22.58,644.9,No
26,Two year,Fiber optic,Credit card,0,No,No,No,Yes,Yes,Yes,No,Yes,No,Yes,86.74,2251.38,No
34,Month-to-month,Fiber optic,Bank transfer,1,No,No,No,Yes,No,No,No,Yes,Yes,Yes,81.51,2844.54,No
32,Month-to-month,DSL,Credit card,0,No,No,Yes,No,No,No,No,Yes,Yes,No,55.3,1689.76,No
39,One year,No,Bank transfer,0,Yes,Yes,Yes,Yes,No internet service,No internet service,No internet service,No internet service,No internet service,No internet service,19.26,754.32,No
34,Month-to-month,DSL,Mailed check,0,Yes,No,Yes,Yes,No,Yes,Yes,No,Yes,Yes,69.21,2441.94,No
37,Month-to-month,Fiber optic,Bank transfer,0,No,Yes,No,Yes,No,No,No,Yes,Yes,Yes,82.78,2978.74,Yes
30,One year,Fiber optic,Mailed check,0,No,No,No,Yes,No,No,No,Yes,Yes,Yes,83.11,2370.94,No
18,One year,Fiber optic,Electronic check,1,Yes,No,Yes,Yes,No,No,Yes,Yes,No,No,80.56,1450.95,No
63,Two year,Fiber optic,Electronic check,0,Yes,Yes,No,Yes,Yes,Yes,Yes,Yes,Yes,No,91.21,5506.34,No
5,Month-to-month,DSL,Mailed check,0,Yes,No,Yes,Yes,Yes,No,No,Yes,No,Yes,67.36,332.39,No
42,One year,Fiber optic,Credit card,1,No,No,No,Yes,No,No,No,Yes,Yes,No,78.68,3330.21,No
37,Two year,Fiber optic,Credit card,0,Yes,No,No,No,Yes,No,Yes,No,No,No,82.34,2971.7,Yes
34,Month-to-month,No,Credit card,1,Yes,No,Yes,Yes,No internet service,No internet service,No internet service,No internet service,No internet service,No internet service,23.77,808.45,No
6,Month-to-month,Fiber optic,Electronic check,0,Yes,No,No,Yes,No,No,Yes,No,No,No,68.51,399.55,No
15,Month-to-month,Fiber optic,Bank transfer,0,No,No,Yes,Yes,No,No,Yes,No,No,No,69.75,995.41,No
14,Month-to-month,No,Bank transfer,0,No,No,No,Yes,No internet service,No internet service,No internet service,No internet service,No internet service,No internet service,20.67,294.54,Yes
0,Month-to-month,Fiber optic,Electronic check,0,Yes,No,Yes,Yes,No,No,No,No,No,No,65.16,67.09,Yes
55,One year,No,Bank transfer,0,Yes,Yes,No,Yes,No internet service,No internet service,No internet service,No internet service,No internet service,No internet service,20.9,1200.13,No
72,Two year,Fiber optic,Mailed check,0,Yes,No,Yes,Yes,Yes,No,Yes,No,Yes,No,85.9,6026.12,No
16,Month-to-month,Fiber optic,Credit card,0,No,Yes,Yes,Yes,No,No,Yes,No,Yes,Yes,82.97,1284.7,Yes
26,One year,DSL,Electronic check,0,Yes,No,No,Yes,Yes,No,Yes,No,No,No,58.71,1479.07,No
14,Month-to-month,Fiber optic,Credit card,0,No,Yes,No,Yes,No,No,Yes,Yes,Yes,No,85.45,1152.07,Yes
10,Month-to-month,DSL,Credit card,0,Yes,No,Yes,Yes,No,No,No,Yes,No,No,50.72,531.44,Yes
38,One year,Fiber optic,Bank transfer,0,No,No,No,Yes,No,No,No,No,No,Yes,71.51,2702.37,No
13,Month-to-month,DSL,Electronic check,0,Yes,No,No,Yes,Yes,Yes,No,Yes,Yes,No,73.93,970.78,No
39,Two year,Fiber optic,Electronic check,0,No,No,No,Yes,Yes,No,No,Yes,No,Yes,82.79,3227.18,No
36,Month-to-month,No,Credit card,0,No,Yes,Yes,Yes,No internet service,No internet service,No internet service,No internet service,No internet service,No internet service,18.48,636.44,No
15,Month-to-month,DSL,Electronic check,0,Yes,No,No,Yes,Yes,Yes,No,No,Yes,No,64.92,1006.5,Yes
49,Month-to-month,DSL,Electronic check,1,Yes,No,Yes,Yes,No,No,No,No,No,No,48.78,2405.14,Yes
20,Month-to-month,Fiber optic,Credit card,0,Yes,No,Yes,Yes,No,No,No,Yes,No,No,68.1,1312.81,No
48,Two year,DSL,Bank transfer,0,No,No,No,Yes,Yes,No,No,Yes,No,No,64.99,3271.37,No
33,One year,DSL,Bank transfer,0,No,Yes,Yes,Yes,No,Yes,No,No,Yes,No,56.78,1961.34,No
12,Month-to-month,Fiber optic,Electronic check,0,No,No,Yes,Yes,No,Yes,No,Yes,No,Yes,84.78,1051.33,Yes
16,Month-to-month,DSL,Mailed check,0,No,Yes,No,Yes,No,Yes,No,Yes,Yes,Yes,69.65,1166.26,No
42,One year,Fiber optic,Credit card,0,Yes,Yes,Yes,Yes,Yes,No,No,No,No,No,69.08,3000.04,Yes
36,Two year,Fiber optic,Electronic check,0,Yes,No,Yes,Yes,Yes,Yes,No,No,No,No,77.73,2820.18,No
2,Month-to-month,DSL,Electronic check,0,No,No,Yes,Yes,No,Yes,Yes,No,No,Yes,66.91,127.23,No
30,Month-to-month,Fiber optic,Electronic check,0,Yes,No,No,Yes,No,Yes,No,No,No,Yes,81.67,2485.15,No
26,Month-to-month,Fiber optic,Bank transfer,0,Yes,Yes,Yes,Yes,No,No,No,No,Yes,Yes,79.13,2028.11,Yes
0,Month-to-month,DSL,Electronic check,0,Yes,No,Yes,Yes,Yes,No,No,Yes,Yes,No,71.1,68.27,Yes
26,Month-to-month,DSL,Credit card,0,Yes,No,No,Yes,No,No,No,No,No,Yes,49.12,1266.12,No
31,Month-to-month,Fiber optic,Electronic check,0,No,No,No,Yes,No,No,No,Yes,Yes,No,74.93,2352.99,Yes
22,Month-to-month,Fiber optic,Electronic check,0,Yes,No,No,Yes,No,Yes,No,No,Yes,Yes,82.07,1816.97,Yes
0,Month-to-month,DSL,Credit card,0,Yes,No,Yes,Yes,Yes,No,Yes,No,Yes,Yes,65.98,63.92,Yes
0,Month-to-month,DSL,Credit card,0,Yes,No,No,Yes,No,No,Yes,No,Yes,No,60.02,61.4,Yes
53,Two year,DSL,Bank transfer,0,Yes,Yes,Yes,Yes,Yes,Yes,No,No,Yes,Yes,77.21,3911.64,No
68,One year,DSL,Credit card,0,Yes,No,No,Yes,No,Yes,No,No,Yes,Yes,67.33,4674.3,No
9,Month-to-month,DSL,Electronic check,0,Yes,No,Yes,Yes,No,No,No,No,Yes,No,52.12,473.82,No
28,Month-to-month,No,Mailed check,0,Yes,No,No,Yes,No internet service,No internet service,No internet service,No internet service,No internet service,No internet service,20.38,565.23,Yes
8,Month-to-month,Fiber optic,Electronic check,0,Yes,No,No,Yes,No,Yes,No,Yes,No,Yes,86.0,660.7,Yes
72,Two year,Fiber optic,Mailed check,0,No,Yes,Yes,Yes,Yes,No,No,No,No,Yes,73.12,5094.07,No
39,One year,Fiber optic,Credit card,0,No,No,Yes,Yes,No,No,Yes,Yes,Yes,Yes,86.45,3239.39,No
0,Month-to-month,Fiber optic,Credit card,0,No,No,Yes,Yes,No,Yes,No,No,No,Yes,83.79,85.14,Yes
41,Two year,Fiber optic,Electronic check,0,Yes,No,Yes,No,No,Yes,No,Yes,Yes,Yes,93.54,3887.33,No
40,Two year,No,Mailed check,0,Yes,Yes,Yes,No,No internet service,No internet service,No internet service,No internet service,No internet service,No internet service,24.21,945.59,No
56,Two year,Fiber optic,Credit card,0,No,Yes,Yes,Yes,Yes,Yes,No,Yes,Yes,No,92.34,5211.31,No
7,Month-to-month,Fiber optic,Bank transfer,0,Yes,Yes,Yes,Yes,Yes,Yes,No,No,No,Yes,85.1,620.42,Yes
10,Month-to-month,DSL,Electronic check,0,Yes,No,Yes,Yes,No,No,Yes,Yes,No,No,52.42,522.11,No
69,One year,No,Mailed check,0,Yes,Yes,Yes,Yes,No internet service,No internet service,No internet service,No internet service,No internet service,No internet service,18.5,1303.07,No
9,Month-to-month,Fiber optic,Electronic check,0,Yes,No,No,Yes,Yes,No,No,No,Yes,No,75.37,679.88,Yes
41,One year,DSL,Mailed check,0,No,No,Yes,Yes,No,Yes,Yes,No,No,No,55.78,2346.22,No
50,Two year,No,Mailed check,0,No,No,Yes,Yes,No internet service,No internet service,No internet service,No internet service,No internet service,No internet service,19.3,947.54,No
17,Month-to-month,Fiber optic,Mailed check,0,Yes,No,Yes,Yes,Yes,No,No,No,Yes,No,79.78,1336.64,No
29,Month-to-month,DSL,Mailed check,1,Yes,No,Yes,Yes,No,No,No,Yes,Yes,No,60.01,1654.37,No
0,Month-to-month,Fiber optic,Mailed check,0,Yes,No,Yes,Yes,No,Yes,Yes,No,Yes,No,86.06,84.04,Yes
20,Month-to-month,Fiber optic,Electronic check,0,Yes,No,Yes,No,No,Yes,No,Yes,No,Yes,92.34,1755.71,Yes
32,One year,Fiber optic,Electronic check,0,No,No,Yes,Yes,Yes,Yes,No,Yes,Yes,No,88.57,2806.07,No
41,One year,Fiber optic,Mailed check,1,No,No,Yes,Yes,No,No,No,No,Yes,No,73.99,2997.76,No
15,Month-to-month,DSL,Credit card,0,Yes,No,Yes,Yes,No,Yes,Yes,No,Yes,No,64.22,975.62,Yes
35,One year,No,Credit card,0,Yes,No,No,Yes,No internet service,No internet service,No internet service,No internet service,No internet service,No internet service,22.1,745.98,No
23,Month-to-month,Fiber optic,Electronic check,0,No,No,No,Yes,No,Yes,No,No,Yes,No,82.41,1864.12,Yes
29,One year,DSL,Mailed check,0,Yes,No,No,Yes,No,No,Yes,No,No,No,51.33,1538.99,No
49,Month-to-month,Fiber optic,Bank transfer,0,No,Yes,Yes,Yes,Yes,Yes,Yes,Yes,No,No,92.5,4406.28,No
23,One year,Fiber optic,Mailed check,0,No,No,Yes,Yes,No,Yes,Yes,No,No,Yes,91.01,2082.4,Yes
61,One year,DSL,Bank transfer,0,Yes,No,No,Yes,Yes,No,No,Yes,No,Yes,63.87,3804.02,No
0,Month-to-month,Fiber optic,Credit card,0,No,No,Yes,Yes,Yes,No,Yes,Yes,Yes,No,93.05,90.75,Yes
34,One year,No,Electronic check,1,Yes,Yes,Yes,Yes,No internet service,No internet service,No internet service,No internet service,No internet service,No internet service,19.4,690.59,Yes
59,Two year,Fiber optic,Mailed check,1,Yes,No,No,Yes,No,Yes,No,Yes,No,Yes,83.43,5154.43,No
3,Month-to-month,No,Mailed check,0,No,No,Yes,Yes,No internet service,No internet service,No internet service,No internet service,No internet service,No internet service,18.0,51.5,No
22,One year,Fiber optic,Mailed check,0,No,No,Yes,Yes,Yes,Yes,No,Yes,No,Yes,83.78,1791.92,No
50,Two year,Fiber optic,Electronic check,1,No,Yes,No,Yes,No,No,No,No,Yes,Yes,77.75,4037.01,No
68,Two year,DSL,Bank transfer,0,No,No,No,Yes,No,No,Yes,No,No,Yes,56.7,3889.79,No
19,Month-to-month,DSL,Electronic check,1,Yes,Yes,No,Yes,No,No,No,No,Yes,No,52.32,1023.0,Yes
68,One year,Fiber optic,Bank transfer,0,No,No,No,Yes,Yes,Yes,No,Yes,No,Yes,89.15,6033.44,No
63,Two year,No,Bank transfer,0,No,Yes,Yes,Yes,No internet service,No internet service,No internet service,No internet service,No internet service,No internet service,21.88,1413.76,No
31,One year,Fiber optic,Electronic check,0,No,Yes,Yes,Yes,Yes,No,No,No,Yes,No,80.44,2422.5,No
0,Month-to-month,Fiber optic,Credit card,0,Yes,Yes,Yes,Yes,No,Yes,No,No,Yes,Yes,81.23,82.2,No
0,Month-to-month,Fiber optic,Credit card,0,Yes,No,Yes,Yes,No,No,Yes,Yes,Yes,Yes,87.65,91.41,Yes
50,Two year,DSL,Mailed check,0,No,No,No,Yes,No,No,Yes,Yes,Yes,No,64.44,3321.48,No
0,Month-to-month,DSL,Credit card,0,Yes,Yes,Yes,Yes,No,No,Yes,Yes,No,No,59.95,62.43,No
15,Month-to-month,No,Credit card,0,No,No,Yes,No,No internet service,No internet service,No internet service,No internet service,No internet service,No internet service,18.08,260.7,No
22,Month-to-month,DSL,Electronic check,0,Yes,No,No,Yes,No,No,Yes,Yes,No,No,58.6,1349.46,Yes
33,One year,Fiber optic,Bank transfer,0,Yes,No,Yes,Yes,No,No,Yes,No,Yes,Yes,82.51,2747.79,No
14,Month-to-month,Fiber optic,Bank transfer,0,Yes,No,Yes,Yes,Yes,No,No,Yes,Yes,Yes,86.16,1192.18,Yes
72,Two year,Fiber optic,Bank transfer,0,No,No,No,Yes,Yes,No,Yes,No,Yes,Yes,93.4,6898.42,No
39,One year,DSL,Credit card,0,Yes,No,Yes,Yes,Yes,No,No,No,No,No,51.27,2000.49,No
52,Two year,Fiber optic,Mailed check,0,Yes,No,No,Yes,No,Yes,Yes,Yes,No,No,85.39,4660.47,No
38,Two year,DSL,Electronic check,0,No,Yes,Yes,Yes,No,No,Yes,Yes,Yes,No,60.88,2315.6,No
18,Month-to-month,DSL,Mailed check,0,Yes,No,Yes,No,No,No,No,Yes,No,No,52.51,979.12,Yes
30,One year,No,Bank transfer,0,No,No,Yes,Yes,No internet service,No internet service,No internet service,No internet service,No internet service,No internet service,18.0,531.46,Yes
47,Month-to-month,Fiber optic,Mailed check,0,Yes,Yes,Yes,Yes,No,Yes,Yes,No,Yes,No,83.45,3965.06,No
63,Two year,Fiber optic,Electronic check,0,No,Yes,Yes,No,Yes,No,No,Yes,No,No,79.4,5042.52,No
41,Month-to-month,No,Electronic check,0,No,No,No,Yes,No internet service,No internet service,No internet service,No internet service,No internet service,No internet service,23.34,972.11,No
41,One year,DSL,Bank transfer,0,No,Yes,Yes,Yes,No,Yes,Yes,No,No,Yes,62.17,2472.13,No
72,Two year,DSL,Electronic check,0,Yes,No,Yes,Yes,Yes,Yes,Yes,No,Yes,Yes,85.62,6167.96,No
2,Month-to-month,DSL,Mailed check,0,No,Yes,Yes,Yes,No,Yes,Yes,Yes,Yes,Yes,78.01,151.39,No
58,Two year,No,Electronic check,0,Yes,Yes,No,Yes,No internet service,No internet service,No internet service,No internet service,No internet service,No internet service,21.57,1198.04,No
4,Month-to-month,Fiber optic,Mailed check,0,No,Yes,Yes,Yes,Yes,Yes,No,No,No,Yes,83.6,341.3,No
11,Month-to-month,No,Electronic check,0,Yes,No,Yes,No,No internet service,No internet service,No internet service,No internet service,No internet service,No internet service,21.14,225.7,Yes
19,Month-to-month,Fiber optic,Electronic check,0,No,No,No,Yes,No,No,No,Yes,No,Yes,76.21,1479.8,Yes
3,Month-to-month,No,Bank transfer,0,Yes,No,No,Yes,No internet service,No internet service,No internet service,No internet service,No internet service,No internet service,18.0,51.49,No
15,One year,Fiber optic,Electronic check,0,No,Yes,Yes,Yes,No,Yes,Yes,Yes,Yes,No,89.07,1341.5,Yes
70,Two year,Fiber optic,Electronic check,0,Yes,No,Yes,Yes,Yes,No,No,No,Yes,Yes,81.5,5725.44,No
0,Month-to-month,Fiber optic,Bank transfer,0,No,No,Yes,Yes,No,No,No,No,No,No,63.1,62.87,Yes
65,One year,No,Electronic check,0,Yes,Yes,Yes,Yes,No internet service,No internet service,No internet service,No internet service,No internet service,No internet service,23.69,1564.83,No
41,Two year,No,Electronic check,0,No,Yes,No,Yes,No internet service,No internet service,No internet service,No internet service,No internet service,No internet service,19.35,780.03,No
63,Two year,Fiber optic,Mailed check,1,No,No,Yes,Yes,Yes,No,No,No,Yes,No,78.89,5105.8,No
28,Month-to-month,Fiber optic,Mailed check,0,Yes,No,Yes,No,No,No,Yes,Yes,Yes,Yes,94.92,2781.68,No
36,Two year,Fiber optic,Mailed check,1,Yes,No,Yes,Yes,No,No,Yes,No,Yes,No,71.21,2580.56,No
25,Month-to-month,Fiber optic,Credit card,0,No,Yes,Yes,Yes,Yes,Yes,No,No,Yes,No,81.03,2122.56,Yes
41,One year,No,Mailed check,0,Yes,No,Yes,Yes,No internet service,No internet service,No internet service,No internet service,No internet service,No internet service,22.98,949.76,No
48,One year,Fiber optic,Bank transfer,0,Yes,No,Yes,Yes,No,No,Yes,Yes,No,No,73.04,3570.56,No
72,Two year,No,Credit card,1,Yes,Yes,No,Yes,No internet service,No internet service,No internet service,No internet service,No internet service,No internet service,21.75,1537.6,No
31,Month-to-month,No,Mailed check,0,Yes,No,Yes,Yes,No internet service,No internet service,No internet service,No internet service,No internet service,No internet service,23.29,750.55,No
4,Month-to-month,Fiber optic,Bank transfer,0,No,No,No,Yes,Yes,No,No,No,Yes,No,76.71,293.78,Yes
36,One year,DSL,Mailed check,0,Yes,No,Yes,Yes,No,No,No,No,Yes,No,50.02,1764.32,No
5,Month-to-month,No,Bank transfer,1,No,No,No,Yes,No internet service,No internet service,No internet service,No internet service,No internet service,No internet service,19.85,94.7,No
9,Month-to-month,No,Credit card,0,Yes,Yes,Yes,Yes,No internet service,No internet service,No internet service,No internet service,No internet service,No internet service,22.4,210.54,No
46,One year,DSL,Electronic check,0,Yes,No,Yes,Yes,Yes,Yes,Yes,Yes,No,Yes,79.12,3482.34,No
48,One year,Fiber optic,Credit card,0,No,No,Yes,Yes,Yes,No,Yes,No,No,No,76.36,3730.28,No
27,Month-to-month,Fiber optic,Mailed check,0,No,No,No,Yes,Yes,No,No,Yes,Yes,No,86.9,2324.86,Yes
23,Month-to-month,No,Bank transfer,1,No,Yes,Yes,Yes,No internet service,No internet service,No internet service,No internet service,No internet service,No internet service,18.64,408.98,Yes
61,Two year,Fiber optic,Mailed check,0,Yes,No,No,Yes,No,No,No,No,No,No,66.31,4147.98,No
11,Month-to-month,DSL,Electronic check,0,Yes,No,Yes,Yes,Yes,No,No,No,No,No,50.13,567.34,No
40,Month-to-month,DSL,Electronic check,1,Yes,No,No,Yes,Yes,Yes,No,Yes,Yes,Yes,78.91,3082.91,No
29,Month-to-month,Fiber optic,Credit card,0,No,No,No,Yes,Yes,No,Yes,Yes,No,No,84.01,2383.62,No
18,Month-to-month,Fiber optic,Bank transfer,0,No,No,Yes,Yes,Yes,Yes,No,No,Yes,Yes,86.18,1478.77,Yes
72,Two year,Fiber optic,Credit card,0,No,No,No,Yes,Yes,No,No,No,Yes,No,75.27,5481.49,No
10,Month-to-month,No,Electronic check,0,No,No,Yes,Yes,No internet service,No internet service,No internet service,No internet service,No internet service,No internet service,20.44,205.61,No
20,Month-to-month,Fiber optic,Electronic check,0,Yes,Yes,Yes,Yes,No,Yes,No,Yes,Yes,No,84.61,1720.29,No
32,Month-to-month,Fiber optic,Electronic check,0,No,No,Yes,No,No,No,No,No,No,No,64.08,1958.63,Yes
0,Month-to-month,No,Electronic check,1,No,No,Yes,Yes,No internet service,No internet service,No internet service,No internet service,No internet service,No internet service,20.13,20.39,Yes
54,Month-to-month,DSL,Mailed check,0,Yes,No,No,Yes,Yes,No,No,No,No,No,48.89,2575.94,No
45,Two year,DSL,Credit card,0,Yes,No,Yes,Yes,Yes,No,Yes,No,No,No,57.06,2531.08,No
31,One year,No,Credit card,0,No,Yes,Yes,Yes,No internet service,No internet service,No internet service,No internet service,No internet service,No internet service,18.0,579.01,No
18,Month-to-month,Fiber optic,Mailed check,1,Yes,No,Yes,Yes,No,No,Yes,Yes,No,Yes,86.16,1576.06,Yes
30,Month-to-month,No,Mailed check,0,Yes,No,No,Yes,No internet service,No internet service,No internet service,No internet service,No internet service,No internet service,18.6,551.96,No
31,Month-to-month,No,Bank transfer,0,Yes,No,No,Yes,No internet service,No internet service,No internet service,No internet service,No internet service,No internet service,18.0,578.38,No
42,Month-to-month,Fiber optic,Bank transfer,1,No,Yes,No,Yes,No,No,No,Yes,Yes,No,81.4,3524.47,No
37,One year,Fiber optic,Bank transfer,0,No,No,No,Yes,No,Yes,No,Yes,No,Yes,82.81,2919.51,Yes
23,Month-to-month,Fiber optic,Mailed check,1,No,No,No,Yes,No,Yes,No,No,Yes,No,79.83,1830.71,Yes
13,One year,DSL,Electronic check,0,No,No,No,Yes,Yes,Yes,No,Yes,No,Yes,76.37,976.31,Yes
37,Two year,DSL,Electronic check,0,Yes,No,Yes,Yes,Yes,Yes,No,No,No,Yes,62.17,2335.76,No
17,Month-to-month,DSL,Credit card,0,No,No,Yes,No,Yes,No,Yes,Yes,Yes,Yes,67.71,1122.7,Yes
60,Two year,No,Bank transfer,1,Yes,No,No,Yes,No internet service,No internet service,No internet service,No internet service,No internet service,No internet service,20.93,1260.35,No
17,Month-to-month,DSL,Credit card,0,No,No,Yes,Yes,No,No,No,Yes,No,No,53.29,931.82,No
26,Month-to-month,No,Electronic check,0,No,No,Yes,Yes,No internet service,No internet service,No internet service,No internet service,No internet service,No internet service,18.0,467.85,Yes
53,Two year,DSL,Mailed check,0,No,Yes,No,Yes,No,No,Yes,No,Yes,No,56.24,3035.19,No
14,Month-to-month,DSL,Electronic check,0,No,Yes,Yes,No,Yes,No,Yes,Yes,Yes,Yes,80.29,1110.29,No
72,One year,Fiber optic,Credit card,0,Yes,No,No,No,Yes,No,Yes,No,Yes,Yes,85.87,6388.73,No
34,One year,DSL,Electronic check,1,Yes,Yes,No,Yes,No,No,No,No,No,No,46.64,1529.07,No
34,Month-to-month,DSL,Bank transfer,0,No,No,Yes,Yes,Yes,No,No,No,No,Yes,56.56,1960.79,No
33,Two year,Fiber optic,Electronic check,0,Yes,No,No,No,Yes,Yes,Yes,No,No,No,85.67,2883.6,No
20,Month-to-month,No,Electronic check,0,Yes,No,Yes,Yes,No internet service,No internet service,No internet service,No internet service,No internet service,No internet service,20.9,397.19,Yes
43,Two year,DSL,Electronic check,0,No,Yes,No,Yes,Yes,Yes,Yes,Yes,Yes,No,76.21,3221.61,No
50,Month-to-month,Fiber optic,Mailed check,0,Yes,No,Yes,Yes,No,No,Yes,No,No,Yes,76.0,3883.86,No
9,Month-to-month,No,Credit card,0,Yes,No,Yes,Yes,No internet service,No internet service,No internet service,No internet service,No internet service,No internet service,18.59,159.5,No
18,Month-to-month,Fiber optic,Credit card,0,Yes,No,Yes,Yes,Yes,No,Yes,Yes,No,No,85.26,1473.46,Yes
41,Two year,DSL,Bank transfer,0,Yes,Yes,No,Yes,No,No,No,No,Yes,Yes,65.05,2663.36,No
4,Month-to-month,DSL,Mailed check,0,Yes,No,No,Yes,No,No,No,No,No,Yes,55.31,214.7,Yes
53,Two year,Fiber optic,Bank transfer,0,Yes,No,Yes,Yes,No,No,Yes,No,Yes,Yes,78.24,4187.13,No
24,Month-to-month,Fiber optic,Electronic check,1,No,No,No,Yes,Yes,Yes,No,No,Yes,No,84.49,1995.43,Yes
35,Month-to-month,Fiber optic,Credit card,0,Yes,No,No,Yes,Yes,No,No,Yes,Yes,Yes,87.32,3147.92,Yes
9,Month-to-month,Fiber optic,Bank transfer,0,Yes,No,No,Yes,No,No,Yes,No,Yes,Yes,89.24,817.75,Yes
8,Month-to-month,DSL,Mailed check,1,No,No,Yes,Yes,No,No,Yes,No,No,No,50.83,406.06,Yes
72,Two year,Fiber optic,Electronic check,0,No,No,No,Yes,No,Yes,Yes,Yes,Yes,Yes,92.08,6621.8,No
44,Month-to-month,No,Electronic check,1,No,No,No,Yes,No internet service,No internet service,No internet service,No internet service,No internet service,No internet service,21.98,971.59,Yes
37,One year,Fiber optic,Mailed check,0,No,Yes,No,Yes,No,No,Yes,Yes,Yes,Yes,87.25,3125.08,No
45,One year,Fiber optic,Credit card,1,No,Yes,Yes,Yes,No,Yes,Yes,Yes,Yes,No,86.8,3805.76,No
45,Month-to-month,No,Bank transfer,0,Yes,No,No,Yes,No internet service,No internet service,No internet service,No internet service,No internet service,No internet service,18.17,821.93,No
72,One year,DSL,Mailed check,0,No,No,Yes,Yes,Yes,No,Yes,No,Yes,No,62.98,4490.49,No
61,Two year,DSL,Mailed check,1,Yes,No,Yes,No,No,No,Yes,No,Yes,No,57.61,3376.56,Yes
50,One year,DSL,Bank transfer,0,No,No,Yes,Yes,Yes,No,No,Yes,No,Yes,58.96,2840.03,Yes
20,Month-to-month,No,Electronic check,1,No,No,No,No,No internet service,No internet service,No internet service,No internet service,No internet service,No internet service,22.02,433.99,Yes
14,One year,Fiber optic,Electronic check,0,No,No,No,Yes,Yes,No,No,Yes,No,No,73.96,1021.99,Yes
44,One year,Fiber optic,Bank transfer,0,No,Yes,Yes,Yes,Yes,No,No,No,Yes,Yes,78.83,3592.04,No
40,Month-to-month,No,Electronic check,0,Yes,Yes,No,Yes,No internet service,No internet service,No internet service,No internet service,No internet service,No internet service,18.0,746.7,No
26,One year,Fiber optic,Electronic check,0,Yes,No,Yes,No,No,No,No,Yes,No,Yes,77.76,2051.57,No
0,Month-to-month,DSL,Mailed check,0,No,No,Yes,Yes,No,No,Yes,No,Yes,No,54.53,55.89,No
47,One year,DSL,Electronic check,0,Yes,No,No,Yes,Yes,No,No,Yes,Yes,No,65.08,3209.86,No
26,Two year,DSL,Credit card,0,No,No,Yes,Yes,No,No,No,No,Yes,No,50.65,1268.38,No
29,Two year,No,Credit card,0,No,No,No,Yes,No internet service,No internet service,No internet service,No internet service,No internet service,No internet service,20.53,612.89,No
28,Two year,No,Credit card,0,Yes,No,Yes,Yes,No internet service,No internet service,No internet service,No internet service,No internet service,No internet service,22.99,639.35,No
6,One year,Fiber optic,Credit card,1,Yes,No,Yes,Yes,No,No,No,Yes,No,No,72.94,450.61,No
55,One year,DSL,Electronic check,0,No,Yes,No,Yes,No,No,No,Yes,Yes,No,54.48,2865.81,No
20,Month-to-month,DSL,Mailed check,1,Yes,Yes,Yes,Yes,Yes,Yes,Yes,No,No,Yes,75.68,1459.48,No
51,Month-to-month,Fiber optic,Bank transfer,1,Yes,No,No,Yes,No,No,No,No,Yes,Yes,76.59,3976.16,No
30,Month-to-month,No,Electronic check,0,Yes,Yes,No,Yes,No internet service,No internet service,No internet service,No internet service,No internet service,No internet service,18.0,557.93,No
51,Month-to-month,DSL,Credit card,0,Yes,No,Yes,Yes,No,No,No,No,No,Yes,50.12,2591.54,Yes
44,Two year,Fiber optic,Electronic check,1,Yes,Yes,No,Yes,Yes,Yes,No,Yes,Yes,Yes,101.1,4324.39,No
60,Two year,No,Mailed check,0,No,No,Yes,Yes,No internet service,No internet service,No internet service,No internet service,No internet service,No internet service,18.0,1128.9,No
0,Month-to-month,No,Bank transfer,0,No,No,No,Yes,No internet service,No internet service,No internet service,No internet service,No internet service,No internet service,20.8,21.22,No
14,Month-to-month,Fiber optic,Credit card,0,Yes,No,Yes,Yes,Yes,Yes,No,No,No,Yes,83.11,1159.79,Yes
61,One year,DSL,Bank transfer,0,No,Yes,Yes,Yes,No,No,Yes,Yes,Yes,Yes,68.98,4406.73,No
17,Month-to-month,Fiber optic,Bank transfer,0,Yes,No,Yes,Yes,No,No,No,No,Yes,Yes,79.56,1319.36,Yes
50,Two year,Fiber optic,Electronic check,0,No,No,No,Yes,Yes,Yes,No,Yes,Yes,No,90.65,4570.39,No
54,Two year,Fiber optic,Bank transfer,0,Yes,Yes,Yes,No,No,No,No,No,Yes,Yes,76.82,3970.2,No
20,Month-to-month,No,Bank transfer,0,No,Yes,No,Yes,No internet service,No internet service,No internet service,No internet service,No internet service,No internet service,22.27,438.85,No
20,Month-to-month,Fiber optic,Mailed check,0,No,No,Yes,Yes,No,No,Yes,No,Yes,No,80.54,1589.32,Yes
39,Month-to-month,Fiber optic,Bank transfer,1,No,No,Yes,Yes,No,Yes,Yes,No,Yes,No,77.17,2867.65,Yes
6,Month-to-month,DSL,Electronic check,0,No,No,No,No,No,Yes,No,Yes,Yes,No,58.22,355.35,No
15,Month-to-month,Fiber optic,Electronic check,0,No,Yes,No,Yes,Yes,No,Yes,No,No,No,82.18,1246.9,Yes
20,Month-to-month,Fiber optic,Credit card,0,Yes,No,Yes,Yes,No,No,Yes,Yes,Yes,No,85.96,1767.99,Yes
4,Month-to-month,Fiber optic,Electronic check,1,No,No,Yes,Yes,No,No,No,Yes,Yes,No,80.02,307.69,Yes
11,Month-to-month,No,Bank transfer,1,No,Yes,No,Yes,No internet service,No internet service,No internet service,No internet service,No internet service,No internet service,18.0,197.41,No
30,Month-to-month,DSL,Mailed check,0,No,No,No,Yes,Yes,No,Yes,Yes,No,Yes,65.42,1875.02,Yes
25,One year,DSL,Credit card,0,No,No,No,No,Yes,Yes,No,No,Yes,Yes,76.75,1858.72,No
62,Month-to-month,Fiber optic,Electronic check,1,No,No,No,Yes,No,Yes,Yes,Yes,No,Yes,89.24,5517.3,No
72,Two year,DSL,Electronic check,0,Yes,Yes,Yes,Yes,Yes,No,Yes,No,Yes,No,65.99,4737.46,No
21,Month-to-month,No,Credit card,0,Yes,No,Yes,Yes,No internet service,No internet service,No internet service,No internet service,No internet service,No internet service,22.61,493.53,Yes
27,Month-to-month,Fiber optic,Bank transfer,0,No,No,No,Yes,Yes,No,No,No,No,Yes,75.77,2104.89,Yes
30,Month-to-month,Fiber optic,Mailed check,1,No,No,Yes,Yes,No,No,Yes,No,No,No,74.12,2147.52,Yes
47,One year,Fiber optic,Mailed check,0,No,Yes,No,Yes,No,No,Yes,No,No,No,72.71,3382.58,No
20,Month-to-month,Fiber optic,Mailed check,0,No,No,Yes,Yes,No,Yes,Yes,Yes,No,No,79.5,1582.63,No
62,Month-to-month,Fiber optic,Credit card,0,Yes,No,No,Yes,Yes,No,Yes,No,Yes,No,82.78,5341.74,No
7,Month-to-month,No,Bank transfer,0,No,Yes,Yes,Yes,No internet service,No internet service,No internet service,No internet service,No internet service,No internet service,23.9,161.7,No
48,Two year,DSL,Credit card,0,No,No,No,Yes,Yes,No,No,No,No,Yes,59.01,2897.99,No
19,Month-to-month,DSL,Credit card,1,No,Yes,Yes,Yes,No,No,No,No,No,Yes,50.13,935.15,No
28,Month-to-month,Fiber optic,Mailed check,0,Yes,No,No,Yes,Yes,No,No,Yes,No,Yes,87.74,2396.12,No
72,Two year,DSL,Bank transfer,0,No,No,No,Yes,No,No,Yes,No,Yes,Yes,64.78,4491.25,No
18,Month-to-month,DSL,Bank transfer,0,Yes,No,Yes,Yes,No,Yes,No,Yes,No,No,61.01,1110.37,No
27,Month-to-month,No,Credit card,0,No,Yes,Yes,No,No internet service,No internet service,No internet service,No internet service,No internet service,No internet service,18.95,516.0,Yes
60,Two year,Fiber optic,Bank transfer,1,No,No,No,Yes,No,Yes,No,No,No,Yes,77.25,4705.5,No
17,Month-to-month,No,Electronic check,0,No,No,Yes,Yes,No internet service,No internet service,No internet service,No internet service,No internet service,No internet service,21.74,386.26,No
38,Month-to-month,Fiber optic,Credit card,0,Yes,No,No,Yes,No,Yes,No,No,No,Yes,78.65,2865.67,Yes
25,Month-to-month,DSL,Bank transfer,0,Yes,Yes,No,Yes,Yes,No,No,Yes,Yes,Yes,70.57,1740.98,No
34,Month-to-month,No,Credit card,0,No,Yes,No,Yes,No internet service,No internet service,No internet service,No internet service,No internet service,No internet service,23.49,789.72,No
49,Two year,DSL,Mailed check,0,No,No,Yes,Yes,No,No,No,Yes,No,Yes,55.16,2785.42,No
29,One year,DSL,Mailed check,0,Yes,No,Yes,Yes,No,Yes,No,No,Yes,Yes,60.79,1801.77,Yes
33,One year,No,Bank transfer,0,No,No,Yes,Yes,No internet service,No internet service,No internet service,No internet service,No internet service,No internet service,20.31,645.58,No
23,Month-to-month,No,Bank transfer,1,No,No,Yes,Yes,No internet service,No internet service,No internet service,No internet service,No internet service,No internet service,21.34,488.35,Yes
56,One year,Fiber optic,Electronic check,0,Yes,Yes,No,Yes,No,No,No,Yes,Yes,No,77.07,4184.91,No
72,One year,Fiber optic,Mailed check,0,No,No,Yes,Yes,Yes,No,Yes,No,No,Yes,86.3,6410.25,No
21,Month-to-month,DSL,Bank transfer,0,No,No,Yes,Yes,No,Yes,Yes,No,Yes,Yes,69.49,1528.67,No
72,Two year,No,Credit card,0,No,No,Yes,Yes,No internet service,No internet service,No internet service,No internet service,No internet service,No internet service,22.71,1709.4,No
48,One year,DSL,Electronic check,1,No,No,Yes,Yes,No,Yes,Yes,No,Yes,Yes,68.74,3173.36,No
43,Two year,Fiber optic,Electronic check,0,No,No,No,Yes,Yes,No,No,Yes,No,No,80.34,3497.83,No
20,Month-to-month,DSL,Mailed check,0,No,No,Yes,Yes,No,Yes,Yes,No,No,No,56.05,1154.3,No
30,Month-to-month,Fiber optic,Electronic check,0,Yes,Yes,Yes,Yes,No,No,No,No,Yes,Yes,73.74,2215.62,Yes
52,One year,Fiber optic,Electronic check,0,Yes,No,Yes,Yes,No,Yes,Yes,No,No,Yes,86.68,4718.07,No
46,Two year,Fiber optic,Mailed check,0,Yes,No,Yes,Yes,No,No,Yes,No,Yes,No,76.62,3545.43,No
12,Month-to-month,Fiber optic,Bank transfer,0,No,No,No,Yes,No,Yes,No,Yes,No,Yes,83.72,977.6,Yes
13,Month-to-month,DSL,Mailed check,0,Yes,No,No,No,Yes,No,No,No,Yes,No,57.27,720.81,No
51,Two year,Fiber optic,Mailed check,0,Yes,Yes,No,Yes,No,No,Yes,No,No,Yes,78.25,3817.77,No
23,Month-to-month,Fiber optic,Credit card,0,No,No,No,Yes,Yes,No,No,No,Yes,Yes,78.69,1865.51,No
48,Month-to-month,DSL,Mailed check,0,Yes,No,Yes,Yes,No,No,No,No,No,No,45.38,2150.73,No
31,One year,Fiber optic,Credit card,0,Yes,No,Yes,Yes,No,No,No,Yes,No,No,65.63,1940.96,No
0,Month-to-month,Fiber optic,Electronic check,0,No,No,Yes,No,No,No,No,No,No,Yes,66.59,63.6,Yes
0,Month-to-month,Fiber optic,Credit card,1,Yes,Yes,No,Yes,No,No,No,No,No,Yes,73.55,70.49,Yes
31,Month-to-month,Fiber optic,Credit card,1,No,No,Yes,Yes,Yes,No,No,Yes,No,No,78.03,2485.95,Yes
45,Two year,DSL,Electronic check,0,Yes,No,Yes,Yes,Yes,Yes,No,Yes,No,Yes,71.56,3198.51,No
22,Month-to-month,Fiber optic,Bank transfer,0,No,Yes,Yes,Yes,No,No,No,No,Yes,Yes,78.89,1657.98,No
27,One year,Fiber optic,Bank transfer,1,No,No,No,Yes,Yes,No,No,No,No,No,71.88,1892.64,No
52,Two year,Fiber optic,Mailed check,0,No,No,Yes,Yes,Yes,No,No,No,Yes,No,75.91,3809.03,No
33,One year,Fiber optic,Bank transfer,0,Yes,Yes,Yes,Yes,Yes,No,No,Yes,No,Yes,84.18,2662.97,No
7,Month-to-month,Fiber optic,Electronic check,0,No,Yes,Yes,Yes,No,Yes,No,No,No,No,74.42,521.64,Yes
38,Month-to-month,Fiber optic,Mailed check,0,Yes,No,Yes,Yes,Yes,Yes,No,Yes,Yes,No,88.96,3340.32,No
39,Month-to-month,Fiber optic,Credit card,0,No,No,No,Yes,No,No,Yes,No,No,No,65.9,2574.04,Yes
48,One year,Fiber optic,Electronic check,0,Yes,No,No,Yes,Yes,No,No,Yes,No,No,76.76,3678.84,Yes
72,Two year,No,Electronic check,0,Yes,No,No,Yes,No internet service,No internet service,No internet service,No internet service,No internet service,No internet service,20.83,1522.57,No
33,Two year,Fiber optic,Electronic check,0,Yes,No,No,No,No,No,Yes,Yes,Yes,Yes,82.36,2701.4,No
15,Month-to-month,Fiber optic,Credit card,0,Yes,Yes,Yes,Yes,No,No,Yes,Yes,Yes,Yes,96.57,1436.68,Yes
12,Month-to-month,DSL,Electronic check,0,Yes,Yes,No,Yes,No,No,Yes,Yes,No,No,54.79,662.24,Yes
65,Two year,Fiber optic,Electronic check,1,Yes,No,No,Yes,Yes,No,No,No,No,No,76.72,5084.97,No
0,Month-to-month,DSL,Bank transfer,0,No,No,No,Yes,No,No,Yes,No,No,No,50.87,51.26,No
65,Two year,Fiber optic,Bank transfer,0,No,Yes,Yes,Yes,No,No,Yes,Yes,Yes,No,85.8,5776.35,No
0,Month-to-month,DSL,Mailed check,0,No,No,Yes,Yes,No,No,Yes,Yes,No,No,60.16,59.5,Yes
50,One year,No,Credit card,0,Yes,No,No,Yes,No internet service,No internet service,No internet service,No internet service,No internet service,No internet service,18.0,893.93,No
72,Two year,Fiber optic,Electronic check,1,Yes,No,No,No,Yes,No,No,No,Yes,Yes,83.82,6248.98,No
0,Month-to-month,Fiber optic,Bank transfer,0,No,No,No,Yes,Yes,No,No,No,Yes,Yes,83.91,80.5,No
12,Month-to-month,DSL,Bank transfer,0,Yes,No,Yes,Yes,Yes,Yes,No,Yes,Yes,No,62.08,777.11,No
72,Two year,No,Electronic check,0,No,Yes,Yes,Yes,No internet service,No internet service,No internet service,No internet service,No internet service,No internet service,21.58,1568.24,No
40,Month-to-month,Fiber optic,Credit card,0,No,No,No,Yes,No,No,No,No,No,No,65.73,2609.83,No
0,Month-to-month,DSL,Mailed check,0,Yes,No,Yes,No,No,No,Yes,Yes,Yes,Yes,65.48,66.73,Yes
24,Month-to-month,Fiber optic,Electronic check,0,No,No,Yes,Yes,No,No,No,Yes,No,Yes,81.65,1871.83,Yes
28,Month-to-month,DSL,Electronic check,0,No,Yes,No,Yes,No,No,Yes,No,Yes,No,56.06,1581.3,Yes
38,One year,Fiber optic,Electronic check,0,No,No,Yes,Yes,No,Yes,No,No,Yes,No,78.74,3097.25,No
41,Month-to-month,DSL,Credit card,0,No,Yes,Yes,Yes,Yes,No,No,No,No,Yes,58.18,2398.67,No
9,Month-to-month,Fiber optic,Electronic check,0,Yes,Yes,Yes,Yes,No,No,No,Yes,Yes,No,79.08,704.26,Yes
47,Two year,DSL,Credit card,0,No,No,Yes,Yes,Yes,No,No,No,No,No,49.13,2266.93,No
7,Month-to-month,Fiber optic,Electronic check,0,Yes,Yes,Yes,Yes,No,No,No,No,No,Yes,70.09,471.84,No
22,Month-to-month,DSL,Credit card,0,Yes,Yes,No,No,No,No,Yes,No,Yes,No,57.27,1261.32,No
34,One year,DSL,Credit card,0,No,No,No,Yes,Yes,No,No,No,No,Yes,58.9,2067.75,No
68,Two year,No,Electronic check,0,Yes,Yes,Yes,Yes,No internet service,No internet service,No internet service,No internet service,No internet service,No internet service,22.64,1468.07,No
32,One year,No,Electronic check,0,No,No,No,Yes,No internet service,No internet service,No internet service,No internet service,No internet service,No internet service,21.46,676.68,Yes
51,Two year,DSL,Credit card,0,No,Yes,Yes,Yes,No,Yes,No,Yes,Yes,Yes,69.71,3660.32,No
22,Month-to-month,DSL,Electronic check,0,Yes,No,Yes,Yes,No,Yes,Yes,No,No,Yes,61.96,1332.71,Yes
6,Month-to-month,Fiber optic,Electronic check,0,Yes,No,Yes,Yes,No,No,Yes,No,No,No,70.77,411.58,No
71,Two year,No,Credit card,0,Yes,No,Yes,Yes,No internet service,No internet service,No internet service,No internet service,No internet service,No internet service,19.68,1447.42,No
66,Two year,DSL,Credit card,0,Yes,No,Yes,Yes,No,No,No,No,No,No,45.5,2882.57,No
49,One year,Fiber optic,Bank transfer,0,Yes,No,Yes,Yes,Yes,Yes,Yes,No,Yes,Yes,93.03,4409.09,No
3,Month-to-month,Fiber optic,Credit card,0,No,No,No,Yes,No,No,No,No,Yes,No,70.68,221.62,Yes
44,Month-to-month,DSL,Mailed check,0,Yes,Yes,No,Yes,No,Yes,No,No,No,Yes,56.38,2383.02,No
0,Month-to-month,No,Bank transfer,0,Yes,No,Yes,No,No internet service,No internet service,No internet service,No internet service,No internet service,No internet service,19.68,20.13,Yes
67,Two year,No,Mailed check,1,Yes,No,No,Yes,No internet service,No internet service,No internet service,No internet service,No internet service,No internet service,22.23,1538.23,No
57,Two year,DSL,Bank transfer,1,Yes,Yes,Yes,Yes,No,No,Yes,No,No,Yes,58.9,3189.63,No
30,Month-to-month,Fiber optic,Bank transfer,1,No,Yes,Yes,Yes,No,Yes,No,Yes,No,No,80.68,2398.11,No
15,Month-to-month,No,Bank transfer,1,No,No,Yes,Yes,No internet service,No internet service,No internet service,No internet service,No internet service,No internet service,20.91,315.81,No
20,Month-to-month,DSL,Credit card,0,Yes,Yes,Yes,Yes,Yes,No,No,No,No,No,52.33,1067.52,No
30,Month-to-month,DSL,Mailed check,0,Yes,No,Yes,Yes,No,Yes,No,No,No,No,51.7,1541.36,No
39,One year,DSL,Bank transfer,0,No,No,Yes,Yes,Yes,No,Yes,Yes,Yes,No,68.09,2664.82,No
42,One year,DSL,Mailed check,0,No,No,Yes,Yes,Yes,No,No,Yes,No,No,55.01,2296.78,No
23,Month-to-month,DSL,Electronic check,1,No,No,Yes,Yes,No,Yes,No,No,No,No,53.55,1180.61,No
72,One year,DSL,Electronic check,1,Yes,Yes,Yes,Yes,No,No,No,Yes,No,Yes,58.22,4060.78,Yes
29,Two year,No,Credit card,0,No,No,No,Yes,No internet service,No internet service,No internet service,No internet service,No internet service,No internet service,20.89,627.86,No
40,Month-to-month,No,Mailed check,1,Yes,No,Yes,Yes,No internet service,No internet service,No internet service,No internet service,No internet service,No internet service,21.04,851.52,Yes
26,Month-to-month,DSL,Bank transfer,0,Yes,No,No,Yes,Yes,Yes,No,Yes,No,Yes,72.89,1852.13,No
24,Month-to-month,Fiber optic,Mailed check,0,No,No,Yes,Yes,Yes,No,Yes,No,No,Yes,82.93,1970.96,Yes
0,Month-to-month,DSL,Credit card,0,Yes,No,No,Yes,Yes,Yes,Yes,Yes,Yes,Yes,85.26,88.09,No
37,Month-to-month,DSL,Bank transfer,1,No,No,No,Yes,No,No,Yes,Yes,Yes,No,60.66,2193.66,No
21,One year,DSL,Electronic check,0,No,Yes,Yes,Yes,No,No,No,No,No,No,41.57,840.24,No
42,Month-to-month,No,Mailed check,0,No,No,No,Yes,No internet service,No internet service,No internet service,No internet service,No internet service,No internet service,20.15,864.03,No
10,Month-to-month,Fiber optic,Bank transfer,0,No,No,No,Yes,No,Yes,No,No,No,Yes,78.23,804.09,No
72,Two year,Fiber optic,Electronic check,0,Yes,No,Yes,Yes,No,No,No,Yes,Yes,No,78.13,5519.53,No
8,Month-to-month,No,Mailed check,0,No,No,Yes,Yes,No internet service,No internet service,No internet service,No internet service,No internet service,No internet service,20.04,159.46,Yes
24,One year,No,Electronic check,0,No,Yes,Yes,Yes,No internet service,No internet service,No internet service,No internet service,No internet service,No internet service,20.26,491.59,No
37,One year,Fiber optic,Electronic check,1,Yes,Yes,No,Yes,Yes,Yes,No,Yes,No,No,87.17,3139.62,No
43,Two year,Fiber optic,Credit card,0,No,No,Yes,Yes,No,Yes,No,No,Yes,No,77.71,3345.18,No
35,One year,Fiber optic,Credit card,1,No,No,No,Yes,No,Yes,Yes,Yes,No,Yes,90.6,3240.05,No
72,Two year,DSL,Bank transfer,0,No,Yes,Yes,Yes,No,Yes,Yes,Yes,No,No,67.09,4864.18,No
30,One year,DSL,Electronic check,0,Yes,No,Yes,Yes,No,No,No,Yes,No,Yes,59.85,1832.69,Yes
22,Month-to-month,Fiber optic,Credit card,1,No,Yes,Yes,Yes,No,No,Yes,No,Yes,No,78.96,1719.28,Yes
44,Month-to-month,Fiber optic,Bank transfer,0,Yes,No,Yes,Yes,Yes,Yes,No,No,Yes,Yes,91.49,3903.42,No
23,Month-to-month,DSL,Credit card,0,Yes,No,No,Yes,No,No,No,No,Yes,Yes,58.66,1347.86,No
37,Month-to-month,DSL,Electronic check,1,Yes,No,Yes,Yes,Yes,No,Yes,No,No,No,58.24,2090.46,No
28,Month-to-month,DSL,Electronic check,0,No,No,Yes,Yes,Yes,No,No,Yes,Yes,Yes,71.08,2030.37,No
35,Month-to-month,Fiber optic,Bank transfer,0,No,Yes,No,Yes,No,No,No,Yes,No,No,73.0,2444.0,No
18,Month-to-month,Fiber optic,Credit card,0,Yes,No,No,Yes,No,Yes,No,No,Yes,No,72.1,1354.27,No
28,Month-to-month,Fiber optic,Electronic check,0,Yes,No,No,Yes,Yes,Yes,No,No,No,No,78.14,2196.89,Yes
48,Month-to-month,No,Electronic check,0,Yes,No,Yes,Yes,No internet service,No internet service,No internet service,No internet service,No internet service,No internet service,18.84,870.8,No
34,One year,Fiber optic,Bank transfer,0,Yes,No,No,Yes,No,No,Yes,Yes,Yes,No,81.5,2840.61,No
46,One year,DSL,Credit card,0,Yes,Yes,Yes,Yes,Yes,No,Yes,Yes,Yes,Yes,78.64,3440.73,No
44,Two year,DSL,Credit card,0,Yes,No,Yes,Yes,No,Yes,Yes,Yes,Yes,Yes,83.42,3848.45,No
35,Month-to-month,No,Credit card,0,Yes,Yes,No,Yes,No internet service,No internet service,No internet service,No internet service,No internet service,No internet service,21.21,765.45,Yes
28,Two year,Fiber optic,Bank transfer,0,Yes,No,Yes,Yes,No,No,No,No,Yes,No,68.74,1878.1,No
50,Two year,Fiber optic,Credit card,0,No,Yes,Yes,Yes,No,Yes,Yes,Yes,No,No,87.77,4400.43,No
35,Month-to-month,No,Mailed check,0,No,Yes,Yes,Yes,No internet service,No internet service,No internet service,No internet service,No internet service,No internet service,20.9,747.16,No
52,Two year,Fiber optic,Electronic check,0,No,No,Yes,Yes,No,No,No,No,No,Yes,74.57,3831.82,Yes
0,Month-to-month,DSL,Bank transfer,0,Yes,No,Yes,Yes,No,Yes,No,Yes,No,Yes,67.43,65.26,Yes
26,One year,Fiber optic,Bank transfer,0,Yes,No,No,Yes,Yes,No,No,No,Yes,No,78.24,1989.67,No
44,Two year,No,Mailed check,1,Yes,No,Yes,Yes,No internet service,No internet service,No internet service,No internet service,No internet service,No internet service,20.08,902.7,No
44,Month-to-month,DSL,Electronic check,1,Yes,No,Yes,Yes,No,Yes,Yes,Yes,Yes,No,74.07,3364.62,No
51,One year,Fiber optic,Bank transfer,0,Yes,No,Yes,Yes,Yes,Yes,No,No,Yes,Yes,83.24,4065.11,No
33,Month-to-month,No,Credit card,0,No,Yes,Yes,Yes,No internet service,No internet service,No internet service,No internet service,No internet service,No internet service,18.0,567.46,No
0,Month-to-month,DSL,Mailed check,0,Yes,Yes,Yes,Yes,No,No,No,No,Yes,Yes,55.26,55.7,Yes
19,Month-to-month,DSL,Credit card,0,Yes,No,Yes,Yes,Yes,No,No,No,Yes,Yes,62.52,1186.12,No
44,Month-to-month,Fiber optic,Mailed check,0,Yes,Yes,No,Yes,No,No,No,Yes,Yes,Yes,91.92,4232.32,No
33,Month-to-month,Fiber optic,Electronic check,0,Yes,No,No,Yes,No,No,Yes,Yes,No,No,78.79,2582.61,Yes
31,One year,DSL,Electronic check,0,No,No,Yes,Yes,No,Yes,No,Yes,Yes,Yes,72.71,2151.15,No
31,Month-to-month,Fiber optic,Mailed check,0,Yes,No,Yes,Yes,No,No,No,Yes,No,Yes,78.92,2408.0,Yes
0,Month-to-month,No,Electronic check,1,Yes,Yes,No,Yes,No internet service,No internet service,No internet service,No internet service,No internet service,No internet service,18.0,17.25,Yes
25,One year,Fiber optic,Bank transfer,0,No,No,No,Yes,No,Yes,No,No,Yes,Yes,85.02,2132.98,No
0,Month-to-month,DSL,Credit card,0,Yes,No,No,No,No,No,Yes,Yes,Yes,No,58.45,58.05,Yes
17,Month-to-month,Fiber optic,Mailed check,1,Yes,No,No,Yes,Yes,Yes,No,No,Yes,No,83.57,1363.97,No
65,Two year,DSL,Credit card,0,No,No,Yes,Yes,No,No,Yes,No,No,No,50.25,3370.25,No
39,Two year,Fiber optic,Credit card,0,Yes,No,Yes,Yes,Yes,No,Yes,Yes,No,Yes,92.47,3455.39,No
17,Month-to-month,Fiber optic,Mailed check,0,No,Yes,Yes,Yes,No,No,No,Yes,No,Yes,80.05,1371.78,No
5,Month-to-month,Fiber optic,Electronic check,0,No,Yes,No,Yes,Yes,Yes,Yes,No,Yes,No,92.23,456.38,No
45,Two year,DSL,Electronic check,0,Yes,No,No,No,No,Yes,No,No,Yes,Yes,64.12,2966.72,No
38,Two year,Fiber optic,Bank transfer,0,Yes,Yes,Yes,Yes,No,No,No,No,No,Yes,74.14,2843.78,No
39,Month-to-month,DSL,Mailed check,0,Yes,Yes,No,Yes,Yes,Yes,No,Yes,Yes,No,66.82,2580.09,No
8,Month-to-month,Fiber optic,Bank transfer,0,No,Yes,No,No,No,No,No,No,No,Yes,67.16,554.3,Yes
15,Month-to-month,DSL,Bank transfer,0,Yes,No,No,Yes,No,No,No,Yes,No,Yes,59.55,891.98,No
30,One year,DSL,Bank transfer,0,No,No,No,Yes,Yes,No,No,No,Yes,No,53.77,1557.81,No
60,Two year,Fiber optic,Electronic check,0,Yes,No,Yes,Yes,Yes,No,Yes,Yes,Yes,Yes,104.09,6551.45,No
72,One year,Fiber optic,Electronic check,0,No,Yes,No,Yes,Yes,No,No,No,No,Yes,77.77,5541.47,No
63,Month-to-month,Fiber optic,Mailed check,0,No,No,No,Yes,No,Yes,Yes,No,No,No,80.83,4924.58,No
35,One year,DSL,Credit card,0,Yes,No,Yes,Yes,No,No,Yes,Yes,Yes,Yes,69.66,2431.63,No
61,Two year,No,Bank transfer,0,Yes,No,Yes,Yes,No internet service,No internet service,No internet service,No internet service,No internet service,No internet service,20.38,1265.15,No
34,Month-to-month,Fiber optic,Bank transfer,0,No,No,Yes,Yes,No,Yes,No,No,No,No,78.96,2785.4,No
72,Two year,DSL,Bank transfer,0,No,No,No,Yes,No,No,No,No,No,No,46.36,3191.45,No
29,Month-to-month,DSL,Mailed check,0,Yes,Yes,No,Yes,Yes,No,Yes,Yes,Yes,No,76.67,2289.78,No
37,Month-to-month,DSL,Electronic check,0,No,No,Yes,Yes,Yes,Yes,No,Yes,Yes,Yes,79.42,2826.79,No
45,One year,DSL,Electronic check,0,No,No,Yes,Yes,Yes,No,No,No,No,No,50.59,2323.55,No
9,Month-to-month,No,Electronic check,0,No,No,Yes,Yes,No internet service,No internet service,No internet service,No internet service,No internet service,No internet service,19.07,178.14,No
72,Two year,DSL,Electronic check,0,No,No,No,Yes,No,Yes,No,No,No,No,50.76,3553.28,No
21,Month-to-month,No,Electronic check,1,No,No,Yes,Yes,No internet service,No internet service,No internet service,No internet service,No internet service,No internet service,20.39,438.2,No
24,Month-to-month,Fiber optic,Bank transfer,0,Yes,Yes,Yes,Yes,No,No,Yes,No,Yes,No,81.23,1900.73,Yes
0,Month-to-month,No,Electronic check,0,Yes,No,No,Yes,No internet service,No internet service,No internet service,No internet service,No internet service,No internet service,21.29,20.7,Yes
7,Month-to-month,No,Electronic check,1,No,No,Yes,Yes,No internet service,No internet service,No internet service,No internet service,No internet service,No internet service,18.0,120.88,Yes
13,Month-to-month,No,Electronic check,0,No,Yes,Yes,Yes,No internet service,No internet service,No internet service,No internet service,No internet service,No internet service,18.7,232.9,No
47,One year,Fiber optic,Electronic check,0,No,No,Yes,Yes,No,No,No,Yes,Yes,Yes,84.29,3978.92,Yes
48,Month-to-month,No,Electronic check,0,Yes,No,No,Yes,No internet service,No internet service,No internet service,No internet service,No internet service,No internet service,20.56,1008.02,Yes
31,Month-to-month,Fiber optic,Electronic check,0,Yes,No,Yes,Yes,Yes,No,No,No,Yes,Yes,79.57,2448.43,No
36,One year,DSL,Electronic check,0,Yes,No,Yes,Yes,No,No,No,No,Yes,Yes,56.4,2091.46,No
3,Month-to-month,Fiber optic,Credit card,1,Yes,No,No,Yes,No,No,No,No,Yes,No,70.45,212.91,Yes
59,One year,DSL,Electronic check,0,Yes,No,Yes,Yes,No,Yes,No,No,No,No,49.31,2978.55,No
24,Month-to-month,Fiber optic,Electronic check,0,Yes,Yes,Yes,Yes,No,Yes,No,Yes,Yes,No,88.13,2134.07,Yes
0,Month-to-month,Fiber optic,Mailed check,0,Yes,No,Yes,Yes,No,Yes,No,No,Yes,Yes,83.31,87.19,Yes
56,One year,Fiber optic,Electronic check,1,Yes,Yes,No,Yes,Yes,No,No,Yes,No,Yes,87.39,4967.36,No
45,One year,Fiber optic,Mailed check,0,Yes,No,No,Yes,No,Yes,No,Yes,Yes,Yes,93.52,4029.82,No
20,Two year,Fiber optic,Mailed check,0,No,No,No,Yes,Yes,Yes,Yes,No,Yes,Yes,103.54,2157.06,No
29,Month-to-month,No,Credit card,0,No,Yes,Yes,Yes,No internet service,No internet service,No internet service,No internet service,No internet service,No internet service,19.68,547.32,No
20,Month-to-month,DSL,Credit card,0,Yes,No,Yes,Yes,No,No,Yes,No,No,No,51.76,1020.56,Yes
18,One year,No,Bank transfer,0,No,No,No,Yes,No internet service,No internet service,No internet service,No internet service,No internet service,No internet service,18.0,317.82,No
71,One year,No,Electronic check,0,No,Yes,Yes,Yes,No internet service,No internet service,No internet service,No internet service,No internet service,No internet service,18.58,1301.9,No
46,One year,Fiber optic,Mailed check,1,No,No,No,No,No,No,No,No,Yes,No,65.81,3173.34,No
31,One year,DSL,Electronic check,0,No,Yes,Yes,Yes,No,No,Yes,No,Yes,Yes,62.42,1970.43,No
42,Two year,DSL,Credit card,0,Yes,No,Yes,Yes,No,Yes,Yes,Yes,Yes,Yes,82.97,3370.63,No
16,Month-to-month,Fiber optic,Electronic check,0,Yes,No,No,Yes,No,No,Yes,No,No,Yes,80.48,1231.49,Yes
36,One year,DSL,Bank transfer,0,No,No,Yes,Yes,No,No,No,Yes,Yes,No,56.79,2129.6,No
28,Month-to-month,DSL,Electronic check,0,No,No,Yes,Yes,No,No,No,Yes,No,No,52.36,1517.94,Yes
15,Month-to-month,DSL,Mailed check,0,No,No,Yes,Yes,No,Yes,Yes,No,Yes,No,65.31,968.18,No
32,One year,DSL,Electronic check,0,No,No,Yes,Yes,Yes,No,Yes,No,No,Yes,63.02,1980.81,Yes
21,Month-to-month,Fiber optic,Mailed check,0,No,Yes,Yes,Yes,No,No,No,No,No,Yes,68.24,1422.02,No
12,Month-to-month,DSL,Bank transfer,0,No,Yes,No,Yes,Yes,No,No,Yes,Yes,No,61.31,738.59,No
53,Two year,Fiber optic,Bank transfer,0,Yes,No,Yes,Yes,No,No,No,No,No,Yes,68.89,3519.08,No
72,Two year,No,Electronic check,0,Yes,No,Yes,Yes,No internet service,No internet service,No internet service,No internet service,No internet service,No internet service,18.48,1286.82,No
11,Month-to-month,Fiber optic,Electronic check,0,Yes,Yes,No,Yes,Yes,No,No,Yes,Yes,Yes,83.97,888.05,No
52,Two year,DSL,Credit card,0,No,No,Yes,Yes,No,No,No,Yes,Yes,Yes,67.6,3351.74,No
6,Month-to-month,DSL,Mailed check,0,Yes,No,Yes,Yes,No,No,No,Yes,Yes,Yes,65.3,386.06,No
72,Two year,Fiber optic,Bank transfer,0,No,Yes,Yes,Yes,No,No,No,Yes,No,No,73.3,5166.53,No
0,Month-to-month,Fiber optic,Mailed check,0,No,No,No,Yes,Yes,No,Yes,No,Yes,Yes,85.77,84.12,No
5,Month-to-month,Fiber optic,Bank transfer,0,Yes,Yes,Yes,Yes,No,Yes,Yes,No,Yes,No,80.73,401.7,No
29,Month-to-month,DSL,Bank transfer,0,No,Yes,Yes,Yes,No,Yes,Yes,No,No,Yes,67.06,2001.77,No
16,Month-to-month,No,Electronic check,0,No,No,Yes,Yes,No internet service,No internet service,No internet service,No internet service,No internet service,No internet service,22.03,351.62,No
32,Month-to-month,Fiber optic,Mailed check,0,No,No,Yes,No,Yes,No,Yes,Yes,No,No,86.65,2865.17,No
15,Month-to-month,DSL,Mailed check,0,Yes,Yes,Yes,Yes,Yes,No,No,No,No,Yes,56.98,866.69,No
27,One year,No,Electronic check,1,Yes,No,Yes,Yes,No internet service,No internet service,No internet service,No internet service,No internet service,No internet service,18.0,489.64,No
16,Month-to-month,DSL,Bank transfer,0,No,No,Yes,Yes,No,No,Yes,Yes,No,Yes,63.85,1072.55,No
0,Month-to-month,No,Electronic check,0,No,No,Yes,No,No internet service,No internet service,No internet service,No internet service,No internet service,No internet service,18.97,19.25,Yes
41,Two year,DSL,Electronic check,0,No,No,Yes,No,No,No,No,Yes,Yes,No,56.49,2226.18,No
53,One year,DSL,Credit card,0,Yes,No,Yes,Yes,Yes,Yes,No,No,Yes,No,59.2,3040.29,No
50,Two year,Fiber optic,Credit card,0,Yes,No,Yes,Yes,No,Yes,No,Yes,Yes,No,83.81,4046.66,No
18,Month-to-month,Fiber optic,Electronic check,0,No,No,No,Yes,No,No,No,No,No,Yes,74.69,1347.55,Yes
20,Month-to-month,DSL,Bank transfer,0,No,Yes,No,Yes,Yes,No,No,No,No,Yes,57.89,1111.41,Yes
13,One year,No,Electronic check,0,No,No,Yes,Yes,No internet service,No internet service,No internet service,No internet service,No internet service,No internet service,19.27,260.13,Yes
13,One year,Fiber optic,Bank transfer,0,Yes,No,Yes,No,No,No,Yes,Yes,No,Yes,85.06,1093.82,No
24,Month-to-month,No,Mailed check,0,Yes,No,Yes,Yes,No internet service,No internet service,No internet service,No internet service,No internet service,No internet service,22.38,515.81,No
47,Two year,Fiber optic,Credit card,0,Yes,No,No,Yes,Yes,No,No,No,No,No,74.8,3358.98,No
34,One year,Fiber optic,Mailed check,0,Yes,No,No,Yes,No,Yes,No,No,No,No,74.15,2523.5,No
48,One year,No,Mailed check,0,Yes,No,Yes,Yes,No internet service,No internet service,No internet service,No internet service,No internet service,No internet service,21.71,1029.25,No
3,Month-to-month,No,Credit card,0,Yes,No,No,Yes,No internet service,No internet service,No internet service,No internet service,No internet service,No internet service,21.79,66.85,No
29,One year,DSL,Electronic check,0,No,Yes,Yes,Yes,No,Yes,No,No,No,No,53.17,1489.33,No
12,Month-to-month,Fiber optic,Electronic check,1,Yes,No,No,Yes,No,Yes,Yes,No,Yes,Yes,90.65,1060.3,Yes
59,Two year,Fiber optic,Mailed check,0,No,No,No,Yes,No,Yes,No,No,No,Yes,79.26,4633.44,No
12,Month-to-month,Fiber optic,Bank transfer,0,No,No,Yes,Yes,No,No,No,No,No,No,67.71,839.19,No
8,Month-to-month,No,Electronic check,0,Yes,No,No,Yes,No internet service,No internet service,No internet service,No internet service,No internet service,No internet service,18.79,149.35,Yes
45,Month-to-month,Fiber optic,Bank transfer,0,No,No,Yes,Yes,No,No,Yes,No,Yes,Yes,81.71,3558.81,Yes
39,One year,DSL,Mailed check,0,Yes,No,No,Yes,Yes,No,No,Yes,Yes,Yes,73.45,2735.85,No
64,Two year,Fiber optic,Bank transfer,0,Yes,No,Yes,Yes,Yes,Yes,No,No,No,No,76.27,4928.25,No
25,Two year,DSL,Credit card,0,Yes,No,Yes,Yes,No,No,Yes,Yes,No,No,52.91,1287.91,No
17,One year,Fiber optic,Mailed check,0,Yes,No,Yes,Yes,No,Yes,Yes,Yes,No,Yes,82.38,1411.9,Yes
63,Two year,DSL,Mailed check,0,No,No,Yes,Yes,Yes,Yes,No,Yes,Yes,No,71.42,4631.97,No
34,One year,DSL,Mailed check,0,No,No,Yes,Yes,Yes,Yes,Yes,Yes,Yes,No,75.71,2648.49,No
12,Month-to-month,No,Electronic check,1,No,Yes,Yes,Yes,No internet service,No internet service,No internet service,No internet service,No internet service,No internet service,18.69,232.2,Yes
23,One year,No,Credit card,0,No,Yes,Yes,Yes,No internet service,No internet service,No internet service,No internet service,No internet service,No internet service,19.49,456.77,No
34,Month-to-month,DSL,Credit card,0,No,No,No,Yes,No,No,No,No,Yes,No,56.13,2000.8,No
28,Month-to-month,Fiber optic,Credit card,0,No,No,Yes,Yes,Yes,No,No,Yes,Yes,Yes,86.05,2436.49,Yes
17,Month-to-month,No,Credit card,0,No,No,Yes,No,No internet service,No internet service,No internet service,No internet service,No internet service,No internet service,19.79,345.82,Yes
22,Month-to-month,No,Mailed check,0,No,No,Yes,Yes,No internet service,No internet service,No internet service,No internet service,No internet service,No internet service,21.07,479.26,No
49,Two year,No,Bank transfer,0,Yes,Yes,Yes,Yes,No internet service,No internet service,No internet service,No internet service,No internet service,No internet service,18.44,879.75,No
43,Two year,DSL,Electronic check,1,No,No,Yes,Yes,Yes,No,No,Yes,Yes,No,63.25,2685.46,No
10,Month-to-month,Fiber optic,Credit card,0,No,No,Yes,Yes,No,No,No,No,Yes,No,70.35,720.61,Yes
50,One year,DSL,Bank transfer,0,Yes,Yes,Yes,Yes,No,No,Yes,No,No,No,48.43,2500.76,No
12,Month-to-month,Fiber optic,Electronic check,0,No,Yes,Yes,Yes,No,Yes,Yes,No,No,Yes,80.66,959.57,Yes
19,Month-to-month,Fiber optic,Credit card,1,No,No,Yes,Yes,Yes,No,No,No,Yes,Yes,90.42,1718.26,Yes
11,Month-to-month,Fiber optic,Bank transfer,0,No,Yes,No,Yes,Yes,No,No,No,Yes,Yes,84.68,961.71,No
33,Month-to-month,DSL,Credit card,1,Yes,No,No,Yes,No,Yes,No,No,Yes,No,60.8,2072.65,No
8,Month-to-month,Fiber optic,Bank transfer,0,Yes,No,No,Yes,No,No,No,No,Yes,Yes,76.96,635.02,Yes
42,Month-to-month,DSL,Credit card,0,Yes,Yes,No,Yes,No,No,No,Yes,No,No,51.95,2140.82,No
9,Month-to-month,DSL,Mailed check,0,No,No,Yes,Yes,No,No,Yes,Yes,Yes,No,64.16,583.21,Yes
9,Month-to-month,DSL,Mailed check,0,No,Yes,No,Yes,No,No,Yes,No,Yes,Yes,65.65,616.86,No
72,Two year,Fiber optic,Bank transfer,0,No,No,No,Yes,Yes,Yes,No,No,No,Yes,87.76,6187.38,No
1,Month-to-month,No,Electronic check,0,No,No,No,Yes,No internet service,No internet service,No internet service,No internet service,No internet service,No internet service,23.22,23.41,Yes
17,Month-to-month,Fiber optic,Electronic check,0,Yes,Yes,Yes,Yes,Yes,No,No,No,Yes,No,78.67,1403.02,Yes
34,Month-to-month,DSL,Credit card,1,Yes,No,Yes,Yes,No,No,No,Yes,Yes,Yes,60.71,2013.73,No
0,Month-to-month,DSL,Credit card,0,No,No,No,Yes,No,No,Yes,No,No,No,50.05,52.02,No
22,Month-to-month,Fiber optic,Credit card,0,Yes,No,Yes,No,Yes,No,No,No,No,Yes,77.2,1671.06,No
0,Month-to-month,DSL,Electronic check,0,No,No,Yes,No,No,Yes,Yes,No,No,Yes,69.34,66.48,No
39,One year,Fiber optic,Electronic check,0,Yes,Yes,Yes,Yes,No,Yes,Yes,Yes,No,No,87.7,3392.3,No
71,One year,No,Credit card,0,No,No,Yes,Yes,No internet service,No internet service,No internet service,No internet service,No internet service,No internet service,19.49,1337.0,No
0,One year,Fiber optic,Electronic check,0,No,No,Yes,Yes,Yes,No,Yes,Yes,Yes,No,91.54,96.09,Yes
37,One year,No,Mailed check,0,Yes,No,No,Yes,No internet service,No internet service,No internet service,No internet service,No internet service,No internet service,18.13,639.68,No
11,Month-to-month,DSL,Mailed check,1,No,No,No,Yes,Yes,Yes,No,No,Yes,No,63.49,717.47,No
2,Month-to-month,Fiber optic,Credit card,0,No,No,No,Yes,No,No,No,Yes,Yes,No,79.83,165.02,Yes
0,Month-to-month,DSL,Mailed check,0,Yes,No,No,Yes,No,No,No,Yes,No,Yes,57.57,56.41,No
36,Month-to-month,Fiber optic,Electronic check,1,No,Yes,Yes,Yes,Yes,No,Yes,Yes,No,No,87.34,3270.99,No
21,Month-to-month,No,Mailed check,1,No,Yes,Yes,Yes,No internet service,No internet service,No internet service,No internet service,No internet service,No internet service,18.63,394.23,No
0,Month-to-month,DSL,Electronic check,0,Yes,No,No,Yes,No,No,Yes,No,No,Yes,57.41,59.75,No
23,One year,DSL,Bank transfer,0,Yes,No,Yes,Yes,No,No,Yes,Yes,No,No,56.41,1243.66,No
9,Month-to-month,Fiber optic,Bank transfer,0,Yes,Yes,Yes,Yes,Yes,No,Yes,Yes,No,Yes,93.06,825.56,Yes
0,Month-to-month,No,Bank transfer,0,Yes,Yes,No,Yes,No internet service,No internet service,No internet service,No internet service,No internet service,No internet service,23.26,22.52,No
39,One year,DSL,Mailed check,0,Yes,No,No,Yes,No,Yes,No,Yes,Yes,Yes,70.87,2752.11,No
22,Month-to-month,DSL,Electronic check,0,Yes,No,Yes,Yes,Yes,Yes,No,No,No,No,59.63,1308.22,No
58,Two year,Fiber optic,Electronic check,0,Yes,No,No,Yes,No,Yes,No,No,No,Yes,79.8,4538.46,No
72,Two year,Fiber optic,Credit card,0,No,Yes,No,Yes,Yes,Yes,No,No,Yes,Yes,88.98,6544.04,No
39,Two year,DSL,Mailed check,1,Yes,No,No,Yes,Yes,No,Yes,Yes,No,No,65.67,2663.7,No
10,Month-to-month,DSL,Mailed check,1,Yes,No,No,Yes,No,No,Yes,No,No,Yes,58.45,592.1,Yes
10,Month-to-month,No,Mailed check,0,Yes,No,Yes,Yes,No internet service,No internet service,No internet service,No internet service,No internet service,No internet service,20.81,215.24,Yes
52,One year,DSL,Credit card,0,No,Yes,No,Yes,No,No,No,Yes,Yes,No,59.62,3146.56,No
50,One year,DSL,Credit card,0,Yes,No,No,No,Yes,No,No,No,Yes,Yes,59.06,3057.24,No
20,One year,DSL,Electronic check,0,Yes,No,Yes,Yes,No,No,Yes,Yes,No,Yes,63.05,1270.34,Yes
41,Month-to-month,DSL,Bank transfer,0,No,No,No,No,No,No,No,No,Yes,Yes,55.32,2195.69,No
3,Month-to-month,Fiber optic,Mailed check,0,No,No,Yes,Yes,No,No,Yes,No,No,Yes,75.46,220.18,Yes
32,Month-to-month,No,Credit card,0,No,No,Yes,Yes,No internet service,No internet service,No internet service,No internet service,No internet service,No internet service,18.6,586.78,No
31,Month-to-month,Fiber optic,Credit card,0,No,No,Yes,Yes,Yes,Yes,Yes,No,Yes,Yes,105.79,3170.49,No
24,Month-to-month,DSL,Bank transfer,0,Yes,Yes,Yes,Yes,Yes,No,No,Yes,No,No,57.09,1325.66,No
49,Two year,No,Credit card,0,Yes,No,Yes,Yes,No internet service,No internet service,No internet service,No internet service,No internet service,No internet service,22.4,1148.83,No
13,Month-to-month,DSL,Mailed check,0,No,No,No,Yes,No,No,Yes,No,Yes,Yes,62.28,794.87,Yes
46,One year,Fiber optic,Mailed check,0,No,Yes,Yes,Yes,Yes,No,Yes,No,Yes,Yes,95.46,4605.96,No
62,Two year,DSL,Bank transfer,0,No,No,No,Yes,No,No,Yes,No,Yes,Yes,62.16,4012.96,No
29,Month-to-month,Fiber optic,Bank transfer,1,No,Yes,Yes,Yes,No,No,No,No,Yes,No,74.84,2196.03,Yes
29,Month-to-month,Fiber optic,Electronic check,0,Yes,No,No,Yes,Yes,Yes,No,Yes,No,No,85.57,2460.0,No
43,One year,No,Mailed check,0,No,No,Yes,Yes,No internet service,No internet service,No internet service,No internet service,No internet service,No internet service,18.0,770.28,No
41,Month-to-month,No,Electronic check,0,No,Yes,No,Yes,No internet service,No internet service,No internet service,No internet service,No internet service,No internet service,21.18,833.48,No
8,Month-to-month,Fiber optic,Electronic check,1,Yes,No,No,Yes,No,Yes,No,No,No,No,67.17,516.4,No
55,Two year,No,Credit card,0,Yes,No,No,Yes,No internet service,No internet service,No internet service,No internet service,No internet service,No internet service,19.54,1066.97,No
29,One year,DSL,Electronic check,0,Yes,No,No,Yes,No,No,No,Yes,No,Yes,54.11,1632.41,No
72,Two year,No,Credit card,0,Yes,No,Yes,Yes,No internet service,No internet service,No internet service,No internet service,No internet service,No internet service,24.85,1868.76,No
66,Two year,No,Mailed check,0,No,No,No,Yes,No internet service,No internet service,No internet service,No internet service,No internet service,No internet service,18.14,1154.99,No
34,Month-to-month,No,Bank transfer,1,Yes,No,Yes,Yes,No internet service,No internet service,No internet service,No internet service,No internet service,No internet service,21.31,733.15,Yes
45,One year,No,Credit card,0,No,No,Yes,Yes,No internet service,No internet service,No internet service,No internet service,No internet service,No internet service,20.57,957.01,No
37,One year,No,Bank transfer,0,Yes,No,Yes,Yes,No internet service,No internet service,No internet service,No internet service,No internet service,No internet service,21.18,795.69,No
72,One year,DSL,Credit card,1,Yes,No,No,Yes,No,No,No,No,No,No,44.13,3109.43,No
57,One year,Fiber optic,Electronic check,0,No,No,No,Yes,No,Yes,Yes,Yes,Yes,Yes,93.57,5577.02,Yes
33,One year,Fiber optic,Mailed check,0,No,No,No,Yes,No,Yes,No,No,No,No,73.64,2547.9,No
50,Two year,DSL,Bank transfer,0,No,Yes,Yes,No,No,No,No,No,No,No,44.86,2231.93,No
22,Month-to-month,Fiber optic,Bank transfer,0,No,No,No,No,Yes,No,No,No,Yes,No,75.96,1614.21,Yes
29,One year,No,Credit card,1,No,No,No,Yes,No internet service,No internet service,No internet service,No internet service,No internet service,No internet service,18.23,515.82,No
12,Month-to-month,Fiber optic,Bank transfer,0,Yes,Yes,No,Yes,No,No,Yes,Yes,Yes,Yes,87.15,1087.67,No
14,One year,No,Electronic check,0,No,No,Yes,Yes,No internet service,No internet service,No internet service,No internet service,No internet service,No internet service,19.2,276.6,No
0,One year,DSL,Electronic check,1,Yes,No,No,No,Yes,Yes,No,Yes,No,Yes,68.51,67.75,No
72,Two year,No,Credit card,0,No,Yes,No,Yes,No internet service,No internet service,No internet service,No internet service,No internet service,No internet service,20.03,1439.95,No
10,Month-to-month,No,Mailed check,0,No,Yes,No,Yes,No internet service,No internet service,No internet service,No internet service,No internet service,No internet service,18.4,190.52,No
13,Month-to-month,Fiber optic,Bank transfer,0,Yes,No,Yes,Yes,Yes,No,No,No,Yes,Yes,81.52,1048.14,Yes
19,Month-to-month,DSL,Bank transfer,0,No,Yes,No,Yes,No,Yes,No,No,No,No,50.91,998.8,No
29,Month-to-month,Fiber optic,Credit card,0,No,No,No,No,Yes,Yes,Yes,No,No,Yes,94.37,2794.66,No
30,Month-to-month,No,Credit card,0,Yes,No,Yes,Yes,No internet service,No internet service,No internet service,No internet service,No internet service,No internet service,18.0,553.72,No
70,Two year,No,Electronic check,0,No,Yes,No,Yes,No internet service,No internet service,No internet service,No internet service,No internet service,No internet service,18.76,1252.62,No
27,Month-to-month,Fiber optic,Credit card,0,No,No,No,Yes,No,No,Yes,Yes,No,No,82.01,2228.39,Yes
50,Two year,Fiber optic,Electronic check,0,Yes,No,No,Yes,No,Yes,Yes,Yes,Yes,No,85.89,4487.48,No
38,Month-to-month,Fiber optic,Mailed check,0,No,No,Yes,Yes,No,No,Yes,No,No,Yes,74.88,2971.82,Yes
35,One year,Fiber optic,Credit card,0,No,Yes,Yes,Yes,Yes,No,Yes,No,Yes,Yes,95.8,3494.42,Yes
55,One year,No,Electronic check,0,Yes,Yes,Yes,Yes,No internet service,No internet service,No internet service,No internet service,No internet service,No internet service,21.57,1196.29,No
13,One year,Fiber optic,Electronic check,0,Yes,No,Yes,Yes,No,No,No,No,Yes,Yes,73.77,998.55,Yes
59,One year,No,Bank transfer,0,No,Yes,Yes,Yes,No internet service,No internet service,No internet service,No internet service,No internet service,No internet service,20.77,1227.2,No
24,One year,No,Credit card,1,No,No,No,No,No internet service,No internet service,No internet service,No internet service,No internet service,No internet service,18.0,413.31,No
31,Two year,No,Electronic check,1,No,Yes,Yes,Yes,No internet service,No internet service,No internet service,No internet service,No internet service,No internet service,23.27,739.6,No
17,One year,DSL,Bank transfer,0,No,No,Yes,No,No,No,Yes,Yes,Yes,No,63.82,1092.59,Yes
21,Month-to-month,Fiber optic,Mailed check,1,No,No,Yes,Yes,No,Yes,Yes,Yes,No,Yes,80.32,1738.82,Yes
55,Month-to-month,No,Mailed check,0,Yes,No,No,Yes,No internet service,No internet service,No internet service,No internet service,No internet service,No internet service,23.19,1262.2,No
35,One year,DSL,Bank transfer,1,Yes,No,No,Yes,No,Yes,No,No,Yes,No,59.64,2137.49,Yes
16,Month-to-month,No,Mailed check,1,No,Yes,Yes,Yes,No internet service,No internet service,No internet service,No internet service,No internet service,No internet service,18.52,291.67,No
30,Month-to-month,Fiber optic,Credit card,0,Yes,No,Yes,Yes,Yes,No,No,Yes,No,No,77.0,2376.9,No
29,One year,Fiber optic,Bank transfer,0,No,No,Yes,Yes,Yes,No,No,No,No,No,70.8,2020.66,No
16,Month-to-month,No,Credit card,0,Yes,No,No,Yes,No internet service,No internet service,No internet service,No internet service,No internet service,No internet service,18.0,290.53,No
48,Two year,No,Credit card,0,Yes,Yes,No,Yes,No internet service,No internet service,No internet service,No internet service,No internet service,No internet service,20.91,1015.6,No
69,One year,Fiber optic,Electronic check,0,No,No,No,Yes,Yes,Yes,Yes,No,Yes,No,89.32,5962.96,No
39,One year,DSL,Bank transfer,0,Yes,Yes,No,Yes,No,No,No,Yes,No,Yes,52.36,2057.18,No
50,One year,Fiber optic,Bank transfer,0,Yes,No,No,No,No,No,No,Yes,No,Yes,74.01,3801.64,No
43,Two year,DSL,Electronic check,0,No,Yes,Yes,Yes,Yes,No,No,Yes,Yes,Yes,69.16,2916.15,No
20,One year,Fiber optic,Bank transfer,1,No,No,Yes,Yes,No,No,No,Yes,Yes,No,76.93,1588.28,No
65,Two year,Fiber optic,Bank transfer,0,Yes,Yes,Yes,Yes,No,No,Yes,Yes,Yes,Yes,93.08,6133.03,No
22,Month-to-month,Fiber optic,Electronic check,0,Yes,Yes,Yes,Yes,No,No,No,Yes,Yes,Yes,82.33,1833.0,Yes
54,One year,Fiber optic,Mailed check,0,No,No,Yes,Yes,No,No,Yes,Yes,Yes,No,86.9,4777.03,Yes
24,One year,DSL,Mailed check,0,No,Yes,Yes,Yes,No,No,Yes,No,No,No,54.84,1352.12,No
17,Month-to-month,Fiber optic,Mailed check,1,Yes,No,Yes,Yes,Yes,No,Yes,Yes,Yes,No,92.51,1615.41,No
0,Month-to-month,DSL,Credit card,0,Yes,No,Yes,Yes,No,No,No,No,No,Yes,48.35,48.01,No
30,One year,DSL,Electronic check,0,No,No,No,Yes,Yes,No,No,Yes,Yes,Yes,68.54,2114.9,No
0,Month-to-month,DSL,Bank transfer,0,Yes,Yes,Yes,Yes,Yes,No,No,Yes,Yes,Yes,63.59,64.14,Yes
49,Two year,DSL,Bank transfer,0,No,No,Yes,Yes,No,No,Yes,No,Yes,Yes,69.34,3390.46,No
39,Month-to-month,Fiber optic,Mailed check,0,Yes,No,Yes,Yes,Yes,No,No,Yes,Yes,Yes,91.25,3695.47,No
4,Month-to-month,Fiber optic,Mailed check,0,No,No,Yes,Yes,No,Yes,No,Yes,No,No,81.65,326.19,No
24,One year,No,Electronic check,0,No,Yes,No,Yes,No internet service,No internet service,No internet service,No internet service,No internet service,No internet service,21.96,526.34,No
15,Month-to-month,No,Electronic check,0,Yes,No,Yes,No,No internet service,No internet service,No internet service,No internet service,No internet service,No internet service,24.15,347.88,Yes
15,Month-to-month,No,Mailed check,0,No,No,No,Yes,No internet service,No internet service,No internet service,No internet service,No internet service,No internet service,18.91,294.21,Yes
50,One year,No,Electronic check,0,Yes,Yes,No,Yes,No internet service,No internet service,No internet service,No internet service,No internet service,No internet service,20.43,1048.34,No
0,Month-to-month,DSL,Credit card,0,No,Yes,No,Yes,Yes,No,No,No,Yes,Yes,59.24,61.51,Yes
0,Month-to-month,No,Bank transfer,0,No,No,No,Yes,No internet service,No internet service,No internet service,No internet service,No internet service,No internet service,22.83,23.97,Yes
39,One year,DSL,Electronic check,0,Yes,Yes,Yes,Yes,Yes,Yes,Yes,Yes,Yes,Yes,89.1,3397.56,No
65,One year,No,Mailed check,0,No,No,Yes,Yes,No internet service,No internet service,No internet service,No internet service,No internet service,No internet service,22.87,1535.98,No
51,Two year,No,Credit card,1,No,No,No,Yes,No internet service,No internet service,No internet service,No internet service,No internet service,No internet service,22.18,1153.8,No
24,Month-to-month,No,Electronic check,0,Yes,No,No,Yes,No internet service,No internet service,No internet service,No internet service,No internet service,No internet service,19.62,467.81,No
17,Month-to-month,Fiber optic,Bank transfer,0,Yes,No,No,Yes,Yes,Yes,No,No,Yes,Yes,87.63,1558.51,No
66,Two year,Fiber optic,Electronic check,1,No,No,Yes,Yes,Yes,Yes,No,No,Yes,No,82.16,5313.34,No
33,One year,Fiber optic,Credit card,0,Yes,Yes,Yes,Yes,No,No,No,Yes,No,Yes,79.27,2522.55,Yes
17,Month-to-month,Fiber optic,Mailed check,0,No,No,Yes,Yes,No,Yes,No,Yes,Yes,No,81.24,1339.58,Yes
72,Two year,No,Mailed check,0,Yes,No,No,Yes,No internet service,No internet service,No internet service,No internet service,No internet service,No internet service,18.0,1321.14,No
36,Month-to-month,DSL,Mailed check,0,No,No,Yes,Yes,No,No,No,No,No,No,45.36,1684.4,No
43,Two year,Fiber optic,Mailed check,0,Yes,No,Yes,Yes,No,No,Yes,Yes,Yes,No,85.64,3715.64,No
27,One year,DSL,Bank transfer,0,Yes,No,Yes,Yes,Yes,No,Yes,No,No,Yes,57.38,1547.63,No
44,Two year,Fiber optic,Electronic check,0,No,Yes,Yes,Yes,No,No,No,Yes,No,No,74.46,3277.48,No
36,Two year,DSL,Electronic check,0,No,Yes,Yes,Yes,No,No,No,No,No,No,40.65,1400.49,No
9,Month-to-month,Fiber optic,Electronic check,0,Yes,Yes,Yes,Yes,No,Yes,No,Yes,No,Yes,84.86,788.64,No
52,Two year,DSL,Bank transfer,0,No,Yes,Yes,Yes,No,No,No,No,Yes,No,48.71,2512.8,No
6,Month-to-month,DSL,Credit card,0,No,No,Yes,Yes,Yes,No,Yes,Yes,No,Yes,71.43,415.7,Yes
46,One year,DSL,Electronic check,0,Yes,Yes,Yes,Yes,No,No,No,No,Yes,Yes,59.37,2601.29,Yes
11,One year,DSL,Credit card,0,No,No,Yes,Yes,No,No,Yes,Yes,Yes,No,62.16,670.13,No
0,Month-to-month,Fiber optic,Credit card,0,No,Yes,No,No,No,Yes,No,No,Yes,No,84.4,81.42,Yes
29,Month-to-month,DSL,Electronic check,0,Yes,No,No,Yes,No,No,Yes,No,Yes,No,53.77,1616.66,No
48,Month-to-month,Fiber optic,Electronic check,0,No,No,No,Yes,No,Yes,No,No,Yes,Yes,81.44,4083.12,No
22,Month-to-month,DSL,Mailed check,0,No,No,Yes,Yes,No,No,No,No,No,Yes,52.28,1134.13,Yes
5,Month-to-month,DSL,Electronic check,0,Yes,No,No,Yes,No,Yes,Yes,Yes,No,No,63.87,313.3,Yes
36,Two year,DSL,Bank transfer,0,No,No,Yes,Yes,No,Yes,Yes,No,No,No,59.25,2225.31,No
12,Month-to-month,No,Mailed check,0,Yes,No,Yes,Yes,No internet service,No internet service,No internet service,No internet service,No internet service,No internet service,20.93,244.94,No
72,Two year,Fiber optic,Mailed check,0,No,No,No,No,Yes,No,No,No,No,Yes,73.45,5195.88,No
62,Two year,No,Bank transfer,0,No,No,Yes,Yes,No internet service,No internet service,No internet service,No internet service,No internet service,No internet service,18.0,1080.84,No
18,One year,Fiber optic,Electronic check,0,Yes,No,Yes,Yes,No,No,Yes,Yes,Yes,No,83.28,1479.58,No
24,Month-to-month,DSL,Credit card,0,Yes,No,Yes,Yes,No,No,No,Yes,No,Yes,55.06,1269.36,Yes
72,Two year,No,Bank transfer,0,Yes,No,No,Yes,No internet service,No internet service,No internet service,No internet service,No internet service,No internet service,21.34,1529.28,No
57,One year,DSL,Mailed check,0,No,No,No,Yes,Yes,No,No,Yes,No,Yes,59.36,3470.12,No
59,One year,No,Mailed check,0,No,Yes,Yes,Yes,No internet service,No internet service,No internet service,No internet service,No internet service,No internet service,18.22,1098.43,No
67,Two year,No,Electronic check,0,No,Yes,Yes,Yes,No internet service,No internet service,No internet service,No internet service,No internet service,No internet service,18.0,1146.9,No
17,One year,Fiber optic,Credit card,0,No,No,Yes,Yes,No,No,No,Yes,No,No,70.43,1247.64,No
5,Month-to-month,No,Mailed check,0,No,No,Yes,Yes,No internet service,No internet service,No internet service,No internet service,No internet service,No internet service,18.92,96.23,Yes
72,Two year,No,Credit card,0,Yes,No,Yes,Yes,No internet service,No internet service,No internet service,No internet service,No internet service,No internet service,18.0,1249.99,No
13,Month-to-month,Fiber optic,Credit card,1,No,No,Yes,No,No,Yes,No,Yes,No,No,80.04,993.37,Yes
24,Two year,Fiber optic,Mailed check,0,Yes,Yes,No,Yes,No,Yes,No,Yes,Yes,No,82.71,1892.91,No
28,Month-to-month,Fiber optic,Bank transfer,0,Yes,No,No,No,No,No,Yes,Yes,Yes,Yes,88.44,2363.55,Yes
35,Month-to-month,No,Bank transfer,0,Yes,Yes,Yes,Yes,No internet service,No internet service,No internet service,No internet service,No internet service,No internet service,19.51,673.99,No
17,Month-to-month,No,Electronic check,0,No,No,Yes,Yes,No internet service,No internet service,No internet service,No internet service,No internet service,No internet service,20.84,366.64,No
27,Month-to-month,No,Credit card,0,No,No,No,Yes,No internet service,No internet service,No internet service,No internet service,No internet service,No internet service,18.0,471.79,No
41,Two year,Fiber optic,Mailed check,0,Yes,No,Yes,Yes,No,No,No,Yes,No,Yes,79.74,3315.29,No
11,Month-to-month,Fiber optic,Credit card,0,No,No,Yes,Yes,No,No,Yes,No,Yes,No,79.1,852.71,Yes
9,One year,DSL,Bank transfer,0,No,No,Yes,Yes,Yes,No,Yes,No,Yes,Yes,66.31,603.95,No
1,Month-to-month,Fiber optic,Electronic check,0,No,No,No,Yes,No,No,Yes,Yes,No,No,78.84,78.61,No
72,Two year,Fiber optic,Mailed check,0,Yes,Yes,Yes,No,No,No,No,No,Yes,No,72.54,5209.22,No
0,Month-to-month,Fiber optic,Electronic check,0,Yes,No,Yes,Yes,No,No,No,No,No,No,63.95,65.46,Yes
12,Month-to-month,Fiber optic,Electronic check,0,Yes,No,No,Yes,No,No,Yes,Yes,Yes,No,82.49,989.61,No
9,Month-to-month,Fiber optic,Bank transfer,0,No,No,Yes,Yes,No,No,No,No,Yes,Yes,79.78,702.33,Yes
48,One year,DSL,Electronic check,0,No,Yes,No,Yes,No,No,Yes,No,No,No,48.55,2221.44,No
20,Two year,Fiber optic,Credit card,0,Yes,Yes,Yes,Yes,No,No,No,Yes,No,Yes,73.66,1544.24,Yes
42,Two year,Fiber optic,Mailed check,0,Yes,No,Yes,Yes,Yes,No,No,No,Yes,No,75.29,3181.56,No
9,Month-to-month,DSL,Mailed check,0,No,No,Yes,Yes,No,Yes,No,No,Yes,Yes,58.7,546.06,No
24,Month-to-month,No,Electronic check,1,No,No,No,Yes,No internet service,No internet service,No internet service,No internet service,No internet service,No internet service,20.1,459.67,Yes
18,Month-to-month,DSL,Electronic check,0,Yes,Yes,Yes,Yes,No,No,No,No,Yes,No,48.51,856.6,Yes
0,Month-to-month,DSL,Bank transfer,0,No,No,Yes,Yes,No,Yes,No,Yes,Yes,No,58.85,55.96,No
33,One year,DSL,Mailed check,1,No,No,Yes,Yes,No,Yes,Yes,Yes,No,No,65.44,2219.25,No
6,Month-to-month,DSL,Bank transfer,0,No,No,No,No,No,No,Yes,Yes,No,No,53.56,319.84,No
45,One year,DSL,Mailed check,1,Yes,Yes,No,Yes,No,Yes,Yes,No,No,Yes,70.59,3233.42,No
50,Two year,DSL,Electronic check,0,No,No,No,Yes,Yes,No,Yes,No,Yes,Yes,68.0,3426.73,No
46,Month-to-month,DSL,Mailed check,0,No,No,Yes,Yes,No,No,No,No,Yes,Yes,61.39,2934.71,No
7,Month-to-month,DSL,Electronic check,0,No,Yes,Yes,Yes,Yes,No,Yes,No,Yes,No,68.9,479.81,Yes
9,Month-to-month,Fiber optic,Electronic check,0,Yes,Yes,Yes,Yes,No,No,No,No,No,No,60.86,541.39,Yes
9,Month-to-month,Fiber optic,Bank transfer,1,Yes,No,Yes,Yes,Yes,No,No,Yes,Yes,No,87.92,778.01,Yes
15,Month-to-month,Fiber optic,Electronic check,1,Yes,No,No,Yes,No,Yes,No,No,No,No,71.92,1124.01,Yes
51,One year,Fiber optic,Electronic check,0,Yes,Yes,No,Yes,No,No,No,No,No,Yes,66.41,3456.59,No
11,Month-to-month,DSL,Mailed check,0,No,No,Yes,Yes,No,No,No,No,Yes,No,51.99,597.31,No
32,One year,DSL,Mailed check,0,Yes,No,No,Yes,No,No,Yes,No,Yes,Yes,66.7,2037.6,No
60,Two year,Fiber optic,Credit card,0,No,No,Yes,Yes,No,No,No,No,Yes,No,76.25,4631.9,No
39,Two year,Fiber optic,Credit card,0,No,Yes,Yes,Yes,No,No,No,Yes,Yes,Yes,90.8,3441.62,No
48,One year,Fiber optic,Bank transfer,0,No,No,Yes,Yes,No,No,Yes,Yes,No,Yes,83.42,4191.43,No
12,Month-to-month,DSL,Mailed check,0,Yes,No,Yes,Yes,No,Yes,No,No,No,Yes,60.84,747.61,No
4,Month-to-month,Fiber optic,Mailed check,0,Yes,Yes,Yes,Yes,Yes,No,Yes,Yes,Yes,No,90.35,362.75,No
